〇	ling4		0	136
㐀	jau1		0	205
㐁	dou6		0	198
㐂	cat1		0	205
㐃	zim1		0	205
㐄	kwaa1		0	205
㐅	ng5		0	198
㐆	ji1		0	205
㐇	gau2		0	205
㐈	jap6		0	205
㐉	ding1		0	205
㐊	si6		0	205
㐋	tou2		0	205
㐌	ji4		0	205
㐍	zaau2		0	205
㐎	man4		0	205
㐏	ng5		0	205
㐐	nou4		0	205
㐑	dung1		0	205
㐒	ziu6		0	205
㐓	ho2		0	205
㐔	hang1		0	205
㐕	jau4		0	205
㐖	kit3		0	205
㐗	lou5		0	205
㐘	mai5		0	205
㐙	dau6		0	205
㐚	ng4		0	205
㐛	jau6		0	205
㐜	sau4		0	205
㐝	keoi1		0	205
㐞	kei4		0	205
㐟	fei1		0	205
㐠	jyu5		0	205
㐡	no6		0	205
㐢	fau4		0	205
㐣	fu3		0	205
㐤	daan1		0	205
㐥	co4		0	205
㐦	geoi2		0	205
㐧	dai6		0	205
㐨	zeoi6		0	205
㐩	jing4		0	205
㐪	hoi6		0	205
㐫	hung1		0	205
㐬	lau4		0	205
㐭	lam5		0	205
㐮	soeng1		0	205
㐯	jung4		0	205
㐰	seon3		0	205
㐱	can2		0	205
㐲	daai6		0	205
㐳	ngat6		0	205
㐴	paan1		0	205
㐵	jyu4		0	205
㐶	ci5		0	205
㐷	maa6	maa3	1	205
㐸	him3		0	205
㐹	ngat6		0	205
㐺	jam4		0	205
㐻	noi6		0	205
㐼	cing2		0	205
㐽	fung1		0	205
㐾	wun6		0	205
㐿	sau2		0	205
㑀	taai3		0	205
㑁	zeot1		0	205
㑂	fong2		0	205
㑃	aau2		0	205
㑄	mou5		0	205
㑅	zok3		0	205
㑆	hing1		0	205
㑇	zau3	cau1	1	205
㑈	dung1		0	205
㑉	suk1		0	205
㑊	jik6		0	205
㑋	hung3		0	205
㑌	hong1		0	205
㑍	loi6		0	205
㑎	nou5		0	205
㑏	cyu5		0	205
㑐	suk1		0	205
㑑	zat6		0	205
㑒	cim1		0	205
㑓	zeon3		0	205
㑔	seoi2		0	205
㑕	seoi3		0	205
㑖	zung6		0	205
㑗	san1		0	205
㑘	gaai3		0	205
㑙	dip3		0	205
㑚	naa5		0	205
㑛	suk1		0	205
㑜	jai6		0	205
㑝	lung6		0	205
㑞	jing6		0	205
㑟	bang2		0	205
㑠	gin1		0	205
㑡	zik1		0	205
㑢	koek3		0	205
㑣	laam4		0	205
㑤	maau4		0	205
㑥	ji6		0	205
㑦	lai6		0	205
㑧	gwai3		0	205
㑨	jyu5		0	205
㑩	lo4		0	205
㑪	caai4		0	205
㑫	lim6	nim6	1	205
㑬	gu1		0	205
㑭	bei2		0	205
㑮	wan4		0	205
㑯	seoi2		0	205
㑰	fui3		0	205
㑱	jiu5		0	205
㑲	naam4		0	205
㑳	cau1	zau3	1	205
㑴	cam1		0	205
㑵	zat6		0	205
㑶	hei3		0	205
㑷	taai3		0	205
㑸	jiu4		0	205
㑹	wui6		0	205
㑺	zeon3		0	205
㑻	maat3		0	205
㑼	loek6		0	205
㑽	tong4		0	205
㑾	jiu4		0	205
㑿	zaau6		0	205
㒀	zaak6		0	205
㒁	jyu5		0	205
㒂	zoek3		0	205
㒃	ji6		0	205
㒄	jin5		0	205
㒅	kai2		0	205
㒆	kap1		0	205
㒇	mou5		0	205
㒈	haam3		0	205
㒉	cong2		0	205
㒊	saap3		0	205
㒋	si1		0	205
㒌	king4		0	205
㒍	leoi4		0	205
㒎	saap3		0	205
㒏	hon4		0	205
㒐	seon2		0	205
㒑	fui2		0	205
㒒	buk6		0	205
㒓	daat3	taat3	1	205
㒔	suk6		0	205
㒕	ong1		0	205
㒖	ngau5		0	205
㒗	toi4		0	205
㒘	syu6		0	205
㒙	min4		0	205
㒚	jan3		0	205
㒛	tiu5		0	205
㒜	jyu5		0	205
㒝	mit6		0	205
㒞	wai6		0	205
㒟	niu5		0	205
㒠	haai6		0	205
㒡	jau4		0	205
㒢	joek6		0	205
㒣	jing3		0	205
㒤	cip3		0	205
㒥	fung1		0	205
㒦	leoi5		0	205
㒧	lai6		0	205
㒨	sin1		0	205
㒩	lo2		0	205
㒪	sek3		0	205
㒫	gei3		0	205
㒬	wong1		0	205
㒭	kwan1		0	205
㒮	fui1		0	205
㒯	jip6		0	205
㒰	cyun4		0	205
㒱	zik6		0	205
㒲	coi4		0	205
㒳	loeng5		0	205
㒴	gwat1		0	205
㒵	maau6		0	205
㒶	gung1		0	205
㒷	hing1		0	205
㒸	seoi6		0	205
㒹	din1		0	205
㒺	mong5		0	205
㒻	mou6		0	205
㒼	mang4	mun4	1	205
㒽	hyun1		0	205
㒾	ci3		0	205
㒿	lei4		0	205
㓀	buk1		0	205
㓁	mong5		0	205
㓂	kau3		0	205
㓃	dou3		0	205
㓄	zam3		0	205
㓅	ting1		0	205
㓆	leon4		0	205
㓇	juk1		0	205
㓈	bing3		0	205
㓉	wut6		0	205
㓊	dung6		0	205
㓋	gung6		0	205
㓌	cang1		0	205
㓍	cung1		0	205
㓎	cam1		0	205
㓏	gwing2		0	205
㓐	luk6		0	205
㓑	jing6		0	205
㓒	cat1		0	205
㓓	naam4		0	205
㓔	ze6		0	205
㓕	mit6		0	205
㓖	bat1		0	205
㓗	git3		0	205
㓘	suk1		0	205
㓙	hung1		0	205
㓚	gung1		0	205
㓛	gung1		0	205
㓜	jau3		0	205
㓝	jing4		0	205
㓞	kai3	kit3	1	205
㓟	pai1		0	205
㓠	dim3		0	205
㓡	fu2		0	205
㓢	lok6		0	205
㓣	hap1		0	205
㓤	gat1		0	205
㓥	tong1		0	205
㓦	baak3	maak3	1	205
㓧	gam1		0	205
㓨	ci3		0	205
㓩	hyun1		0	205
㓪	long5		0	205
㓫	fu1		0	205
㓬	fu1		0	205
㓭	hot3		0	205
㓮	diu1		0	205
㓯	lei4		0	205
㓰	waak6		0	205
㓱	tau4		0	205
㓲	pin1		0	205
㓳	dai1		0	205
㓴	jyun5		0	205
㓵	ngok6		0	205
㓶	kit3		0	205
㓷	ji6		0	205
㓸	zoek3		0	205
㓹	jeoi6		0	205
㓺	kin4		0	205
㓻	gong1		0	205
㓼	cat1		0	205
㓽	sung4		0	205
㓾	sai1		0	205
㓿	syu2		0	205
㔀	king4		0	205
㔁	dang1		0	205
㔂	leon4		0	205
㔃	zyut6		0	205
㔄	suk1		0	205
㔅	siu3		0	205
㔆	caam5		0	205
㔇	put3		0	205
㔈	fei6		0	205
㔉	zuk1		0	205
㔊	zin2		0	205
㔋	gaam3		0	205
㔌	zau6		0	205
㔍	caat3		0	205
㔎	sit3		0	205
㔏	lik6		0	205
㔐	cim1		0	205
㔑	cat1		0	205
㔒	kwai4		0	205
㔓	gin2		0	205
㔔	gaa1		0	205
㔕	gat6		0	205
㔖	gaa1		0	205
㔗	fai6		0	205
㔘	ceot1		0	205
㔙	paang1		0	205
㔚	hau2		0	205
㔛	kit3		0	205
㔜	but6		0	205
㔝	loeng5		0	205
㔞	gwaai1		0	205
㔟	sai3		0	205
㔠	hat6		0	205
㔡	bit3		0	205
㔢	dyut3		0	205
㔣	leoi6		0	205
㔤	san3		0	205
㔥	baa6		0	205
㔦	joeng5		0	205
㔧	leoi6		0	205
㔨	bui3		0	205
㔩	ap1	hap6	1	205
㔪	lou5		0	205
㔫	lung4		0	205
㔬	coek3		0	205
㔭	ci4		0	205
㔮	no4		0	205
㔯	syun4		0	205
㔰	hang4		0	205
㔱	jyu4		0	205
㔲	gwai2		0	205
㔳	gwai2		0	205
㔴	jik6		0	205
㔵	syun2		0	205
㔶	gung3		0	205
㔷	lau6		0	205
㔸	tai1		0	205
㔹	lak6		0	205
㔺	sai3		0	205
㔻	pei1		0	205
㔼	seon2		0	205
㔽	jau5		0	205
㔾	cim1	zit3	1	205
㔿	zau3		0	205
㕀	wai3		0	205
㕁	koek3		0	205
㕂	jam4		0	205
㕃	kai1		0	205
㕄	zi2		0	205
㕅	gaap3		0	205
㕆	wu6		0	205
㕇	laap6		0	205
㕈	ji2		0	205
㕉	hap6		0	205
㕊	bou1		0	205
㕋	kam4		0	205
㕌	ngoi6		0	205
㕍	deoi1		0	205
㕎	hap6		0	205
㕏	cyu4		0	205
㕐	se2		0	205
㕑	ceoi4	cyu4	1	160
㕒	ngai4		0	205
㕓	cin4		0	205
㕔	teng1	ting1	1	205
㕕	waan6		0	205
㕖	sou3		0	205
㕗	jau5		0	205
㕘	caam1	sam1	1	205
㕙	zeon3		0	205
㕚	caa1	zaau2	1	205
㕛	jau5		0	205
㕜	si2		0	205
㕝	si6		0	205
㕞	caat3		0	205
㕟	wai2		0	205
㕠	soeng1		0	205
㕡	kok3		0	205
㕢	haai6		0	205
㕣	jin5		0	205
㕤	kau4		0	205
㕥	ji5		0	205
㕦	waa6		0	205
㕧	si1		0	205
㕨	faan6		0	205
㕩	pong3		0	205
㕪	dam2		0	205
㕫	fung1		0	205
㕬	zung1		0	205
㕭	aau3	jiu1 jaau1	1	205
㕮	fu2		0	205
㕯	neot6		0	205
㕰	hok3		0	205
㕱	jau4		0	205
㕲	muk1		0	205
㕳	hung1		0	205
㕴	sam2		0	205
㕵	gwok3		0	205
㕶	ng6		0	205
㕷	waak1		0	205
㕸	lap1		0	205
㕹	fat6		0	205
㕺	hiu1		0	205
㕻	tau3		0	205
㕼	hung1		0	205
㕽	ci5		0	205
㕾	siu2		0	205
㕿	wo4		0	205
㖀	leot6		0	205
㖁	leon6		0	205
㖂	jai6		0	205
㖃	hau2		0	205
㖄	zau1		0	205
㖅	seot1		0	205
㖆	kuk1		0	205
㖇	ji4		0	205
㖈	lou5		0	205
㖉	kei5		0	205
㖊	cam4		0	205
㖋	gaai3		0	205
㖌	sau4		0	205
㖍	dau2		0	205
㖎	gaai3		0	205
㖏	nit6		0	205
㖐	wai5		0	205
㖑	haai3		0	205
㖒	tai4		0	205
㖓	hung4		0	205
㖔	tan3		0	205
㖕	san1		0	205
㖖	ngot6		0	205
㖗	jam4		0	205
㖘	san2	seon2	1	205
㖙	gaa1		0	205
㖚	fu6		0	205
㖛	gu2		0	205
㖜	jing1		0	205
㖝	mei6		0	205
㖞	waa1	wo5 wo3	1	205
㖟	sau6		0	205
㖠	naa5		0	205
㖡	e6	je6 nge6	1	205
㖢	ci1		0	205
㖣	tau3		0	205
㖤	haam4		0	205
㖥	leon1		0	205
㖦	dung2		0	205
㖧	fan1	man5	1	205
㖨	luk6		0	205
㖩	zeoi1		0	205
㖪	waak6		0	205
㖫	ling4		0	205
㖬	sau1		0	205
㖭	tim1		0	205
㖮	leon4		0	205
㖯	tung4		0	205
㖰	tung4		0	205
㖱	je6		0	205
㖲	jyu4		0	205
㖳	jyu5		0	205
㖴	man5		0	205
㖵	got3		0	205
㖶	jin1		0	205
㖷	si4		0	205
㖸	laa1		0	205
㖹	pan3		0	205
㖺	ceon2		0	205
㖻	nau4		0	205
㖼	mau4		0	205
㖽	zaak3		0	205
㖾	ngok6		0	205
㖿	je5		0	205
㗀	jau1		0	205
㗁	ngok6		0	205
㗂	saang2		0	205
㗃	man5		0	205
㗄	ku1		0	205
㗅	wu4		0	205
㗆	gaak3		0	205
㗇	gaa5	haa1	1	205
㗈	maan6		0	205
㗉	loek6		0	205
㗊	leoi4		0	205
㗋	hau4		0	205
㗌	zat1		0	205
㗍	zaai1		0	205
㗎	gaa3	gaa2	1	57
㗏	waai1	wai1	1	205
㗐	haap3		0	205
㗑	baai3		0	205
㗒	oi1		0	205
㗓	zeoi1		0	205
㗔	hin1		0	205
㗕	gau3		0	205
㗖	daam6		0	205
㗗	bei2		0	205
㗘	bok3		0	205
㗙	co1		0	205
㗚	leot6		0	205
㗛	siu3		0	205
㗜	cau3		0	205
㗝	gou1		0	205
㗞	po3		0	205
㗟	zyu3		0	205
㗠	ci2		0	205
㗡	jing4		0	205
㗢	hung4		0	205
㗣	tai3		0	205
㗤	zuk1		0	205
㗥	kwok3		0	205
㗦	lou4		0	205
㗧	zat1		0	205
㗨	haai1		0	205
㗩	sap1		0	205
㗪	pei1		0	205
㗫	cit3		0	205
㗬	zaa1		0	205
㗭	sik1		0	205
㗮	gang1		0	205
㗯	ze2		0	205
㗰	cung4		0	205
㗱	zaap6	zep6	1	205
㗲	waak1		0	205
㗳	dap1		0	205
㗴	ngaan4		0	205
㗵	fat1		0	205
㗶	put3		0	205
㗷	coi3		0	205
㗸	haam4		0	205
㗹	wai4		0	205
㗺	saap3		0	205
㗻	go6		0	205
㗼	jip6		0	205
㗽	hoeng2		0	205
㗾	hoe1	hoe4	1	205
㗿	ho1		0	205
㘀	zok3		0	205
㘁	jik6		0	205
㘂	ci4		0	205
㘃	je5		0	205
㘄	lang1		0	205
㘅	haam4		0	205
㘆	toi2		0	205
㘇	wing4		0	205
㘈	jik6		0	205
㘉	zik1	zit1	1	205
㘊	kap1		0	205
㘋	jin4		0	205
㘌	koek6		0	205
㘍	zat1		0	205
㘎	haam3	haam2	1	205
㘏	dou6		0	205
㘐	paau3		0	205
㘑	lai6		0	205
㘒	zung2		0	205
㘓	laan4		0	205
㘔	coi3		0	205
㘕	haam3		0	205
㘖	ngaan4		0	205
㘗	keoi1		0	205
㘘	lyun2		0	205
㘙	ngaam4		0	205
㘚	haam2	haam3	1	205
㘛	ham1		0	205
㘜	cau4		0	205
㘝	laap6	naap6	1	205
㘞	wo6		0	205
㘟	coeng1		0	205
㘠	bik1		0	205
㘡	haap6		0	205
㘢	wang2		0	205
㘣	syun4		0	205
㘤	waan1		0	205
㘥	jau4	ngo4	1	205
㘦	kan4		0	205
㘧	zeoi6		0	205
㘨	nip6		0	205
㘩	bei6		0	205
㘪	hou3		0	205
㘫	ging2		0	205
㘬	aau3		0	205
㘭	aau1	aau3 aau2	1	205
㘮	jik6		0	205
㘯	coeng4		0	205
㘰	zam1		0	205
㘱	taan1		0	205
㘲	guk1		0	205
㘳	jau1		0	205
㘴	zo6		0	205
㘵	bou3		0	205
㘶	git6		0	205
㘷	ngaai6		0	205
㘸	zong3		0	205
㘹	ci4		0	205
㘺	fat6		0	205
㘻	jan1		0	205
㘼	haau2		0	205
㘽	zoi1		0	205
㘾	jyu5		0	205
㘿	nit6		0	205
㙀	lau6		0	205
㙁	mui4		0	205
㙂	deoi6		0	205
㙃	bang1		0	205
㙄	bai6		0	205
㙅	bou2		0	205
㙆	wang4		0	205
㙇	cuk1		0	205
㙈	haa3		0	205
㙉	tin2		0	205
㙊	coeng4		0	205
㙋	gei1		0	205
㙌	suk1		0	205
㙍	zeoi3		0	205
㙎	wai1		0	205
㙏	fuk1		0	205
㙐	do2		0	205
㙑	jyu5		0	205
㙒	je5		0	205
㙓	kwai4		0	205
㙔	wai5		0	205
㙕	faai3		0	205
㙖	jyu5		0	205
㙗	wui1		0	205
㙘	jiu1		0	205
㙙	lung5		0	205
㙚	sing1		0	205
㙛	bou2		0	205
㙜	kok3		0	205
㙝	hip3		0	205
㙞	ngat6		0	205
㙟	long5		0	205
㙠	ai1		0	205
㙡	zung1		0	205
㙢	mun4		0	205
㙣	zoeng3		0	205
㙤	laa3		0	205
㙥	gwan3		0	205
㙦	ce4		0	205
㙧	lau6		0	205
㙨	gei1		0	205
㙩	liu4		0	205
㙪	ai3		0	205
㙫	cap1		0	205
㙬	ngan4		0	205
㙭	kyut3		0	205
㙮	daap3		0	205
㙯	ngai6		0	205
㙰	haai5		0	205
㙱	gou2		0	205
㙲	jung1		0	205
㙳	ham2		0	205
㙴	cim3		0	205
㙵	toi4		0	205
㙶	tong4		0	205
㙷	zaap6		0	205
㙸	pok3		0	205
㙹	mung6		0	205
㙺	kwai4		0	205
㙻	cin4		0	205
㙼	leoi5		0	205
㙽	sik1		0	205
㙾	hok6		0	205
㙿	hei1		0	205
㚀	hei1		0	205
㚁	kiu3		0	205
㚂	nong6		0	205
㚃	wan1		0	205
㚄	zi3		0	205
㚅	lung4		0	205
㚆	fuk6		0	205
㚇	zung1		0	205
㚈	ngoi6		0	205
㚉	gu2		0	205
㚊	hoi1		0	205
㚋	diu1		0	205
㚌	fo2		0	205
㚍	fui2		0	205
㚎	heoi3		0	205
㚏	gou2		0	205
㚐	tou3		0	205
㚑	ling4		0	205
㚒	sim2		0	205
㚓	loi4		0	205
㚔	nip6		0	205
㚕	bat6		0	205
㚖	gou2		0	205
㚗	ce4		0	205
㚘	bun6		0	205
㚙	gaa1		0	205
㚚	kwang1		0	205
㚛	hai3		0	205
㚜	wik6		0	205
㚝	zeoi1		0	205
㚞	sam2		0	205
㚟	coek3		0	205
㚠	hiu1		0	205
㚡	gei2		0	205
㚢	nou4		0	205
㚣	gaau2		0	205
㚤	jik6		0	205
㚥	jyu1		0	205
㚦	gei1		0	205
㚧	cim1		0	205
㚨	san1		0	205
㚩	jim5		0	205
㚪	hou3		0	205
㚫	saap3		0	205
㚬	gwan1		0	205
㚭	jau4		0	205
㚮	daam1		0	205
㚯	cam4		0	205
㚰	pui1		0	205
㚱	jau1		0	205
㚲	cim1		0	205
㚳	aa3		0	205
㚴	pou3		0	205
㚵	dung1		0	205
㚶	ci5		0	205
㚷	naai5		0	205
㚸	si1		0	205
㚹	maau4		0	205
㚺	jan6		0	205
㚻	gai1		0	205
㚼	lau2	nau2	1	205
㚽	haau2		0	205
㚾	hing1		0	205
㚿	baau1		0	205
㛀	co4		0	205
㛁	paang1		0	205
㛂	no4		0	205
㛃	git3		0	205
㛄	ji1		0	205
㛅	nei6		0	205
㛆	do3		0	205
㛇	zong1		0	205
㛈	haau2		0	205
㛉	jiu3		0	205
㛊	do3		0	205
㛋	nei5		0	205
㛌	mau4		0	205
㛍	hip3		0	205
㛎	leoi5		0	205
㛏	kau4		0	205
㛐	sou2		0	205
㛑	caan3		0	205
㛒	dau6		0	205
㛓	hei1		0	205
㛔	fung1		0	205
㛕	jap1		0	205
㛖	so1		0	205
㛗	ce1		0	205
㛘	put3		0	205
㛙	san1		0	205
㛚	tung2		0	205
㛛	san1		0	205
㛜	jau4		0	205
㛝	bui3		0	205
㛞	lung6		0	205
㛟	wun6		0	205
㛠	haan5		0	205
㛡	wan6		0	205
㛢	sau3		0	205
㛣	wan4		0	205
㛤	lei4		0	205
㛥	taap3		0	205
㛦	lam5		0	205
㛧	man5		0	205
㛨	koeng2		0	205
㛩	zuk6		0	205
㛪	jim3		0	205
㛫	sik1		0	205
㛬	luk6		0	205
㛭	sik1		0	205
㛮	sou2		0	205
㛯	faan3		0	205
㛰	fan1		0	205
㛱	wui2		0	205
㛲	faat3		0	205
㛳	jai6		0	205
㛴	nou5		0	205
㛵	cing1		0	205
㛶	taan3		0	205
㛷	gai1		0	205
㛸	syu6		0	205
㛹	pin4		0	205
㛺	jam1		0	205
㛻	waai1		0	205
㛼	caap3		0	205
㛽	saan1		0	205
㛾	haam4		0	205
㛿	daai3		0	205
㜀	soeng1		0	205
㜁	caa4		0	205
㜂	fung1		0	205
㜃	lyun2		0	205
㜄	cam4		0	205
㜅	huk1		0	205
㜆	mai6		0	205
㜇	wai3		0	205
㜈	muk6		0	205
㜉	jung1		0	205
㜊	zin2		0	205
㜋	jik1		0	205
㜌	lau5	nau5	1	205
㜍	tong4		0	205
㜎	hai4		0	205
㜏	wan4		0	205
㜐	syu6		0	205
㜑	po4		0	205
㜒	ngai6		0	205
㜓	daap3		0	205
㜔	ging2		0	205
㜕	lin4		0	205
㜖	cou4		0	205
㜗	caam1		0	205
㜘	ze1		0	205
㜙	luk6		0	205
㜚	suk1		0	205
㜛	jyun5		0	205
㜜	ngou6		0	205
㜝	ngam5		0	205
㜞	cim3		0	205
㜟	haam3		0	205
㜠	ceoi1		0	205
㜡	cung1		0	205
㜢	leoi5		0	205
㜣	jin4		0	205
㜤	nim5		0	205
㜥	maai4		0	205
㜦	cam4		0	205
㜧	jyut3		0	205
㜨	laai4	naai4	1	205
㜩	ou3		0	205
㜪	san1		0	205
㜫	mei5		0	205
㜬	daam1		0	205
㜭	dong1		0	205
㜮	laam6		0	205
㜯	hei1		0	205
㜰	joek6		0	205
㜱	zat1		0	205
㜲	jing4		0	205
㜳	waai4		0	205
㜴	mang6		0	205
㜵	niu5		0	205
㜶	min5		0	205
㜷	laai5	naai5	1	205
㜸	jip6	jit6	1	205
㜹	keoi4		0	205
㜺	zaan2		0	205
㜻	lyun2		0	205
㜼	zat6		0	205
㜽	zi2		0	205
㜾	haai4		0	205
㜿	zeoi6		0	205
㝀	hou2		0	205
㝁	hyun1		0	205
㝂	zai3		0	205
㝃	min5		0	205
㝄	seon4		0	205
㝅	gau3		0	205
㝆	hei2		0	205
㝇	seon4		0	205
㝈	lyun4		0	205
㝉	cyu5		0	205
㝊	sau2		0	205
㝋	liu4		0	205
㝌	gau3		0	205
㝍	se2		0	205
㝎	ding6		0	205
㝏	gaai3		0	205
㝐	jung4		0	205
㝑	pong4		0	205
㝒	geoi1		0	205
㝓	hap1		0	205
㝔	jiu2	jiu3	1	205
㝕	ling4	ning4	1	205
㝖	ji4		0	205
㝗	long4	long6	1	205
㝘	jung4		0	205
㝙	jan4		0	205
㝚	jin4		0	205
㝛	suk1		0	205
㝜	sik1		0	205
㝝	lam4		0	205
㝞	aa1		0	205
㝟	mou6		0	205
㝠	ming4		0	205
㝡	zeoi3		0	205
㝢	jyu5		0	205
㝣	ai3		0	205
㝤	gau3		0	205
㝥	mai4		0	205
㝦	zeon3		0	205
㝧	wan2		0	205
㝨	waan4		0	205
㝩	hoi1		0	205
㝪	dim3		0	205
㝫	lung4		0	205
㝬	wu4		0	205
㝭	sing2		0	205
㝮	ceoi3		0	205
㝯	kiu4		0	205
㝰	min4		0	205
㝱	mung6		0	205
㝲	cam2		0	205
㝳	sam1		0	205
㝴	jyun4		0	205
㝵	dak1		0	205
㝶	dak1		0	205
㝷	cam4		0	205
㝸	bin6		0	205
㝹	nau4		0	205
㝺	lim4		0	205
㝻	gan2		0	205
㝼	jyu1		0	205
㝽	seoi2		0	205
㝾	zo2		0	205
㝿	bai1	bo2	1	205
㞀	fui1		0	205
㞁	jiu6		0	205
㞂	teoi2		0	205
㞃	kek6		0	205
㞄	am1		0	205
㞅	lo6		0	205
㞆	gei2		0	205
㞇	wui2		0	205
㞈	but3		0	205
㞉	zaat3		0	205
㞊	seot1		0	205
㞋	nin2		0	205
㞌	jan6		0	205
㞍	jyun4		0	205
㞎	baa2		0	205
㞏	zaap6		0	205
㞐	geoi1		0	205
㞑	mei5		0	205
㞒	ai3	hei3	1	205
㞓	hai1	hei3	1	205
㞔	ji4		0	205
㞕	sit3		0	205
㞖	ci1		0	205
㞗	gau1	kau4	1	205
㞘	duk1		0	205
㞙	niu6		0	205
㞚	cap1		0	205
㞛	gei2		0	205
㞜	teoi1		0	205
㞝	cik1		0	205
㞞	cung4	sung4	1	205
㞟	din6		0	205
㞠	liu4		0	205
㞡	zin2		0	205
㞢	jau5	zi1	1	205
㞣	fan1		0	205
㞤	jam4		0	205
㞥	sam4		0	205
㞦	gei2		0	205
㞧	wui6		0	205
㞨	zi2		0	205
㞩	laam4		0	205
㞪	lou4	nou4	1	205
㞫	zau2		0	205
㞬	jan2		0	205
㞭	daai6		0	205
㞮	ngai4		0	205
㞯	hei2		0	205
㞰	heoi2		0	205
㞱	sung1		0	205
㞲	jung6		0	205
㞳	dau2		0	205
㞴	ci4		0	205
㞵	tou1		0	205
㞶	man4		0	205
㞷	wong4	wong5	1	205
㞸	seoi3		0	205
㞹	ho2		0	205
㞺	zuk6		0	205
㞻	hou6		0	205
㞼	sing4		0	205
㞽	hyut3		0	205
㞾	nei4		0	205
㞿	kei4		0	205
㟀	lin4		0	205
㟁	ngon6		0	205
㟂	mou5		0	205
㟃	si1		0	205
㟄	coeng4		0	205
㟅	ngong4		0	205
㟆	waa4		0	205
㟇	zo3		0	205
㟈	kau4		0	205
㟉	lou4		0	205
㟊	fau4		0	205
㟋	deoi6		0	205
㟌	mong4		0	205
㟍	long4		0	205
㟎	to2		0	205
㟏	ham4		0	205
㟐	mong5		0	205
㟑	but6		0	205
㟒	kwan1		0	205
㟓	kei4		0	205
㟔	ham4		0	205
㟕	giu3		0	205
㟖	lung6		0	205
㟗	ban1		0	205
㟘	tiu4		0	205
㟙	zaak6		0	205
㟚	kei4		0	205
㟛	zaam6		0	205
㟜	mei4		0	205
㟝	pui4		0	205
㟞	zaan6		0	205
㟟	hong6		0	205
㟠	gong1		0	205
㟡	kwai5		0	205
㟢	kei1		0	205
㟣	sung1		0	205
㟤	luk6		0	205
㟥	cam1	caam1	1	205
㟦	wan6		0	205
㟧	ngok6		0	205
㟨	dyun1		0	205
㟩	man4		0	205
㟪	wai3		0	205
㟫	cyun4		0	205
㟬	sau2		0	205
㟭	man4		0	205
㟮	dat6		0	205
㟯	ngaak6		0	205
㟰	ming5		0	205
㟱	jiu5		0	205
㟲	jyun4		0	205
㟳	leot6		0	205
㟴	faai3		0	205
㟵	gong1		0	205
㟶	jyun4		0	205
㟷	daat3		0	205
㟸	gou1		0	205
㟹	lou4		0	205
㟺	lau5		0	205
㟻	cim3		0	205
㟼	ngou6		0	205
㟽	biu2		0	205
㟾	jung4		0	205
㟿	mang3		0	205
㠀	dou2		0	205
㠁	caam1		0	205
㠂	ngou6		0	205
㠃	dik1		0	205
㠄	zaap6		0	205
㠅	fuk6		0	205
㠆	daan1		0	205
㠇	zau6		0	205
㠈	jeon6		0	205
㠉	tung4		0	205
㠊	heoi1		0	205
㠋	ngok6		0	205
㠌	kai1		0	205
㠍	cap1		0	205
㠎	zaap6		0	205
㠏	waa4		0	205
㠐	giu6		0	205
㠑	zeoi6		0	205
㠒	biu2		0	205
㠓	mung4		0	205
㠔	baai3		0	205
㠕	ngai4		0	205
㠖	ngai5		0	205
㠗	ou3		0	205
㠘	zeoi6		0	205
㠙	hou4		0	205
㠚	deoi6		0	205
㠛	waak6		0	205
㠜	jik6		0	205
㠝	cyun4		0	205
㠞	zing1		0	205
㠟	lai4		0	205
㠠	leoi4		0	205
㠡	niu5		0	205
㠢	waai4		0	205
㠣	lik6		0	205
㠤	soeng1		0	205
㠥	leot6		0	205
㠦	fung1		0	205
㠧	mei5		0	205
㠨	wat1		0	205
㠩	fong1		0	205
㠪	geoi6		0	205
㠫	faan4		0	205
㠬	hau2		0	205
㠭	zin2		0	205
㠮	pung1		0	205
㠯	ji5		0	205
㠰	gaa1		0	205
㠱	gei2	gei6	1	205
㠲	bei2		0	205
㠳	jap6		0	205
㠴	jan6		0	205
㠵	fong1		0	205
㠶	faan4		0	205
㠷	gap3		0	205
㠸	fu1		0	205
㠹	gaai3		0	205
㠺	saa1		0	205
㠻	hei1		0	205
㠼	si1		0	205
㠽	tung4		0	205
㠾	jyun1		0	205
㠿	zi1		0	205
㡀	bai6		0	205
㡁	kwaa2		0	205
㡂	lai6		0	205
㡃	fong1		0	205
㡄	seon1		0	205
㡅	no5		0	205
㡆	fong1		0	205
㡇	zip3		0	205
㡈	man6		0	205
㡉	gin1		0	205
㡊	hap1		0	205
㡋	jip3		0	205
㡌	mou6		0	205
㡍	mok6		0	205
㡎	saam1		0	205
㡏	syu1		0	205
㡐	zin1		0	205
㡑	ciu1		0	205
㡒	zeon1		0	205
㡓	gwan1		0	205
㡔	mou6		0	205
㡕	joeng1		0	205
㡖	cong4		0	205
㡗	tai4		0	205
㡘	lim4		0	205
㡙	bai1		0	205
㡚	kau1		0	205
㡛	mong4		0	205
㡜	sit3		0	205
㡝	fung6		0	205
㡞	lau4		0	205
㡟	zou1		0	205
㡠	zing3		0	205
㡡	cyu4		0	205
㡢	maan6		0	205
㡣	lung4		0	205
㡤	jip6		0	205
㡥	jan3		0	205
㡦	pan1		0	205
㡧	zing3		0	205
㡨	zim1		0	205
㡩	lyun4		0	205
㡪	fan1		0	205
㡫	ai3		0	205
㡬	gei2		0	205
㡭	gai3		0	205
㡮	gat6		0	205
㡯	zaak6		0	205
㡰	jyu5		0	205
㡱	gau3		0	205
㡲	waan4		0	205
㡳	zi2		0	205
㡴	laap6		0	205
㡵	ling4		0	205
㡶	zi2		0	205
㡷	bun2		0	205
㡸	zaa6		0	205
㡹	ci3		0	205
㡺	daan3		0	205
㡻	liu6		0	205
㡼	ji6		0	205
㡽	ziu6		0	205
㡾	haan6		0	205
㡿	cik1		0	205
㢀	ci3		0	205
㢁	ci2		0	205
㢂	jim5		0	205
㢃	long4		0	205
㢄	dau6		0	205
㢅	lung6		0	205
㢆	cin4		0	205
㢇	jin4		0	205
㢈	teoi4		0	205
㢉	caa4		0	205
㢊	ai2		0	205
㢋	ci2		0	205
㢌	aa3		0	205
㢍	jing2		0	205
㢎	zip3		0	205
㢏	tau4		0	205
㢐	waa1		0	205
㢑	teoi4		0	205
㢒	caa4		0	205
㢓	zoeng3		0	205
㢔	zung2		0	205
㢕	jung1		0	205
㢖	pun1		0	205
㢗	hiu3		0	205
㢘	lim4		0	205
㢙	kan4		0	205
㢚	lou5		0	205
㢛	jim6		0	205
㢜	kong2		0	205
㢝	sou1		0	205
㢞	jik6		0	205
㢟	cin1		0	205
㢠	gwing2		0	205
㢡	zoeng2		0	205
㢢	bai6		0	205
㢣	king4		0	205
㢤	zoi1		0	205
㢥	dung6		0	205
㢦	go1		0	205
㢧	gyun2		0	205
㢨	hon6		0	205
㢩	dik1		0	205
㢪	wu1		0	205
㢫	saan1		0	205
㢬	wang4		0	205
㢭	tou1		0	205
㢮	ci4		0	205
㢯	deon1		0	205
㢰	bei6		0	205
㢱	nei4		0	205
㢲	seon3		0	205
㢳	lou4		0	205
㢴	sai1		0	205
㢵	hip3		0	205
㢶	bat6		0	205
㢷	seoi3		0	205
㢸	bat6		0	205
㢹	san1		0	205
㢺	jin4		0	205
㢻	jeoi6		0	205
㢼	bit3		0	205
㢽	nei6		0	205
㢾	gyun3		0	205
㢿	hau4		0	205
㣀	zan3		0	205
㣁	bei6		0	205
㣂	ngaak6		0	205
㣃	juk6		0	205
㣄	keoi4		0	205
㣅	zaam6		0	205
㣆	mei4		0	205
㣇	dai6		0	205
㣈	si3		0	205
㣉	gung1		0	205
㣊	man4		0	205
㣋	daan1		0	205
㣌	saam3		0	205
㣍	toi4		0	205
㣎	muk6		0	205
㣏	zing6		0	205
㣐	bin3		0	205
㣑	jung4		0	205
㣒	cing3		0	205
㣓	caan3		0	205
㣔	ding1		0	205
㣕	daai6		0	205
㣖	taai3		0	205
㣗	wu6		0	205
㣘	keoi1		0	205
㣙	dik6		0	205
㣚	tung2		0	205
㣛	taap3		0	205
㣜	jing4		0	205
㣝	sung1		0	205
㣞	dyut6		0	205
㣟	hat1		0	205
㣠	tou1		0	205
㣡	zung6		0	205
㣢	tai4		0	205
㣣	sim3		0	205
㣤	cin5		0	205
㣥	zi6		0	205
㣦	wai1		0	205
㣧	jan6		0	205
㣨	gu1		0	205
㣩	lam4		0	205
㣪	wun6		0	205
㣫	zung2		0	205
㣬	cap1		0	205
㣭	zung1		0	205
㣮	naam4		0	205
㣯	sit3		0	205
㣰	sat1		0	205
㣱	zaak6		0	205
㣲	mei4		0	205
㣳	mou4		0	205
㣴	wong4		0	205
㣵	taat3		0	205
㣶	zaan1		0	205
㣷	ning6		0	205
㣸	jeoi6		0	205
㣹	jing3		0	205
㣺	sam1		0	205
㣻	ngaai6		0	205
㣼	jan2		0	205
㣽	syu3		0	205
㣾	caa3		0	205
㣿	zoek3		0	205
㤀	mong4		0	205
㤁	tim2		0	205
㤂	gap1		0	205
㤃	fong1		0	205
㤄	pui3		0	205
㤅	oi3		0	205
㤆	faan3		0	205
㤇	ou3		0	205
㤈	cam3		0	205
㤉	kaa1		0	205
㤊	haau6		0	205
㤋	fan1		0	205
㤌	gam1		0	205
㤍	haau1		0	205
㤎	go1		0	205
㤏	dung2		0	205
㤐	tip3		0	205
㤑	jau1		0	205
㤒	gou1		0	205
㤓	ban6		0	205
㤔	fu6		0	205
㤕	ceot1		0	205
㤖	lo6	no6	1	205
㤗	taai3		0	205
㤘	zau3	cau1	1	205
㤙	jan1		0	205
㤚	hong4		0	205
㤛	jam6		0	205
㤜	seot6		0	205
㤝	cung1		0	205
㤞	caa3		0	205
㤟	hung2		0	205
㤠	lit6		0	205
㤡	lai6		0	205
㤢	juk1		0	205
㤣	paang1		0	205
㤤	jyu4		0	205
㤥	hoi6		0	205
㤦	lei6		0	205
㤧	hau4		0	205
㤨	gung2		0	205
㤩	kok3		0	205
㤪	jyun3		0	205
㤫	dak1		0	205
㤬	wai6		0	205
㤭	giu1		0	205
㤮	gong3	gwong3	1	205
㤯	gwing2		0	205
㤰	zok3		0	205
㤱	fu3		0	205
㤲	hip3		0	205
㤳	bui2		0	205
㤴	cip3		0	205
㤵	ci4		0	205
㤶	mong4		0	205
㤷	ham1		0	205
㤸	hik1		0	205
㤹	kau4		0	205
㤺	fong1		0	205
㤻	tung4		0	205
㤼	gip3		0	205
㤽	cau4		0	205
㤾	saam3		0	205
㤿	jim1		0	205
㥀	zik6		0	205
㥁	dak1		0	205
㥂	tik1		0	205
㥃	mun6		0	205
㥄	ling4		0	205
㥅	sau6		0	205
㥆	teoi3		0	205
㥇	caan4		0	205
㥈	dip6		0	205
㥉	cai3		0	205
㥊	pang4		0	205
㥋	ji1		0	205
㥌	guk1		0	205
㥍	gei6		0	205
㥎	lei4		0	205
㥏	tin2	tin5	1	205
㥐	jyun3		0	205
㥑	jau1		0	205
㥒	coi2		0	205
㥓	kei1		0	205
㥔	juk6		0	205
㥕	lin4		0	205
㥖	cung1		0	205
㥗	man5		0	205
㥘	gip3		0	205
㥙	zung1		0	205
㥚	jyu4		0	205
㥛	gik6		0	205
㥜	wai6		0	205
㥝	mei5		0	205
㥞	seoi3		0	205
㥟	haai4		0	205
㥠	seoi1		0	205
㥡	ci3		0	205
㥢	cau4		0	205
㥣	wai6		0	205
㥤	ging1		0	205
㥥	jyu4		0	205
㥦	hip3	hip6	1	205
㥧	seon6		0	205
㥨	seoi6		0	205
㥩	do2		0	205
㥪	lau4		0	205
㥫	deon1		0	205
㥬	pong4		0	205
㥭	taai3		0	205
㥮	cau1	zau3	1	205
㥯	jan2		0	205
㥰	sou1		0	205
㥱	fei2		0	205
㥲	can1		0	205
㥳	jyun4		0	205
㥴	ji4		0	205
㥵	wan6		0	205
㥶	sak1		0	205
㥷	ai3		0	205
㥸	man5		0	205
㥹	fan2		0	205
㥺	hap6		0	205
㥻	cik1		0	205
㥼	jan3		0	205
㥽	caak3		0	205
㥾	nik6		0	205
㥿	ngou6		0	205
㦀	fung4		0	205
㦁	lin4		0	205
㦂	soeng4		0	205
㦃	caan2		0	205
㦄	maa4		0	205
㦅	dit6		0	205
㦆	fu1		0	205
㦇	luk6		0	205
㦈	oi3		0	205
㦉	ji3		0	205
㦊	waa4		0	205
㦋	zaa1		0	205
㦌	fat1		0	205
㦍	ngok6		0	205
㦎	waak6		0	205
㦏	seon2		0	205
㦐	nei6		0	205
㦑	haam3		0	205
㦒	lai2		0	205
㦓	jin6		0	205
㦔	jim1		0	205
㦕	lung4		0	205
㦖	mun6		0	205
㦗	gam1		0	205
㦘	gik1		0	205
㦙	jyu4		0	205
㦚	bin2		0	205
㦛	jyu4		0	205
㦜	wok6		0	205
㦝	mok6		0	205
㦞	cau4		0	205
㦟	maai4		0	205
㦠	deoi6		0	205
㦡	lok6		0	205
㦢	zit3		0	205
㦣	wai6		0	205
㦤	ji3		0	205
㦥	hyun1		0	205
㦦	hik1		0	205
㦧	caam2		0	205
㦨	laan5		0	205
㦩	jan2		0	205
㦪	sip3		0	205
㦫	zaat3		0	205
㦬	lo5		0	205
㦭	lin4		0	205
㦮	zin1		0	205
㦯	waak6		0	205
㦰	zim1		0	205
㦱	ngo5		0	205
㦲	zoi1		0	205
㦳	ngo5		0	205
㦴	gaak3		0	205
㦵	zyu1		0	205
㦶	dit6		0	205
㦷	jung5		0	205
㦸	gik1		0	205
㦹	joeng4		0	205
㦺	juk6		0	205
㦻	zaap6		0	205
㦼	soeng3		0	205
㦽	juk1		0	205
㦾	ji4		0	205
㦿	haam2		0	205
㧀	gap6		0	205
㧁	heoi3		0	205
㧂	tin4		0	205
㧃	sau1		0	205
㧄	ham2		0	205
㧅	muk6		0	205
㧆	gan3		0	205
㧇	mou6		0	205
㧈	jan5		0	205
㧉	goi3		0	205
㧊	put3		0	205
㧋	hyun2		0	205
㧌	mou4		0	205
㧍	fong2		0	205
㧎	ngaa4		0	205
㧏	gong1		0	205
㧐	sung2		0	205
㧑	fai1		0	205
㧒	wat6		0	205
㧓	gwaa1		0	205
㧔	gwaai3		0	205
㧕	lau5		0	205
㧖	ak1		0	205
㧗	zi2		0	205
㧘	zi6		0	205
㧙	pit3		0	205
㧚	ngaa5		0	205
㧛	laam5	laam2	1	205
㧜	laap6		0	205
㧝	ke2		0	205
㧞	bat6		0	205
㧟	kwaai5		0	205
㧠	mei4		0	205
㧡	hoi6		0	205
㧢	jan1		0	205
㧣	zyu1		0	205
㧤	cung3		0	205
㧥	sin2		0	205
㧦	hyun3		0	205
㧧	so1		0	205
㧨	kau4		0	205
㧩	bui6		0	205
㧪	gwai2		0	205
㧫	ji4		0	205
㧬	gung2	ung2	1	205
㧭	kung4		0	205
㧮	fat1		0	205
㧯	lou5		0	205
㧰	lik6	loek6	1	205
㧱	naa4		0	205
㧲	sam2		0	205
㧳	zeoi6		0	205
㧴	ngo5		0	205
㧵	pau4		0	205
㧶	hang1		0	205
㧷	tan3		0	205
㧸	paang1		0	205
㧹	tik1		0	205
㧺	dap6	taap3	1	205
㧻	duk1		0	205
㧼	biu2		0	205
㧽	gu3		0	205
㧾	fat1		0	205
㧿	cung1		0	205
㨀	bing2		0	205
㨁	zi6		0	205
㨂	dung2		0	205
㨃	deoi2		0	205
㨄	zau1		0	205
㨅	neoi6		0	205
㨆	lam6		0	205
㨇	po4		0	205
㨈	zai1		0	205
㨉	man4		0	205
㨊	wai5		0	205
㨋	ce2		0	205
㨌	gau3		0	205
㨍	bong1		0	205
㨎	jyu5		0	205
㨏	taan1		0	205
㨐	bau2		0	205
㨑	zung1		0	205
㨒	fui1		0	205
㨓	lou4		0	205
㨔	ham6		0	205
㨕	jing4		0	205
㨖	zi3		0	205
㨗	zit6		0	205
㨘	saang2		0	205
㨙	haai4		0	205
㨚	seon1		0	205
㨛	sim2		0	205
㨜	kin4		0	205
㨝	sit3		0	205
㨞	sou3		0	205
㨟	goi1		0	205
㨠	mik6		0	205
㨡	wat6		0	205
㨢	pei1		0	205
㨣	jung2		0	205
㨤	kwaai5		0	205
㨥	naap6		0	205
㨦	sung2		0	205
㨧	ban6		0	205
㨨	cau1		0	205
㨩	zit6		0	205
㨪	fong2		0	205
㨫	laam5		0	205
㨬	jyun4		0	205
㨭	wu6		0	205
㨮	dau1		0	205
㨯	kok3	kwok3	1	205
㨰	gwan3		0	205
㨱	jiu4		0	205
㨲	caak3		0	205
㨳	gwai2		0	205
㨴	kin2		0	205
㨵	zin2		0	205
㨶	dou2		0	205
㨷	gan3		0	205
㨸	maat3		0	205
㨹	wai6		0	205
㨺	min5		0	205
㨻	caam4		0	205
㨼	loek6		0	205
㨽	bik1		0	205
㨾	joeng6		0	205
㨿	geoi3		0	205
㩀	geoi3		0	205
㩁	kok1		0	205
㩂	huk6		0	205
㩃	gin2		0	205
㩄	saai1		0	205
㩅	cau1		0	205
㩆	zau3		0	205
㩇	waak6		0	205
㩈	wan5		0	205
㩉	daap3		0	205
㩊	syun1		0	205
㩋	siu1	sok1	1	205
㩌	fei6		0	205
㩍	caak3		0	205
㩎	jip3		0	205
㩏	hak1		0	205
㩐	dan3		0	205
㩑	saap3		0	205
㩒	gam6		0	205
㩓	wai2		0	205
㩔	tyun4		0	205
㩕	ling1		0	205
㩖	koeng4		0	205
㩗	kwai4		0	205
㩘	ji5		0	205
㩙	sak1		0	205
㩚	mung4		0	205
㩛	tyun4		0	205
㩜	laam2	laam5	1	205
㩝	hou4		0	205
㩞	caak3		0	205
㩟	zaai6		0	205
㩠	ou1		0	205
㩡	lo2		0	205
㩢	mit6		0	205
㩣	fai1		0	205
㩤	fu1		0	205
㩥	cim1		0	205
㩦	kwai4		0	205
㩧	bok1		0	205
㩨	wai6		0	205
㩩	king2		0	205
㩪	kit3		0	205
㩫	zat1		0	205
㩬	hei1		0	205
㩭	gaau2		0	205
㩮	geoi2		0	205
㩯	pun4		0	205
㩰	ziu2		0	205
㩱	zoek3		0	205
㩲	kyun4		0	205
㩳	sung2		0	205
㩴	guk1		0	205
㩵	ngaat6		0	149
㩶	nip6		0	205
㩷	hin1		0	205
㩸	dip6		0	205
㩹	dip6		0	205
㩺	pei1		0	205
㩻	kei1		0	205
㩼	zi1		0	205
㩽	kei4		0	205
㩾	zeoi1		0	205
㩿	fat1	kak1	1	205
㪀	jyu1		0	205
㪁	kam4		0	205
㪂	fat1		0	205
㪃	ho2		0	205
㪄	fat6		0	205
㪅	gang1		0	205
㪆	dai2		0	205
㪇	sin3		0	205
㪈	gwai3		0	205
㪉	hap6		0	205
㪊	kwan4		0	205
㪋	hon6		0	205
㪌	tung2		0	205
㪍	but6		0	205
㪎	sim2		0	205
㪏	bai2		0	205
㪐	lak1	leot6	1	205
㪑	jip3		0	205
㪒	ngai4		0	205
㪓	ceoi4		0	205
㪔	saan3		0	205
㪕	coek3	diu6	1	205
㪖	luk6		0	205
㪗	tau2		0	205
㪘	lim5		0	205
㪙	fo2		0	205
㪚	saan2	saan3	1	205
㪛	zam2		0	205
㪜	ceoi2		0	205
㪝	lin6		0	205
㪞	mou6		0	205
㪟	deon1		0	205
㪠	zaam1		0	205
㪡	koi3		0	205
㪢	saau2		0	205
㪣	hiu1		0	205
㪤	bat1		0	205
㪥	zaa1		0	205
㪦	jan6		0	205
㪧	jap1		0	205
㪨	sin6		0	205
㪩	sok1		0	205
㪪	saap3		0	205
㪫	jeoi6		0	205
㪬	coek3		0	205
㪭	lou4		0	205
㪮	ling4		0	205
㪯	geoi2		0	205
㪰	zaai1		0	205
㪱	wun6		0	205
㪲	dau2		0	205
㪳	dau2		0	205
㪴	git3		0	205
㪵	bun3		0	205
㪶	huk6		0	205
㪷	dau2		0	205
㪸	zam1		0	205
㪹	lau5		0	205
㪺	keoi1		0	205
㪻	gyun3		0	205
㪼	ho2		0	205
㪽	so2		0	205
㪾	lok6		0	205
㪿	zit3		0	205
㫀	ding2		0	205
㫁	dyun6		0	205
㫂	zyu3		0	205
㫃	jin2		0	205
㫄	pong4		0	205
㫅	kei4		0	205
㫆	ji5		0	205
㫇	jyu1		0	205
㫈	jyu1		0	205
㫉	ngai4		0	205
㫊	ji2		0	205
㫋	zin1		0	205
㫌	syun4		0	205
㫍	jau4		0	205
㫎	fai1		0	205
㫏	jiu2		0	205
㫐	jiu2		0	205
㫑	zi2		0	205
㫒	gung1		0	205
㫓	hei3		0	205
㫔	gan3		0	205
㫕	gwong1		0	205
㫖	zi2		0	205
㫗	hau5		0	205
㫘	mat6		0	205
㫙	fu4		0	205
㫚	fat1		0	205
㫛	gong3	gwong3	1	205
㫜	taan2		0	205
㫝	dai1		0	205
㫞	tou1		0	205
㫟	jyun4		0	205
㫠	bun3		0	205
㫡	dung1		0	205
㫢	heoi3		0	205
㫣	man5		0	205
㫤	cong2		0	205
㫥	ming4		0	205
㫦	tou1		0	205
㫧	bou6		0	205
㫨	on1		0	205
㫩	ceon1		0	205
㫪	zung1		0	205
㫫	hin2		0	205
㫬	ceon4		0	205
㫭	si4		0	205
㫮	ci2		0	205
㫯	mou6		0	205
㫰	long6		0	205
㫱	naan5		0	205
㫲	pui3		0	205
㫳	san4		0	205
㫴	haau1		0	205
㫵	fei1		0	205
㫶	zau2		0	205
㫷	gei1		0	205
㫸	zip3		0	205
㫹	so3		0	205
㫺	sik1		0	205
㫻	gwan3		0	205
㫼	zit3		0	205
㫽	luk6		0	205
㫾	soeng6		0	205
㫿	zeoi1		0	205
㬀	hoeng2		0	205
㬁	caap3		0	205
㬂	jyu4		0	205
㬃	toi4		0	205
㬄	caan3		0	205
㬅	maan6		0	205
㬆	man5		0	205
㬇	wun6		0	205
㬈	wan1		0	205
㬉	nyun5		0	205
㬊	wun6		0	205
㬋	hau4		0	205
㬌	ging2		0	205
㬍	bok3		0	205
㬎	hin2		0	205
㬏	lik6		0	205
㬐	zeon3		0	205
㬑	gwok3		0	205
㬒	mong5		0	205
㬓	piu3		0	205
㬔	hou4		0	205
㬕	joeng4		0	205
㬖	kai2		0	205
㬗	lin6	nin6	1	205
㬘	suk1		0	205
㬙	wai5		0	205
㬚	cit3		0	205
㬛	kap1		0	205
㬜	zeon3		0	205
㬝	cang4		0	205
㬞	hot3		0	205
㬟	fan1		0	205
㬠	saai3	saat3	1	205
㬡	ling4		0	205
㬢	hei1		0	205
㬣	deoi6		0	205
㬤	jap1		0	205
㬥	buk6		0	205
㬦	wok3		0	205
㬧	bou6		0	205
㬨	haak1		0	205
㬩	wai3		0	205
㬪	dip6		0	205
㬫	jin3		0	205
㬬	keoi4		0	205
㬭	ziu3		0	205
㬮	naan6		0	205
㬯	lip6		0	205
㬰	jyu4		0	205
㬱	tai3		0	205
㬲	tim1		0	205
㬳	ng5		0	205
㬴	hung2		0	205
㬵	gaau1		0	205
㬶	hou6		0	205
㬷	kwan3		0	205
㬸	tiu1		0	205
㬹	zaang1		0	205
㬺	tang4		0	205
㬻	fong1		0	205
㬼	fuk6		0	205
㬽	ngok6		0	205
㬾	tyun4		0	205
㬿	tan1		0	205
㭀	sai6		0	205
㭁	jing4		0	205
㭂	liu1	niu1	1	205
㭃	gong1		0	205
㭄	seon3		0	205
㭅	saam1		0	205
㭆	naai5		0	205
㭇	jyun6		0	205
㭈	kyut3		0	205
㭉	waa4		0	205
㭊	sik1		0	205
㭋	paang5		0	205
㭌	jyu4		0	205
㭍	cat1		0	205
㭎	gong1	gong3	1	205
㭏	wai5		0	205
㭐	daai6		0	205
㭑	mui6		0	205
㭒	zi6		0	205
㭓	bin6		0	205
㭔	lou4		0	205
㭕	keoi1		0	205
㭖	doi6		0	205
㭗	ming5		0	205
㭘	gap3		0	205
㭙	zaak6		0	205
㭚	leoi5		0	205
㭛	paai3		0	205
㭜	jung4		0	205
㭝	kau4		0	205
㭞	lyut3		0	205
㭟	gung2		0	205
㭠	sin2		0	205
㭡	sai3		0	205
㭢	hing1		0	205
㭣	man6		0	205
㭤	niu5	liu5	1	205
㭥	fu6		0	205
㭦	zaak6		0	205
㭧	zau1		0	205
㭨	je4		0	205
㭩	lyut6		0	205
㭪	fu1		0	205
㭫	co4		0	205
㭬	doek3		0	205
㭭	baat3		0	205
㭮	zaat3		0	205
㭯	zip3		0	205
㭰	zeoi2		0	205
㭱	haap6		0	205
㭲	gik6		0	205
㭳	haau3		0	205
㭴	gin1		0	205
㭵	din6		0	205
㭶	fong1		0	205
㭷	naam4		0	205
㭸	tou4		0	205
㭹	jin4		0	205
㭺	jim2		0	205
㭻	tong4		0	205
㭼	taap3		0	205
㭽	dai2		0	205
㭾	gwat6		0	205
㭿	ngong4		0	205
㮀	haam4		0	205
㮁	haau4		0	205
㮂	guk1		0	205
㮃	wai1		0	205
㮄	bong2		0	205
㮅	zeoi1		0	205
㮆	jit6		0	205
㮇	tim3		0	205
㮈	noi6		0	205
㮉	hap6		0	205
㮊	mau6		0	205
㮋	jau5		0	205
㮌	min4		0	205
㮍	zin1		0	205
㮎	bui1		0	205
㮏	noi6		0	205
㮐	saang2		0	205
㮑	caap3		0	205
㮒	jim5		0	205
㮓	gang2		0	205
㮔	cung3		0	205
㮕	jyun5		0	205
㮖	git3		0	205
㮗	ging1		0	205
㮘	mou4		0	205
㮙	ngok6		0	205
㮚	leot6		0	205
㮛	ci4		0	205
㮜	zong1		0	205
㮝	hat6		0	205
㮞	zit3		0	205
㮟	lin2	nin2	1	205
㮠	wing4		0	205
㮡	gun3		0	205
㮢	hau4		0	205
㮣	koi3		0	205
㮤	cung4		0	205
㮥	ban6		0	205
㮦	sok3		0	205
㮧	wu1		0	205
㮨	zik1		0	205
㮩	sik1		0	205
㮪	kung4		0	205
㮫	hot6		0	205
㮬	jung1		0	205
㮭	gaam1		0	205
㮮	git3		0	205
㮯	wan4		0	205
㮰	pei4		0	205
㮱	sing1		0	205
㮲	cau1		0	205
㮳	zan6		0	205
㮴	sau1		0	205
㮵	zin1		0	205
㮶	sok3		0	205
㮷	gai1		0	205
㮸	sung3		0	205
㮹	zi2		0	205
㮺	bun2		0	205
㮻	sou1		0	205
㮼	sin3		0	205
㮽	pun4		0	205
㮾	long5		0	205
㮿	bat1		0	205
㯀	syun6		0	205
㯁	pui4		0	205
㯂	daai3		0	205
㯃	cat1		0	205
㯄	zi1		0	205
㯅	pei4		0	205
㯆	caan2		0	205
㯇	bai6		0	205
㯈	cuk1		0	205
㯉	wok6		0	205
㯊	han4		0	205
㯋	gwing2		0	205
㯌	cyun4		0	205
㯍	zoeng2		0	205
㯎	lyun6	nyun6	1	205
㯏	guk1		0	205
㯐	to5		0	205
㯑	zoeng1		0	205
㯒	mik6		0	205
㯓	taap3		0	205
㯔	ceoi3		0	205
㯕	sai1		0	205
㯖	dak6		0	205
㯗	haan4		0	205
㯘	fun2		0	205
㯙	zit6		0	205
㯚	daap3		0	205
㯛	wu4		0	205
㯜	zyut6		0	205
㯝	lou6		0	205
㯞	gyun3		0	205
㯟	luk1		0	205
㯠	hin3		0	205
㯡	paau3		0	205
㯢	zam6		0	205
㯣	fan1		0	205
㯤	gik1		0	205
㯥	cou4		0	205
㯦	kei4		0	205
㯧	ciu1		0	205
㯨	suk1		0	205
㯩	tai3		0	205
㯪	ling4		0	205
㯫	keoi4		0	205
㯬	lim5		0	205
㯭	lou5		0	205
㯮	suk6		0	205
㯯	gung3		0	205
㯰	zik6		0	205
㯱	piu4	pou1	1	205
㯲	gam3		0	205
㯳	king4		0	205
㯴	jung4		0	205
㯵	dung2		0	205
㯶	zung1		0	205
㯷	buk6		0	205
㯸	zeon2		0	205
㯹	biu2		0	205
㯺	haam6		0	205
㯻	gwan2		0	205
㯼	goi3		0	205
㯽	ban1		0	205
㯾	zou1		0	205
㯿	lip6		0	205
㰀	lai4		0	205
㰁	lo5		0	205
㰂	sam2		0	205
㰃	min4		0	205
㰄	zin1		0	205
㰅	dik1		0	205
㰆	bai6		0	205
㰇	cim1		0	205
㰈	lim5		0	205
㰉	zeon1		0	205
㰊	cim4		0	205
㰋	pan4		0	205
㰌	kok3		0	205
㰍	lung4		0	205
㰎	zeoi3		0	205
㰏	gou1		0	205
㰐	to5		0	205
㰑	saam1		0	205
㰒	hok6		0	205
㰓	laam5		0	205
㰔	sip3		0	205
㰕	hei1		0	205
㰖	laam5		0	205
㰗	cik1		0	205
㰘	ji4		0	205
㰙	no4		0	205
㰚	lei4		0	205
㰛	joek6		0	205
㰜	din1		0	205
㰝	ji5		0	205
㰞	ci1		0	205
㰟	gat1		0	205
㰠	hong1		0	205
㰡	haai3		0	205
㰢	hang1		0	205
㰣	zi1		0	205
㰤	ho1		0	205
㰥	hai3		0	205
㰦	heoi3		0	205
㰧	hoi1		0	205
㰨	haai1		0	205
㰩	hoi1		0	205
㰪	gwai1		0	205
㰫	caam1		0	205
㰬	seon1		0	205
㰭	heoi1		0	205
㰮	san6		0	205
㰯	tau3		0	205
㰰	gaap3		0	205
㰱	saap3		0	205
㰲	juk1		0	205
㰳	aa3		0	205
㰴	fau6		0	205
㰵	zeot1		0	205
㰶	jau2		0	205
㰷	zi3		0	205
㰸	lim5		0	205
㰹	him1		0	205
㰺	haa6		0	205
㰻	ji2		0	205
㰼	sip3		0	205
㰽	jin3		0	205
㰾	giu3		0	205
㰿	hei1		0	205
㱀	zyut3		0	205
㱁	seoi3		0	205
㱂	hong1		0	205
㱃	jam2	jam3	1	205
㱄	hak1		0	205
㱅	ji3		0	205
㱆	hei1		0	205
㱇	sik1		0	205
㱈	gam6		0	205
㱉	jip6		0	205
㱊	jau1		0	205
㱋	kok3		0	205
㱌	jip3		0	205
㱍	lyun4		0	205
㱎	gwan1		0	205
㱏	zing3		0	205
㱐	zing3		0	205
㱑	seoi3		0	205
㱒	ho1		0	205
㱓	ling4		0	205
㱔	se1		0	205
㱕	gwai1		0	205
㱖	seoi6		0	205
㱗	jau1		0	205
㱘	jim2		0	205
㱙	jau2	nau2 lau2	1	205
㱚	caan4		0	205
㱛	daai2		0	205
㱜	zaat3		0	205
㱝	sei2		0	205
㱞	ngap6		0	205
㱟	pei1		0	205
㱠	fu1		0	205
㱡	sing1		0	205
㱢	long4		0	205
㱣	teoi2		0	205
㱤	sik1		0	205
㱥	ling4		0	205
㱦	kei1		0	205
㱧	waat3		0	205
㱨	lim5		0	205
㱩	duk6		0	205
㱪	fan1		0	205
㱫	laan6		0	205
㱬	wui2		0	205
㱭	dyun6		0	205
㱮	kui2	kwui2	1	205
㱯	ngoi4		0	205
㱰	zoi2		0	205
㱱	wui6		0	205
㱲	ji3		0	205
㱳	mok6		0	205
㱴	zi6		0	205
㱵	fan3		0	205
㱶	pang4		0	205
㱷	zaap6		0	205
㱸	pik1		0	205
㱹	lik6		0	205
㱺	leoi4		0	205
㱻	lo6		0	205
㱼	hoi1		0	205
㱽	dam2		0	205
㱾	goi1		0	205
㱿	kok3		0	205
㲀	zan1		0	205
㲁	hung1		0	205
㲂	cang4		0	205
㲃	gau3		0	205
㲄	huk1		0	205
㲅	gai3		0	205
㲆	ling4		0	205
㲇	dung1		0	205
㲈	siu4		0	205
㲉	kok3		0	205
㲊	jeoi6		0	205
㲋	coek3		0	205
㲌	ning6		0	205
㲍	zi1		0	205
㲎	leoi4		0	205
㲏	pou1		0	205
㲐	gam1		0	205
㲑	seoi2		0	205
㲒	bou6		0	205
㲓	syu3		0	205
㲔	sin1		0	205
㲕	laai6		0	205
㲖	siu1		0	205
㲗	fu1		0	205
㲘	keoi4		0	205
㲙	sau1		0	205
㲚	saa1		0	205
㲛	zi2		0	205
㲜	taan2		0	205
㲝	jung5		0	205
㲞	seot1		0	205
㲟	jing2		0	205
㲠	mou4		0	205
㲡	noi6		0	205
㲢	bin6		0	205
㲣	sau1		0	205
㲤	seoi1		0	205
㲥	tong4		0	205
㲦	hon6		0	205
㲧	sou3		0	205
㲨	jung4		0	205
㲩	taap3		0	205
㲪	dang1		0	205
㲫	buk6		0	205
㲬	ziu1		0	205
㲭	taan2		0	205
㲮	taap3		0	205
㲯	laam4		0	205
㲰	ling4	ning4	1	205
㲱	lip6		0	205
㲲	dip6		0	205
㲳	dit6		0	205
㲴	zung3		0	205
㲵	siu1		0	205
㲶	lou5		0	205
㲷	daam6		0	205
㲸	kap1		0	205
㲹	gwai2		0	205
㲺	cat1		0	205
㲻	nik6		0	205
㲼	ngaai6		0	205
㲽	lin6	nin6	1	205
㲾	jyu5		0	205
㲿	wong2		0	205
㳀	gwo3		0	205
㳁	zak1		0	205
㳂	jyun4		0	205
㳃	ceoi3		0	205
㳄	jin4		0	205
㳅	lau4		0	205
㳆	tau2		0	205
㳇	fu6		0	205
㳈	pui3		0	205
㳉	jyut6		0	205
㳊	jau4		0	205
㳋	jau1		0	205
㳌	aap3		0	205
㳍	bou3		0	205
㳎	bin6		0	205
㳏	si3		0	205
㳐	zaat6		0	205
㳑	jat6		0	205
㳒	faat3		0	205
㳓	jau6		0	205
㳔	deoi6		0	205
㳕	laan4		0	205
㳖	ji1		0	205
㳗	caai3		0	205
㳘	cung1		0	205
㳙	gyun1		0	205
㳚	wat1		0	205
㳛	jyu4		0	205
㳜	jau1		0	205
㳝	hong1		0	205
㳞	cung1		0	205
㳟	hung4		0	205
㳠	taat3		0	205
㳡	wo1		0	205
㳢	kiu4		0	205
㳣	lou5		0	205
㳤	suk6		0	205
㳥	lung6		0	205
㳦	haai6		0	205
㳧	cip3		0	205
㳨	zaat3		0	205
㳩	taam1		0	205
㳪	pei3		0	205
㳫	zaam2		0	205
㳬	syun4		0	205
㳭	jin4		0	205
㳮	niu6		0	205
㳯	san1		0	205
㳰	kau1		0	205
㳱	joeng4		0	205
㳲	taai3		0	205
㳳	hak1		0	205
㳴	mat6		0	205
㳵	gwai3		0	205
㳶	nau5		0	205
㳷	fui3		0	205
㳸	faa1		0	205
㳹	wong2		0	205
㳺	jau4		0	205
㳻	zaak3		0	205
㳼	bat1		0	205
㳽	nei4		0	205
㳾	goeng1		0	205
㳿	sit3		0	205
㴀	faan1		0	205
㴁	jik1		0	205
㴂	taam1		0	205
㴃	leoi6		0	205
㴄	wang2		0	205
㴅	siu1		0	205
㴆	zam3		0	205
㴇	sip3		0	205
㴈	ngan6		0	205
㴉	zai3		0	205
㴊	jyun1		0	205
㴋	suk1		0	205
㴌	gu1		0	205
㴍	sing4		0	205
㴎	noi6		0	205
㴏	wong2		0	205
㴐	min6		0	205
㴑	sou3		0	205
㴒	jik6		0	205
㴓	saai1		0	205
㴔	kap1		0	205
㴕	wo4		0	205
㴖	lok6		0	205
㴗	jau1		0	205
㴘	mou6		0	205
㴙	zaap3		0	205
㴚	seoi6		0	205
㴛	zi3		0	205
㴜	pin3		0	205
㴝	lai4		0	205
㴞	tou1		0	205
㴟	hau5		0	205
㴠	haam4		0	205
㴡	hoeng1		0	205
㴢	cung1		0	205
㴣	ji4		0	205
㴤	cyu5		0	205
㴥	ciu3		0	205
㴦	gun3		0	205
㴧	sik1		0	205
㴨	zam6		0	205
㴩	jung1		0	205
㴪	jit6		0	205
㴫	gwan3		0	205
㴬	ze6		0	205
㴭	jiu2		0	205
㴮	sit3		0	205
㴯	zi1		0	205
㴰	nang4		0	205
㴱	sam1		0	205
㴲	si1		0	205
㴳	lung5		0	205
㴴	zaam3		0	205
㴵	mat6		0	205
㴶	kok3		0	205
㴷	daam1		0	205
㴸	sim2		0	205
㴹	mai4		0	205
㴺	zip3		0	205
㴻	syu6		0	205
㴼	suk1		0	205
㴽	sit3		0	205
㴾	but6		0	205
㴿	ding2		0	205
㵀	zuk6		0	205
㵁	fong1		0	205
㵂	syu3		0	205
㵃	se4		0	205
㵄	hon3		0	205
㵅	taam1		0	205
㵆	gou2		0	205
㵇	tim4		0	205
㵈	gu1		0	205
㵉	lam4		0	205
㵊	naap6		0	205
㵋	mik6		0	205
㵌	ceon4		0	205
㵍	mun5		0	205
㵎	gaan3		0	205
㵏	ceoi2		0	205
㵐	kyut3		0	205
㵑	ho6		0	205
㵒	fai3		0	205
㵓	zik6		0	205
㵔	ce2		0	205
㵕	sam3		0	205
㵖	neoi6		0	205
㵗	pang4		0	205
㵘	maan6		0	205
㵙	hei2		0	205
㵚	fu2		0	205
㵛	sin6		0	205
㵜	naam5		0	205
㵝	jeoi6		0	205
㵞	sau4		0	205
㵟	mei1	mei4	1	205
㵠	fat1		0	205
㵡	bok6		0	205
㵢	leoi4		0	205
㵣	hot3		0	205
㵤	saap3		0	205
㵥	mat6		0	205
㵦	seoi5		0	205
㵧	got3		0	205
㵨	pei3		0	205
㵩	jai6		0	205
㵪	jin4		0	205
㵫	nap6		0	205
㵬	jing4		0	205
㵭	zyu2		0	205
㵮	seon4		0	205
㵯	fung4		0	205
㵰	zeoi6		0	205
㵱	piu2		0	205
㵲	mou5		0	205
㵳	liu4		0	205
㵴	cong4		0	205
㵵	zau6		0	205
㵶	zit3		0	205
㵷	bin6		0	205
㵸	joek6		0	205
㵹	wun4		0	205
㵺	paai4		0	205
㵻	jau1		0	205
㵼	se3		0	205
㵽	leoi5		0	205
㵾	cing3		0	205
㵿	jiu5		0	205
㶀	gaau1		0	205
㶁	gwik1		0	205
㶂	wong4		0	205
㶃	mou5		0	205
㶄	jim4		0	205
㶅	hok6		0	205
㶆	zyu1		0	205
㶇	waang4		0	205
㶈	jing4		0	205
㶉	kai1		0	205
㶊	can2		0	205
㶋	jeoi6		0	205
㶌	lin4		0	205
㶍	sin2		0	205
㶎	waan4		0	205
㶏	jan1	jan2	1	205
㶐	jing3		0	205
㶑	lim6		0	205
㶒	sim2		0	205
㶓	cong4		0	205
㶔	baai6		0	205
㶕	gaan2		0	205
㶖	suk1		0	205
㶗	faan6		0	205
㶘	tim5		0	205
㶙	jeoi6		0	205
㶚	baa3		0	205
㶛	jyu4		0	205
㶜	jyun1		0	205
㶝	jing3		0	205
㶞	nong5		0	205
㶟	leoi5		0	205
㶠	jik6		0	205
㶡	daai6		0	205
㶢	gau2		0	205
㶣	cim4		0	205
㶤	caau2		0	205
㶥	gon1		0	205
㶦	zeon6		0	205
㶧	nyun6		0	205
㶨	pui1		0	205
㶩	jam4		0	205
㶪	pui1		0	205
㶫	liu5		0	205
㶬	mut6		0	205
㶭	jau2		0	205
㶮	siu1		0	205
㶯	lau6		0	205
㶰	ham4		0	205
㶱	bun2		0	205
㶲	jung6		0	205
㶳	zeon6		0	205
㶴	ci2		0	205
㶵	jam6		0	205
㶶	nung1	lung1	1	205
㶷	ceon4		0	205
㶸	hip3		0	205
㶹	hung6		0	205
㶺	tim3		0	205
㶻	fung1		0	205
㶼	zeon3		0	205
㶽	wo1		0	205
㶾	biu6		0	205
㶿	but6		0	205
㷀	king4		0	205
㷁	jung2		0	205
㷂	seoi5		0	205
㷃	ceoi2		0	205
㷄	fui2		0	205
㷅	caau2		0	205
㷆	fau6		0	205
㷇	fui1		0	205
㷈	ap1		0	205
㷉	wai3		0	205
㷊	fan4		0	205
㷋	taam4		0	205
㷌	zau2		0	205
㷍	leon4		0	205
㷎	hot3		0	205
㷏	jung2		0	205
㷐	wai2		0	205
㷑	jin1		0	205
㷒	jyu4		0	205
㷓	zung2		0	205
㷔	jim6		0	205
㷕	cau4		0	205
㷖	ziu3		0	205
㷗	gwing2		0	205
㷘	toi4		0	205
㷙	zin1		0	205
㷚	ting4		0	205
㷛	bou1		0	205
㷜	jik6		0	205
㷝	dat6		0	205
㷞	hau5		0	205
㷟	teoi3		0	205
㷠	leon4		0	205
㷡	gwing2		0	205
㷢	zaa2		0	205
㷣	sing1		0	205
㷤	huk1		0	205
㷥	zing1		0	205
㷦	gwik1		0	205
㷧	jyun4		0	205
㷨	fung1		0	205
㷩	hei1		0	205
㷪	zeon3		0	205
㷫	hing3		0	205
㷬	mok6		0	205
㷭	fung1		0	205
㷮	zou1		0	205
㷯	bung6		0	205
㷰	ci1		0	205
㷱	hung4		0	205
㷲	dung6		0	205
㷳	ngon6		0	205
㷴	lik6		0	205
㷵	mak6		0	205
㷶	bik1		0	205
㷷	zeon3		0	205
㷸	jip6		0	205
㷹	zaau3		0	205
㷺	saat3		0	205
㷻	mou4		0	205
㷼	jin3		0	205
㷽	sin6		0	205
㷾	koek3		0	205
㷿	him1		0	205
㸀	toi4		0	205
㸁	hon3		0	205
㸂	seoi6		0	205
㸃	dim2		0	205
㸄	zai6		0	205
㸅	zit3		0	205
㸆	kaau3		0	205
㸇	zyun3		0	205
㸈	ziu1		0	205
㸉	sit3		0	205
㸊	laai6		0	205
㸋	faan4		0	205
㸌	fok3		0	205
㸍	hei3		0	205
㸎	nip6		0	205
㸏	mei4		0	205
㸐	jin4		0	205
㸑	cyun3		0	205
㸒	jam4		0	205
㸓	mat6		0	205
㸔	hon3		0	205
㸕	fok3		0	205
㸖	ceoi1		0	205
㸗	tung4		0	205
㸘	maan6		0	205
㸙	ze1		0	205
㸚	lei5		0	205
㸛	siu4		0	205
㸜	hung3		0	205
㸝	him1		0	205
㸞	zit3		0	205
㸟	zi1		0	205
㸠	tiu5		0	205
㸡	syu4		0	205
㸢	bei6		0	205
㸣	jip6		0	205
㸤	pin3		0	205
㸥	zaam6		0	205
㸦	wu6		0	205
㸧	ngan4		0	205
㸨	kau1		0	205
㸩	ngon4		0	205
㸪	seon4		0	205
㸫	gin1		0	205
㸬	bui3		0	205
㸭	baa1		0	205
㸮	fan4		0	205
㸯	fo1		0	205
㸰	fo1		0	205
㸱	fo1		0	205
㸲	zok6		0	205
㸳	ling4		0	205
㸴	sek6		0	205
㸵	gwai2		0	205
㸶	jin1		0	205
㸷	sai6		0	205
㸸	hau6		0	205
㸹	lyut6		0	205
㸺	saa1		0	205
㸻	zi6		0	205
㸼	fung1		0	205
㸽	bui3		0	205
㸾	jan6		0	205
㸿	duk6		0	205
㹀	bui6		0	205
㹁	loeng4		0	205
㹂	jin4		0	205
㹃	fe3	he3	1	205
㹄	zik1		0	205
㹅	zung2		0	205
㹆	fai1		0	205
㹇	hot6		0	205
㹈	mou4		0	205
㹉	jyun4		0	205
㹊	ngok6		0	205
㹋	sau1		0	205
㹌	caan2		0	205
㹍	dik6		0	205
㹎	leoi4		0	205
㹏	gan2		0	205
㹐	sung4		0	205
㹑	sei3		0	205
㹒	pok3		0	205
㹓	jiu5		0	205
㹔	goeng1		0	205
㹕	waan4		0	205
㹖	waan6		0	205
㹗	tou1		0	205
㹘	jyu6		0	205
㹙	wang2		0	205
㹚	wang2		0	205
㹛	jiu4		0	205
㹜	ngan4		0	205
㹝	si6		0	205
㹞	ngan4		0	205
㹟	kyut3		0	205
㹠	tyun4		0	205
㹡	jyun4		0	205
㹢	gaa1		0	205
㹣	zung1		0	205
㹤	hip3		0	205
㹥	zyu3		0	205
㹦	diu1		0	205
㹧	ong1		0	205
㹨	jau6		0	205
㹩	hing5		0	205
㹪	saan1		0	205
㹫	ji4		0	205
㹬	si2		0	205
㹭	jai6		0	205
㹮	mak6		0	205
㹯	jau1		0	205
㹰	gong1	gwong1	1	205
㹱	zoek3		0	205
㹲	haau1		0	205
㹳	ng4		0	205
㹴	gang1		0	205
㹵	jing5		0	205
㹶	ting4		0	205
㹷	hei1		0	205
㹸	maau6		0	205
㹹	gang1		0	205
㹺	daat3		0	205
㹻	wo1		0	205
㹼	guk1		0	205
㹽	caan2		0	205
㹾	piu5		0	205
㹿	zuk6		0	205
㺀	fat1		0	205
㺁	nou5		0	205
㺂	ngaam4		0	205
㺃	gau2		0	205
㺄	jyu5		0	205
㺅	hau4		0	205
㺆	ban6		0	205
㺇	si1		0	205
㺈	ci1		0	205
㺉	kau3		0	205
㺊	joeng6		0	205
㺋	jung1		0	205
㺌	laam6		0	205
㺍	ban1	bin1	1	205
㺎	jung4		0	205
㺏	lau1	lau4	1	205
㺐	liu4		0	205
㺑	saam1		0	205
㺒	haau1		0	205
㺓	zaak3		0	205
㺔	hoi3		0	205
㺕	faan4		0	205
㺖	haam2		0	205
㺗	caan1		0	205
㺘	zaam3		0	205
㺙	sat6		0	205
㺚	caat3		0	205
㺛	zyu3		0	205
㺜	nung4		0	205
㺝	haam5		0	205
㺞	jyu4		0	205
㺟	zok6		0	205
㺠	jau6		0	205
㺡	lik6		0	205
㺢	fok3	o1	1	205
㺣	hei1		0	205
㺤	cim1		0	205
㺥	caam4		0	205
㺦	lin4		0	205
㺧	hiu1		0	205
㺨	si1		0	205
㺩	gau6		0	205
㺪	pok3		0	205
㺫	kau4		0	205
㺬	gung2		0	205
㺭	zi2		0	205
㺮	jyu1		0	205
㺯	lung6		0	205
㺰	si1		0	205
㺱	jing4		0	205
㺲	nau5		0	205
㺳	mui4		0	205
㺴	baat3		0	205
㺵	gau2		0	205
㺶	dau2		0	205
㺷	seot1		0	205
㺸	ping4		0	205
㺹	bin6		0	205
㺺	mou6		0	205
㺻	fat1		0	205
㺼	pat1		0	205
㺽	pei1		0	205
㺾	gwing1		0	205
㺿	ji4		0	205
㻀	jyu4		0	205
㻁	gwai1		0	205
㻂	ping4		0	205
㻃	kuk1		0	205
㻄	bou2		0	205
㻅	wui6		0	205
㻆	jyun5		0	205
㻇	cyun4		0	205
㻈	hau6		0	205
㻉	bou6		0	205
㻊	mun4		0	205
㻋	laat6		0	205
㻌	tou4		0	205
㻍	ng4		0	205
㻎	sat1		0	205
㻏	ling4		0	205
㻐	ceon1		0	205
㻑	gwai3		0	205
㻒	kwan5		0	205
㻓	zau1		0	205
㻔	do2		0	205
㻕	gwat6		0	205
㻖	doi6		0	205
㻗	pui3		0	205
㻘	sam2		0	205
㻙	juk6		0	205
㻚	pang4		0	205
㻛	ji6		0	205
㻜	cung1		0	205
㻝	laat6		0	205
㻞	ban1		0	205
㻟	ceoi4		0	205
㻠	dat6		0	205
㻡	sit3		0	205
㻢	si1		0	205
㻣	sam6		0	205
㻤	gik1		0	205
㻥	jau4		0	205
㻦	jyu4		0	205
㻧	do6		0	205
㻨	jyun2		0	205
㻩	gim1		0	205
㻪	zeon3		0	205
㻫	bit1		0	205
㻬	tou1		0	205
㻭	sat1		0	205
㻮	caan3		0	205
㻯	tou1		0	205
㻰	wai6		0	205
㻱	fung4		0	205
㻲	leoi5		0	205
㻳	lei6		0	205
㻴	maan6		0	205
㻵	zaan6		0	205
㻶	bat1		0	205
㻷	gik1		0	205
㻸	zam1		0	205
㻹	hyun1		0	205
㻺	lik6		0	205
㻻	deon1		0	205
㻼	taam4		0	205
㻽	zeoi6		0	205
㻾	jung1		0	205
㻿	suk6		0	205
㼀	daat6		0	205
㼁	ji6		0	205
㼂	man6		0	205
㼃	laap6		0	205
㼄	gei1		0	205
㼅	gong2	gwong2	1	205
㼆	jing4		0	205
㼇	king4		0	205
㼈	lo4		0	205
㼉	zam6		0	205
㼊	tyun4		0	205
㼋	gu1		0	205
㼌	jyu5		0	205
㼍	leoi5		0	205
㼎	bok6		0	205
㼏	leoi5	neoi5	1	205
㼐	pin4		0	205
㼑	lin6		0	205
㼒	tong2		0	205
㼓	lim4		0	205
㼔	wan1		0	205
㼕	dong1		0	205
㼖	lai6		0	205
㼗	ting4		0	205
㼘	ngaa5		0	205
㼙	zau3		0	205
㼚	gong1		0	205
㼛	jing4		0	205
㼜	ong3		0	205
㼝	wun2		0	205
㼞	pang3		0	205
㼟	baak6		0	205
㼠	to4		0	205
㼡	syu4		0	205
㼢	ji4		0	205
㼣	baak3		0	205
㼤	kit3		0	205
㼥	tau2		0	205
㼦	gung2		0	205
㼧	tung4		0	205
㼨	ham4		0	205
㼩	sing4		0	205
㼪	zip3		0	205
㼫	wun6		0	205
㼬	hang6		0	205
㼭	dim6		0	205
㼮	caai1		0	205
㼯	dung3		0	205
㼰	pei4		0	205
㼱	jyun5		0	205
㼲	lip6		0	205
㼳	saang2		0	205
㼴	ngau5		0	205
㼵	tai5		0	205
㼶	jyu4		0	205
㼷	zyun1		0	205
㼸	jung4		0	205
㼹	hong1		0	205
㼺	tong4		0	205
㼻	cung4		0	205
㼼	piu4		0	205
㼽	cong2		0	205
㼾	luk6		0	205
㼿	tung4		0	205
㽀	zeng6		0	205
㽁	lik6		0	205
㽂	saap3		0	205
㽃	pun1		0	205
㽄	si1		0	205
㽅	dang1		0	205
㽆	dong1		0	205
㽇	huk6		0	205
㽈	ji6		0	205
㽉	haam6		0	205
㽊	sip3		0	205
㽋	lo4		0	205
㽌	lau6		0	205
㽍	ham1		0	205
㽎	taam4		0	205
㽏	gam3		0	205
㽐	him1		0	205
㽑	taam4		0	205
㽒	sang1		0	205
㽓	san1		0	205
㽔	jeoi6		0	205
㽕	jau4		0	205
㽖	naam4		0	205
㽗	din6		0	205
㽘	gong2		0	205
㽙	zeon3		0	205
㽚	cik1		0	205
㽛	kau1		0	205
㽜	jyun2		0	205
㽝	lai6		0	205
㽞	lau4		0	205
㽟	lyut3		0	205
㽠	haap6		0	205
㽡	bei1		0	205
㽢	am2		0	205
㽣	wik6		0	205
㽤	guk1		0	205
㽥	jau4		0	205
㽦	wan4		0	205
㽧	zi1		0	205
㽨	co4		0	205
㽩	cam3		0	205
㽪	zang2		0	205
㽫	jung1		0	205
㽬	fu3		0	205
㽭	jyun4		0	205
㽮	sing1		0	205
㽯	kwai4		0	205
㽰	so1		0	205
㽱	gaau2		0	205
㽲	gaau2		0	205
㽳	heoi1		0	205
㽴	zoeng6		0	205
㽵	zong1		0	205
㽶	gei2		0	205
㽷	seoi3		0	205
㽸	sam4		0	205
㽹	faan2		0	205
㽺	gap1		0	205
㽻	zi1		0	205
㽼	jan5		0	205
㽽	gu3		0	205
㽾	ngat6		0	205
㽿	go1	gwo1	1	205
㾀	hip3		0	205
㾁	fat1		0	205
㾂	hoi1		0	205
㾃	to4		0	205
㾄	duk6		0	205
㾅	zi2		0	205
㾆	cim1		0	205
㾇	muk6		0	205
㾈	fu6		0	205
㾉	ling4		0	205
㾊	zek3		0	205
㾋	jau1		0	205
㾌	sin2		0	205
㾍	noi4		0	205
㾎	aap3		0	205
㾏	gaai3		0	205
㾐	lai6		0	205
㾑	daap3		0	205
㾒	jyu4		0	205
㾓	jyun1		0	205
㾔	leoi5		0	205
㾕	sam2		0	205
㾖	lei5		0	205
㾗	loeng6		0	205
㾘	gang2		0	205
㾙	jan3		0	205
㾚	se1		0	205
㾛	cam2		0	205
㾜	hip3		0	205
㾝	ce3		0	205
㾞	jau4		0	205
㾟	bou6		0	205
㾠	kong4		0	205
㾡	koek3		0	205
㾢	loi6		0	205
㾣	ham1		0	205
㾤	hong1		0	205
㾥	cuk1		0	205
㾦	pui1		0	205
㾧	fo3		0	205
㾨	ji1		0	205
㾩	gwaai1		0	205
㾪	saang2		0	205
㾫	pin1		0	205
㾬	gaai1		0	205
㾭	zau3		0	205
㾮	wong4		0	205
㾯	fui1		0	205
㾰	wu4		0	205
㾱	fai3		0	205
㾲	ngou4		0	205
㾳	zi1		0	205
㾴	caa4		0	205
㾵	gai3		0	205
㾶	gwat1		0	205
㾷	sai1		0	205
㾸	gou2		0	205
㾹	caai4		0	205
㾺	maa6		0	205
㾻	zyu6		0	205
㾼	teoi2		0	205
㾽	zeoi6		0	205
㾾	him1		0	205
㾿	long4		0	205
㿀	baan1		0	205
㿁	hiu1		0	205
㿂	zing1		0	205
㿃	zai6		0	205
㿄	aai3		0	205
㿅	sin2		0	205
㿆	gwo1		0	205
㿇	zaap6		0	205
㿈	jung1		0	205
㿉	teoi4		0	205
㿊	caam2		0	205
㿋	sou3		0	205
㿌	him1		0	205
㿍	gaai3		0	205
㿎	fan6		0	205
㿏	kwan4		0	205
㿐	ceoi1		0	205
㿑	joek6		0	205
㿒	dou2		0	205
㿓	gaap3		0	205
㿔	leoi5		0	205
㿕	jim4		0	205
㿖	lou4		0	205
㿗	teoi4		0	205
㿘	jing4		0	205
㿙	pei3		0	205
㿚	lo6		0	205
㿛	lai6		0	205
㿜	bit6		0	205
㿝	hoeng1		0	205
㿞	mou6		0	205
㿟	baak6		0	205
㿠	gong1	gwong1	1	205
㿡	dau1		0	205
㿢	jiu6		0	205
㿣	hot3		0	205
㿤	ceon2		0	205
㿥	hok6		0	205
㿦	ning6		0	205
㿧	cau4		0	205
㿨	lik6		0	205
㿩	tong2		0	205
㿪	jyun4		0	205
㿫	bei3		0	205
㿬	baa1		0	205
㿭	caak3		0	205
㿮	joeng3		0	205
㿯	daap3		0	205
㿰	ngaau4		0	205
㿱	zyut6		0	205
㿲	ji1		0	205
㿳	zi1		0	205
㿴	daap3		0	205
㿵	lou4		0	205
㿶	bong1		0	205
㿷	co4		0	205
㿸	maan5		0	205
㿹	taat3		0	205
㿺	pok1		0	205
㿻	gon1		0	205
㿼	jin4		0	205
㿽	hei1		0	205
㿾	cyu5		0	205
㿿	ngaa5		0	205
䀀	faan3		0	205
䀁	jau6		0	205
䀂	on1		0	205
䀃	teoi4		0	205
䀄	mung4		0	205
䀅	se5		0	205
䀆	zeon6		0	205
䀇	gu2		0	205
䀈	kei3		0	205
䀉	kiu4		0	205
䀊	gaau2		0	205
䀋	jim4		0	205
䀌	sik1		0	205
䀍	ham3		0	205
䀎	min5		0	205
䀏	jyun6		0	205
䀐	saam1		0	205
䀑	waat3		0	205
䀒	cin1		0	205
䀓	wun6		0	205
䀔	jan6		0	205
䀕	zan6		0	205
䀖	tin1		0	205
䀗	kyut3		0	205
䀘	kwai4		0	205
䀙	cai3		0	205
䀚	ngong4		0	205
䀛	maai6		0	205
䀜	maai6		0	205
䀝	bei2		0	205
䀞	tou1		0	205
䀟	fai6		0	205
䀠	keoi4		0	205
䀡	zim1		0	205
䀢	seon3		0	205
䀣	bei3		0	205
䀤	mau6		0	205
䀥	soek3		0	205
䀦	gu2		0	205
䀧	hung2		0	205
䀨	gwaat3		0	205
䀩	lok6		0	205
䀪	hong4		0	205
䀫	gaap3		0	205
䀬	cyun4		0	205
䀭	goi1		0	205
䀮	fong1		0	205
䀯	bou2		0	205
䀰	guk1		0	205
䀱	fung1		0	205
䀲	muk6		0	205
䀳	laat6		0	205
䀴	jing5		0	205
䀵	seon3		0	205
䀶	loeng6		0	205
䀷	gip3		0	205
䀸	cai3		0	205
䀹	gap6	sim2 zip3	0	205
䀺	cau1		0	205
䀻	ping3		0	205
䀼	can1		0	205
䀽	jin4		0	205
䀾	dou2		0	205
䀿	cai3		0	205
䁀	dai3		0	205
䁁	loeng6		0	205
䁂	haan6		0	205
䁃	biu1		0	205
䁄	jing6		0	205
䁅	maang5		0	205
䁆	jip3		0	205
䁇	mik6		0	205
䁈	kai3		0	205
䁉	kai3		0	205
䁊	waat3		0	205
䁋	hip3		0	205
䁌	wat6		0	205
䁍	hap1		0	205
䁎	caang4		0	205
䁏	jiu2		0	205
䁐	jing1		0	205
䁑	joeng4		0	205
䁒	cap1		0	205
䁓	zong1	zung1	1	205
䁔	hyun1		0	205
䁕	man4		0	205
䁖	lau1	lau4	1	205
䁗	hoi2		0	205
䁘	jiu5		0	205
䁙	aan3		0	205
䁚	syun2		0	205
䁛	gwai3		0	205
䁜	fong2		0	205
䁝	jing4		0	205
䁞	saang2		0	205
䁟	caa4		0	205
䁠	lim4		0	205
䁡	sim2		0	205
䁢	syun4		0	205
䁣	syun4		0	205
䁤	caak3		0	205
䁥	nik1		0	205
䁦	ceoi3		0	205
䁧	miu4		0	205
䁨	fok3		0	205
䁩	jyu4		0	205
䁪	zaam2		0	205
䁫	wat6		0	205
䁬	cang4		0	205
䁭	biu1		0	205
䁮	cim4		0	205
䁯	hap1		0	205
䁰	hong2		0	205
䁱	kau1		0	205
䁲	maai4		0	205
䁳	mong5		0	205
䁴	zin2		0	205
䁵	bin2		0	205
䁶	gik1		0	205
䁷	gok3		0	205
䁸	nong4		0	205
䁹	pai5		0	205
䁺	sik1		0	205
䁻	soek3		0	205
䁼	mak6		0	205
䁽	laap3		0	205
䁾	mit6		0	205
䁿	mak6		0	205
䂀	hei1		0	205
䂁	caam4		0	205
䂂	keoi4		0	205
䂃	ziu3		0	205
䂄	fok3		0	205
䂅	haan1		0	205
䂆	gwik1		0	205
䂇	luk6	nuk6	1	205
䂈	tung4		0	205
䂉	hau4		0	205
䂊	jyu6		0	205
䂋	jau5		0	205
䂌	cung1		0	205
䂍	bok6		0	205
䂎	zyun2		0	205
䂏	diu1		0	205
䂐	dyut3		0	205
䂑	zai1		0	205
䂒	kit3		0	205
䂓	kwai1		0	205
䂔	jing6		0	205
䂕	wai3		0	205
䂖	sek6		0	205
䂗	fat1		0	205
䂘	caai1		0	205
䂙	deoi1		0	205
䂚	haau4		0	205
䂛	jyu4		0	205
䂜	pong5		0	205
䂝	zaak3		0	205
䂞	ze3		0	205
䂟	gaa1		0	205
䂠	si2		0	205
䂡	dai2		0	205
䂢	dung2		0	205
䂣	ci1		0	205
䂤	fu6		0	205
䂥	man4		0	205
䂦	zan1		0	205
䂧	can2		0	205
䂨	cik1		0	205
䂩	jin6		0	205
䂪	haau1		0	205
䂫	ban6	haang1	1	205
䂬	gung2		0	205
䂭	haau1		0	205
䂮	loek6		0	205
䂯	gwaai3		0	205
䂰	laap6		0	205
䂱	jeoi6		0	205
䂲	faat3		0	205
䂳	co2		0	205
䂴	jin4		0	205
䂵	gung1		0	205
䂶	gip3		0	205
䂷	gwaai1		0	205
䂸	gwok3		0	205
䂹	saak3		0	205
䂺	wo2		0	205
䂻	zaang6		0	205
䂼	nit6		0	205
䂽	diu6		0	205
䂾	loi5		0	205
䂿	daap6		0	205
䃀	ceoi3		0	205
䃁	aa1		0	205
䃂	gwan2		0	205
䃃	mong5		0	205
䃄	ging1		0	205
䃅	dai1		0	205
䃆	kei4		0	205
䃇	min4		0	205
䃈	gaai1		0	205
䃉	man4		0	205
䃊	zeoi2		0	205
䃋	jyu4		0	205
䃌	zan1		0	205
䃍	zeoi6		0	205
䃎	zaa3		0	205
䃏	sing1		0	205
䃐	dat6		0	205
䃑	baan1		0	205
䃒	hat6		0	205
䃓	gau3		0	205
䃔	hung4		0	205
䃕	lou4		0	205
䃖	wu2		0	205
䃗	bok1		0	205
䃘	hang1		0	205
䃙	luk6		0	205
䃚	zuk6		0	205
䃛	lin6		0	205
䃜	ji1		0	205
䃝	hat6		0	205
䃞	suk6		0	205
䃟	saan3		0	205
䃠	syun4		0	205
䃡	zam1		0	205
䃢	jam1		0	205
䃣	wai2		0	205
䃤	suk1		0	205
䃥	cong4		0	205
䃦	deon1		0	205
䃧	lung4		0	205
䃨	koeng4		0	205
䃩	laau4	naau4	1	205
䃪	taan4		0	205
䃫	daam2		0	205
䃬	ngai5		0	205
䃭	gam2		0	205
䃮	daat6		0	205
䃯	lik1		0	205
䃰	caat3		0	205
䃱	cim3		0	205
䃲	pun4		0	205
䃳	laap6		0	205
䃴	zyu1		0	205
䃵	niu5		0	205
䃶	waai4		0	205
䃷	jing4		0	205
䃸	cim3		0	205
䃹	laan6		0	205
䃺	mo4		0	205
䃻	baa3		0	205
䃼	buk1		0	205
䃽	gwai2		0	205
䃾	bei2		0	205
䃿	fu1		0	205
䄀	wo6		0	205
䄁	jai6		0	205
䄂	lau6		0	205
䄃	joeng1		0	205
䄄	jan1		0	205
䄅	gyun3		0	205
䄆	wut6		0	205
䄇	cing4		0	205
䄈	dau6		0	205
䄉	ngo4		0	205
䄊	zi3		0	205
䄋	jim2		0	205
䄌	zeoi3		0	205
䄍	zaa3		0	205
䄎	kei2		0	205
䄏	hin1		0	205
䄐	hyun3		0	205
䄑	wut6		0	205
䄒	nam5		0	205
䄓	waang4		0	205
䄔	geoi2		0	205
䄕	se5		0	205
䄖	jyu4		0	205
䄗	jyun1		0	205
䄘	paang4		0	205
䄙	ming4		0	205
䄚	cou4		0	205
䄛	leoi4		0	205
䄜	lei4		0	205
䄝	cong1		0	205
䄞	zai3		0	205
䄟	ceoi3		0	205
䄠	sim4		0	205
䄡	daam1		0	205
䄢	zaai1		0	205
䄣	suk6		0	205
䄤	laai6		0	205
䄥	ling4		0	205
䄦	liu5		0	205
䄧	jing4		0	205
䄨	jyu4		0	205
䄩	jik6		0	205
䄪	tiu2		0	205
䄫	hei2		0	205
䄬	ji4		0	205
䄭	nin4		0	205
䄮	fu1		0	205
䄯	gin2		0	205
䄰	ngaa4		0	205
䄱	fong1		0	205
䄲	jeoi6		0	205
䄳	sin1		0	205
䄴	jyut6		0	205
䄵	lai4		0	205
䄶	bat6		0	205
䄷	sek6		0	205
䄸	pok3		0	205
䄹	nin4		0	205
䄺	zi6		0	205
䄻	tou4		0	205
䄼	tim2		0	205
䄽	sin1		0	205
䄾	juk6		0	205
䄿	jai6		0	205
䅀	lit6		0	205
䅁	on3		0	205
䅂	hok6		0	205
䅃	kung4		0	205
䅄	lai6		0	205
䅅	gwai1		0	205
䅆	zi3		0	205
䅇	suk1		0	205
䅈	jyun2		0	205
䅉	aa3	ngaa3	1	205
䅊	caa4		0	205
䅋	maan5		0	205
䅌	gyun1		0	205
䅍	ting5		0	205
䅎	jau5		0	205
䅏	mei6		0	205
䅐	gin2		0	205
䅑	jeoi4		0	205
䅒	mong4		0	205
䅓	geoi2		0	205
䅔	zi1		0	205
䅕	geoi1		0	205
䅖	am1		0	205
䅗	seoi3		0	205
䅘	loi4		0	205
䅙	muk6		0	205
䅚	hyun2		0	205
䅛	coeng1		0	205
䅜	do6		0	205
䅝	hung1		0	205
䅞	lak6	nak6	1	205
䅟	saam1	caam2	1	205
䅠	tai4		0	205
䅡	seoi2		0	205
䅢	zau3		0	205
䅣	wong4		0	205
䅤	cap1		0	205
䅥	git3		0	205
䅦	maau4		0	205
䅧	jim1		0	205
䅨	hoeng1		0	205
䅩	zi2		0	205
䅪	teoi4		0	205
䅫	loek6		0	205
䅬	aai3		0	205
䅭	pong4		0	205
䅮	cong3		0	205
䅯	tong4		0	205
䅰	an2	ngan2	1	205
䅱	ngan6		0	205
䅲	kei4		0	205
䅳	co4		0	205
䅴	sok3		0	205
䅵	zoek3		0	205
䅶	nau6		0	205
䅷	tou4		0	205
䅸	san1		0	205
䅹	lau4		0	205
䅺	biu1		0	205
䅻	lei4		0	205
䅼	maan4		0	205
䅽	hing1		0	205
䅾	sam4		0	205
䅿	waa4		0	205
䆀	mui5		0	205
䆁	gou1		0	205
䆂	lim4		0	205
䆃	dou6		0	205
䆄	zin2		0	205
䆅	ci4		0	205
䆆	cou3		0	205
䆇	fung6		0	205
䆈	zi6		0	205
䆉	baa6		0	205
䆊	seoi6		0	205
䆋	cau1		0	205
䆌	kai1		0	205
䆍	lung4		0	205
䆎	cim1		0	205
䆏	fai6		0	205
䆐	gwok3		0	205
䆑	caang4		0	205
䆒	gau3		0	205
䆓	ngaai6		0	205
䆔	cung1		0	205
䆕	jyut3		0	205
䆖	wang4		0	205
䆗	jiu2		0	205
䆘	aap3		0	205
䆙	jiu4		0	205
䆚	tung4		0	205
䆛	zaa3		0	205
䆜	jau6		0	205
䆝	hyut3		0	205
䆞	jiu2		0	205
䆟	hap1		0	205
䆠	waan6		0	205
䆡	laang1		0	205
䆢	jyut3		0	205
䆣	san4		0	205
䆤	cyun1		0	205
䆥	cyun1		0	205
䆦	sam1		0	205
䆧	wo1		0	205
䆨	ning4		0	205
䆩	ming4		0	205
䆪	hung1		0	205
䆫	coeng1		0	205
䆬	wan5		0	205
䆭	hin1		0	205
䆮	zam3		0	205
䆯	zeot1		0	205
䆰	jyu1		0	205
䆱	taam1		0	205
䆲	kwaang1		0	205
䆳	seoi6		0	205
䆴	gwai1		0	205
䆵	caang4		0	205
䆶	zau1		0	205
䆷	hyut3		0	205
䆸	zang1		0	205
䆹	cung1		0	205
䆺	pun1		0	205
䆻	kiu3		0	205
䆼	wo1		0	205
䆽	keoi4		0	205
䆾	laam4		0	205
䆿	ngai6		0	205
䇀	jung4		0	205
䇁	si1		0	205
䇂	hin1	ngaai6	1	205
䇃	zi6		0	205
䇄	hat1		0	205
䇅	fat6		0	205
䇇	maang4		0	205
䇈	waa6		0	205
䇊	gong2	gwong2	1	205
䇋	hoi6		0	205
䇌	ciu3		0	205
䇍	cuk1		0	205
䇎	coek3		0	205
䇏	deoi2		0	205
䇐	lei6		0	205
䇑	baa6		0	205
䇒	gaai3		0	205
䇓	seoi1		0	205
䇔	lo6		0	205
䇕	seoi1		0	205
䇖	wan5		0	205
䇗	zung1		0	205
䇘	wu6		0	205
䇙	jan5		0	205
䇚	pok3		0	205
䇛	zi2		0	205
䇜	him2		0	205
䇝	zim1		0	205
䇞	gam1		0	205
䇟	gin3		0	205
䇠	cyu5		0	205
䇡	cyu5		0	205
䇢	fu2		0	205
䇣	nip6		0	205
䇤	jeoi6		0	205
䇥	zaak3		0	205
䇦	joeng2		0	205
䇧	zai6		0	205
䇨	gung3		0	205
䇩	jai6		0	205
䇪	ci1		0	205
䇫	gei1		0	205
䇬	zyu1		0	205
䇭	lou5		0	205
䇮	jam6		0	205
䇯	jung4		0	205
䇰	zing1		0	205
䇱	naap6		0	205
䇲	caak3	gaap3	1	205
䇳	zin1		0	205
䇴	sai1		0	205
䇵	ngan4		0	205
䇶	gok3		0	205
䇷	bit6		0	205
䇸	cing4		0	205
䇹	kwan2	kwan3	1	205
䇺	dau6		0	205
䇻	mei5		0	205
䇼	jap1		0	205
䇽	zai3	zit3	1	205
䇾	jin4		0	205
䇿	cuk1		0	205
䈀	saan1		0	205
䈁	leon4		0	205
䈂	ping4		0	205
䈃	ziu2		0	205
䈄	ham4		0	205
䈅	wik6		0	205
䈆	daai6		0	205
䈇	zaau3		0	205
䈈	fei4		0	205
䈉	saap3		0	205
䈊	ling4		0	205
䈋	taap3		0	205
䈌	ceoi1		0	205
䈍	mang4		0	205
䈎	jip6		0	205
䈏	bok6		0	205
䈐	kui2		0	205
䈑	gwaa2		0	205
䈒	naam5		0	205
䈓	got3		0	205
䈔	gaa1		0	205
䈕	si4		0	205
䈖	fo1		0	205
䈗	so2		0	205
䈘	ci4		0	205
䈙	zau6		0	205
䈚	doi6		0	205
䈛	faai3		0	205
䈜	cam3		0	205
䈝	seoi1		0	205
䈞	zuk1		0	205
䈟	zit3		0	205
䈠	wun6		0	205
䈡	cung1		0	205
䈢	soi2		0	205
䈣	zing3		0	205
䈤	kim4		0	205
䈥	gan1		0	205
䈦	zung1		0	205
䈧	wai5		0	205
䈨	haan6		0	205
䈩	gim3		0	205
䈪	hik1		0	205
䈫	naap6		0	205
䈬	pou4		0	205
䈭	sau1		0	205
䈮	geoi3		0	205
䈯	zan1		0	205
䈰	saau1		0	205
䈱	tou1		0	205
䈲	bun1		0	205
䈳	daap6		0	205
䈴	him3		0	205
䈵	jung1		0	205
䈶	jung4		0	205
䈷	gaak3		0	205
䈸	huk6		0	205
䈹	sou2		0	205
䈺	zung1		0	205
䈻	pou4		0	205
䈼	mit6		0	205
䈽	gan1		0	205
䈾	saau1		0	205
䈿	mik6		0	205
䉀	syu3		0	205
䉁	ling4		0	205
䉂	leoi5		0	205
䉃	zoeng2		0	205
䉄	ling4		0	205
䉅	zap1		0	205
䉆	niu5		0	205
䉇	zaam1		0	205
䉈	saan2		0	205
䉉	gu1		0	205
䉊	faan6		0	205
䉋	mei6		0	205
䉌	seoi6		0	205
䉍	gaan2		0	205
䉎	tong4		0	205
䉏	haai5		0	205
䉐	fu1		0	205
䉑	mou4		0	205
䉒	faan1		0	205
䉓	lo6		0	205
䉔	caan1		0	205
䉕	cang4		0	205
䉖	ling4		0	205
䉗	jap1		0	205
䉘	soeng3		0	205
䉙	wan4		0	205
䉚	mang4		0	205
䉛	juk1		0	205
䉜	zi6		0	205
䉝	ngai5		0	205
䉞	dam2		0	205
䉟	wok6		0	205
䉠	mei4		0	205
䉡	taan4		0	205
䉢	sik1		0	205
䉣	se3		0	205
䉤	sou2	sau2	1	205
䉥	sung1		0	205
䉦	cin1		0	205
䉧	lau4		0	205
䉨	ngai6		0	205
䉩	au1		0	205
䉪	leoi6		0	205
䉫	lai4		0	205
䉬	fai3		0	205
䉭	lip6		0	205
䉮	leon6		0	205
䉯	haan6		0	205
䉰	haau6		0	205
䉱	au1		0	205
䉲	nei4		0	205
䉳	sin1		0	205
䉴	joeng4		0	205
䉵	zaan3	zaan6	1	205
䉶	soeng1		0	205
䉷	jim4		0	205
䉸	bin6		0	205
䉹	ling4		0	205
䉺	hong2		0	205
䉻	kei4		0	205
䉼	liu6		0	205
䉽	bun2		0	205
䉾	bei3		0	205
䉿	wu4		0	205
䊀	wu4		0	205
䊁	san1		0	205
䊂	caak3		0	205
䊃	bui6		0	205
䊄	kung4		0	205
䊅	ming4		0	205
䊆	gau6		0	205
䊇	bou1		0	205
䊈	mui4		0	205
䊉	sam2		0	205
䊊	mei6		0	205
䊋	zong1		0	205
䊌	bei3		0	205
䊍	lei4		0	205
䊎	hyun2		0	205
䊏	sam2		0	205
䊐	wan4		0	205
䊑	hoeng2		0	205
䊒	zing1		0	205
䊓	si6		0	205
䊔	jing1		0	205
䊕	zin1		0	205
䊖	naam5		0	205
䊗	wong4		0	205
䊘	zau3		0	205
䊙	jin4		0	205
䊚	deoi1		0	205
䊛	saat3		0	205
䊜	tyun4		0	205
䊝	sit3		0	205
䊞	zaak6		0	205
䊟	mun4		0	205
䊠	hei3		0	205
䊡	mun4		0	205
䊢	zoeng1		0	205
䊣	wong4		0	205
䊤	taam4		0	205
䊥	siu3		0	205
䊦	jit3	et3 it3	1	205
䊧	pei3		0	205
䊨	lo4		0	205
䊩	faan4		0	205
䊪	lai6		0	205
䊫	ceoi2		0	205
䊬	caa2		0	205
䊭	dou6		0	205
䊮	dik6		0	205
䊯	kong3		0	205
䊰	cyu4		0	205
䊱	cim1		0	205
䊲	caan3		0	205
䊳	mei4		0	205
䊴	cim3		0	205
䊵	kau4		0	205
䊶	zan5		0	205
䊷	zi1		0	205
䊸	jyu1		0	205
䊹	cin1		0	205
䊺	wu6		0	205
䊻	gam1		0	205
䊼	ci2		0	205
䊽	gwaai3		0	205
䊾	muk6		0	205
䊿	fu1		0	205
䋀	waa5		0	205
䋁	gang2		0	205
䋂	haau4		0	205
䋃	mou6		0	205
䋄	mong5		0	205
䋅	ngau4		0	205
䋆	wu6		0	205
䋇	jik6		0	205
䋈	leoi4	neoi4	1	205
䋉	jyut6		0	205
䋊	zing1		0	205
䋋	man4		0	205
䋌	goeng2		0	205
䋍	o1		0	205
䋎	zaan6		0	205
䋏	zok6		0	205
䋐	jyut6		0	205
䋑	lit6		0	205
䋒	syu1		0	205
䋓	zau3		0	205
䋔	pei1		0	205
䋕	jam6		0	205
䋖	jyut6		0	205
䋗	gin1		0	205
䋘	zeoi6		0	205
䋙	ji5		0	205
䋚	jik6		0	205
䋛	mai5		0	205
䋜	hing3		0	205
䋝	jing1		0	205
䋞	mong5		0	205
䋟	gei6		0	205
䋠	bou2		0	205
䋡	syu1		0	205
䋢	pit3		0	205
䋣	faan4		0	205
䋤	joek6		0	205
䋥	lei4		0	205
䋦	faan4		0	205
䋧	keoi4		0	205
䋨	fu2		0	205
䋩	ji4		0	205
䋪	o1		0	205
䋫	zang1		0	205
䋬	tim1		0	205
䋭	juk6		0	205
䋮	gam1		0	205
䋯	hing3		0	205
䋰	guk1		0	205
䋱	lei4		0	205
䋲	sing4		0	205
䋳	bui3		0	205
䋴	nau6		0	205
䋵	ai3		0	205
䋶	seoi1		0	205
䋷	mau4		0	205
䋸	ceon4		0	205
䋹	fuk1		0	205
䋺	cau1		0	205
䋻	nam4		0	205
䋼	ting1		0	205
䋽	bung2		0	205
䋾	zaa2		0	205
䋿	wui1		0	205
䌀	fo1		0	205
䌁	jiu1		0	205
䌂	ak1		0	205
䌃	siu1		0	205
䌄	gang2		0	205
䌅	tong4		0	205
䌆	gwai3		0	205
䌇	sok3		0	205
䌈	taap3		0	205
䌉	gong1		0	205
䌊	jau4		0	205
䌋	daap3		0	205
䌌	cap1	cip3 zip3	1	205
䌍	gan2		0	205
䌎	loek6		0	205
䌏	mat6		0	205
䌐	mik6		0	205
䌑	gin1		0	205
䌒	luk6		0	205
䌓	faan4		0	205
䌔	au1		0	205
䌕	mei4		0	205
䌖	cap1		0	205
䌗	fu2		0	205
䌘	bit3		0	205
䌙	wong6		0	205
䌚	suk1		0	205
䌛	jau4	jiu4	1	205
䌜	nip6		0	205
䌝	gam1		0	205
䌞	lim5		0	205
䌟	baak6		0	205
䌠	gaam1		0	205
䌡	tai2		0	205
䌢	ling4		0	205
䌣	zyun2		0	205
䌤	si1		0	205
䌥	jan5		0	205
䌦	dou6		0	205
䌧	cau4		0	205
䌨	coi3		0	205
䌩	mit6		0	205
䌪	jim5		0	205
䌫	laam6		0	205
䌬	cung4		0	205
䌭	ziu1		0	205
䌮	soeng1		0	205
䌯	hyun1		0	205
䌰	nip6		0	205
䌱	lo6		0	205
䌲	fan1		0	205
䌳	si1		0	205
䌴	lo6		0	205
䌵	zuk1		0	205
䌶	zi1		0	205
䌷	cau4	cau1	1	205
䌸	gyun3		0	205
䌹	gwing2		0	205
䌺	ji5		0	205
䌻	jik6		0	205
䌼	deoi6		0	205
䌽	coi2		0	205
䌾	nam4	lam4	1	205
䌿	fuk1		0	205
䍀	laam4		0	205
䍁	seoi6		0	205
䍂	jyu4		0	205
䍃	jau4		0	205
䍄	dim2		0	205
䍅	ling4		0	205
䍆	zyu2		0	205
䍇	daap6		0	205
䍈	ping4		0	205
䍉	zaak3		0	205
䍊	gaau1		0	205
䍋	seoi4		0	205
䍌	pau2		0	205
䍍	kau3		0	205
䍎	cyun3		0	205
䍏	jyun4		0	205
䍐	hon2		0	205
䍑	hon2		0	205
䍒	mau5		0	205
䍓	wu6		0	205
䍔	gwang1		0	205
䍕	dai1		0	205
䍖	fau4		0	205
䍗	jyun6		0	205
䍘	bei1		0	205
䍙	mui4		0	205
䍚	long6		0	205
䍛	gu3		0	205
䍜	zaau3		0	205
䍝	taap3		0	205
䍞	wik6		0	205
䍟	zung1		0	205
䍠	lei4		0	205
䍡	luk6		0	205
䍢	mou5		0	205
䍣	leoi4		0	205
䍤	zai2		0	205
䍥	lik6		0	205
䍦	lei4		0	205
䍧	zong1		0	205
䍨	but3		0	205
䍩	joeng5		0	205
䍪	mat6		0	205
䍫	to4		0	205
䍬	paang1		0	205
䍭	zong1		0	205
䍮	siu6		0	205
䍯	gwai2		0	205
䍰	jin1		0	205
䍱	ceoi4		0	205
䍲	laai4	naai4	1	205
䍳	kyut3		0	205
䍴	wai2		0	205
䍵	zang1		0	205
䍶	dung1		0	205
䍷	wai5		0	205
䍸	bok3		0	205
䍹	zin1		0	205
䍺	waan4		0	205
䍻	syun3		0	205
䍼	zaam1		0	205
䍽	lik6		0	205
䍾	jin5		0	205
䍿	wong4		0	205
䎀	hyut3		0	205
䎁	wu4		0	205
䎂	bou2		0	205
䎃	jim5		0	205
䎄	hiu1		0	205
䎅	pok3		0	205
䎆	liu6		0	205
䎇	zau1		0	205
䎈	jai6		0	205
䎉	wat1		0	205
䎊	lok6		0	205
䎋	kaau3		0	205
䎌	cuk1		0	205
䎍	fu1		0	205
䎎	nip6		0	205
䎏	ham1		0	205
䎐	caau2		0	205
䎑	luk6		0	205
䎒	zaan2		0	205
䎓	daap6		0	205
䎔	fu1		0	205
䎕	gwang1		0	205
䎖	zang1		0	205
䎗	kiu4		0	205
䎘	suk1		0	205
䎙	pan1		0	205
䎚	wai6		0	205
䎛	lou5		0	205
䎜	fan1		0	205
䎝	zyu3		0	205
䎞	ze2		0	205
䎟	ji4		0	205
䎠	ji4		0	205
䎡	jyun5		0	205
䎢	hat1		0	205
䎣	zi6		0	205
䎤	guk6		0	205
䎥	gaak3		0	205
䎦	jim5		0	205
䎧	pong5		0	205
䎨	jip3		0	205
䎩	zi1		0	205
䎪	lak6	nak6	1	205
䎫	zung1		0	205
䎬	paa4		0	205
䎭	cou1		0	205
䎮	tai3		0	205
䎯	hon3		0	205
䎰	zok6		0	205
䎱	paa4		0	205
䎲	zip3		0	205
䎳	waat6		0	205
䎴	gaang1		0	205
䎵	bei3		0	205
䎶	nei6		0	205
䎷	zyu3		0	205
䎸	ng6		0	205
䎹	man4		0	205
䎺	zai3		0	205
䎻	zau3		0	205
䎼	luk6		0	205
䎽	man4		0	205
䎾	gwan3		0	205
䎿	cau4		0	205
䏀	laat6		0	205
䏁	zoi2		0	205
䏂	sau2		0	205
䏃	min4		0	205
䏄	dai2		0	205
䏅	cai3		0	205
䏆	cou4		0	205
䏇	piu3		0	205
䏈	lyun4		0	205
䏉	sap1		0	205
䏊	lung4		0	205
䏋	suk1		0	205
䏌	hat1		0	205
䏍	jyun1		0	205
䏎	fung4		0	205
䏏	heoi1		0	205
䏐	kyut3		0	205
䏑	zek3		0	205
䏒	pin3		0	205
䏓	gun2		0	205
䏔	nau5		0	205
䏕	jam6		0	205
䏖	zan6		0	205
䏗	gui3		0	205
䏘	pat1		0	205
䏙	dam1		0	205
䏚	cau2		0	205
䏛	ceon2		0	205
䏜	hap1		0	205
䏝	zyun1	seon4	1	205
䏞	mut6		0	205
䏟	bit6		0	205
䏠	jap1		0	205
䏡	si6		0	205
䏢	bei2		0	205
䏣	zeoi1		0	205
䏤	seon3		0	205
䏥	taam1		0	205
䏦	gwaat3		0	205
䏧	naa6		0	205
䏨	fui2		0	205
䏩	hip3		0	205
䏪	nei6		0	205
䏫	jau1		0	205
䏬	mau4		0	205
䏭	zyu1		0	205
䏮	hip3		0	205
䏯	zi3		0	205
䏰	jeon6		0	205
䏱	guk1		0	205
䏲	dit6		0	205
䏳	zit3		0	205
䏴	saau3		0	205
䏵	mung5		0	205
䏶	bai3		0	205
䏷	hon6		0	205
䏸	jyu4		0	205
䏹	jin6		0	205
䏺	pong1		0	205
䏻	nang4		0	205
䏼	caan4		0	205
䏽	bau6		0	205
䏾	pong1		0	205
䏿	kai2		0	205
䐀	gei3		0	205
䐁	duk1		0	205
䐂	luk6		0	205
䐃	kwan5		0	205
䐄	haam6		0	205
䐅	hei1		0	205
䐆	coi2		0	205
䐇	man5		0	205
䐈	zik1		0	205
䐉	zi3		0	205
䐊	gwan1		0	205
䐋	cung1		0	205
䐌	tin2		0	205
䐍	zo3		0	205
䐎	dai1		0	205
䐏	ceon2		0	205
䐐	cau1		0	205
䐑	zip3		0	205
䐒	zaa1		0	205
䐓	jau4		0	205
䐔	ban2		0	205
䐕	cap1		0	205
䐖	si1		0	205
䐗	zyu1		0	205
䐘	koek6		0	205
䐙	gaak3		0	205
䐚	zik1		0	205
䐛	daap1	dap1	1	205
䐜	can1		0	205
䐝	so3		0	205
䐞	joek6		0	205
䐟	hong2		0	205
䐠	fong1		0	205
䐡	ci4		0	205
䐢	zo3		0	205
䐣	seon3		0	205
䐤	caai1		0	205
䐥	ung3		0	205
䐦	hap1		0	205
䐧	hou3		0	205
䐨	guk1		0	205
䐩	goi1		0	205
䐪	zeon3		0	205
䐫	cung1		0	205
䐬	cou4		0	205
䐭	zai6		0	205
䐮	caan2		0	205
䐯	leoi4		0	205
䐰	sau1		0	205
䐱	zaai3		0	205
䐲	zaap6		0	205
䐳	jyu4		0	205
䐴	gui3		0	205
䐵	gwang1		0	205
䐶	zaam1		0	205
䐷	daan1		0	205
䐸	waak6		0	205
䐹	sau1		0	205
䐺	taam3		0	205
䐻	gu1		0	205
䐼	hai6		0	205
䐽	mun4		0	205
䐾	dok6		0	205
䐿	ou3		0	205
䑀	pik1		0	205
䑁	uk1		0	205
䑂	jaai5		0	205
䑃	mung4		0	205
䑄	bei6		0	205
䑅	mang4		0	205
䑆	joeng5		0	205
䑇	zat1		0	205
䑈	bok1		0	205
䑉	jing4		0	205
䑊	wai4		0	205
䑋	joeng5		0	205
䑌	laan4		0	205
䑍	jin1		0	205
䑎	caam2		0	205
䑏	kyun4		0	205
䑐	can2		0	205
䑑	buk6		0	205
䑒	dou3		0	205
䑓	toi4		0	205
䑔	fai3		0	205
䑕	syu2		0	205
䑖	zit3		0	205
䑗	tong4		0	205
䑘	co4		0	205
䑙	daam1		0	205
䑚	tim4		0	205
䑛	saai5		0	205
䑜	taap3		0	205
䑝	gaa2		0	205
䑞	seon3		0	205
䑟	wong4		0	205
䑠	liu5		0	205
䑡	caa1		0	205
䑢	ngat6		0	205
䑣	cam1		0	205
䑤	gam6		0	205
䑥	ngap6		0	205
䑦	kau1		0	205
䑧	fu1		0	205
䑨	to4		0	205
䑩	gu2		0	205
䑪	ngap6		0	205
䑫	bang1		0	205
䑬	tou1		0	205
䑭	dai3		0	205
䑮	do2		0	205
䑯	tai5		0	205
䑰	bou6		0	205
䑱	jyun2		0	205
䑲	zaau6		0	205
䑳	leon4		0	205
䑴	kei4		0	205
䑵	muk6		0	205
䑶	sin3		0	205
䑷	gin1		0	205
䑸	zung1		0	205
䑹	sau1		0	205
䑺	faan4		0	205
䑻	jau4		0	205
䑼	zau1		0	205
䑽	taap3		0	205
䑾	zek3		0	205
䑿	suk1		0	205
䒀	bou6		0	205
䒁	zaap6		0	205
䒂	zoeng2		0	205
䒃	zou6		0	205
䒄	fu3		0	205
䒅	tang4		0	205
䒆	cit3		0	205
䒇	fu3		0	205
䒈	fei6		0	205
䒉	mou5		0	205
䒊	hei1		0	205
䒋	joeng2		0	205
䒌	ming6		0	205
䒍	pong2		0	205
䒎	mong5		0	205
䒏	zang2		0	205
䒐	mang4		0	205
䒑	baat3		0	205
䒒	tiu4		0	205
䒓	kaai2		0	205
䒔	baai3		0	205
䒕	siu2		0	205
䒖	seon3		0	205
䒗	hat1		0	205
䒘	seoi1		0	205
䒙	cong4		0	205
䒚	siu2		0	205
䒛	waan6		0	205
䒜	ngau4		0	205
䒝	haau4		0	205
䒞	cam4		0	205
䒟	daan1		0	205
䒠	fung1		0	205
䒡	jan5		0	205
䒢	ngong4		0	205
䒣	jim5		0	205
䒤	jat6		0	205
䒥	mun4		0	205
䒦	faan3		0	205
䒧	keoi1		0	205
䒨	si2		0	205
䒩	wo4		0	205
䒪	bin6		0	205
䒫	doi6		0	205
䒬	mok6		0	205
䒭	dang2		0	205
䒮	gong1		0	205
䒯	jyun4		0	205
䒰	hong1		0	205
䒱	zing1		0	205
䒲	zaa3		0	205
䒳	do2		0	205
䒴	jau5		0	205
䒵	hou1		0	205
䒶	tin1		0	205
䒷	gwaa1	kut3	1	205
䒸	hyut3		0	205
䒹	loi6		0	205
䒺	gan2		0	205
䒻	hei2		0	205
䒼	kuk1		0	205
䒽	mong5		0	205
䒾	ji1		0	205
䒿	liu4		0	205
䓀	gat1		0	205
䓁	dang2		0	205
䓂	jin4		0	205
䓃	jap1		0	205
䓄	ngan4		0	205
䓅	kan4		0	205
䓆	zit3		0	205
䓇	jik1		0	205
䓈	jik6		0	205
䓉	je4		0	205
䓊	ng4		0	205
䓋	zi1		0	205
䓌	zi3		0	205
䓍	hon2		0	205
䓎	cuk1		0	205
䓏	fu1		0	205
䓐	seon4		0	205
䓑	ping4		0	205
䓒	gwaai2		0	205
䓓	cau4		0	205
䓔	haau3		0	205
䓕	jyun5	wai2	1	205
䓖	kung4		0	205
䓗	cung1		0	205
䓘	gou1		0	205
䓙	kwaa1		0	205
䓚	ceoi1		0	205
䓛	gwat1	wat1	1	205
䓜	zi1		0	205
䓝	maang6		0	205
䓞	leoi6		0	205
䓟	zau1		0	205
䓠	taap3		0	205
䓡	zi1		0	205
䓢	gu3		0	205
䓣	loeng5		0	205
䓤	fat1		0	205
䓥	laat6		0	205
䓦	din2		0	205
䓧	gik1		0	205
䓨	aang1		0	205
䓩	zi1		0	205
䓪	ji6		0	205
䓫	kei4		0	205
䓬	coek3		0	205
䓭	saat3		0	205
䓮	mau6		0	205
䓯	duk6		0	205
䓰	jan1		0	205
䓱	caai4		0	205
䓲	jeoi6		0	205
䓳	han2		0	205
䓴	jyun5		0	205
䓵	fu1		0	205
䓶	laai6		0	205
䓷	hang6		0	205
䓸	gaan1		0	205
䓹	ji3		0	205
䓺	mei5		0	205
䓻	kau3		0	205
䓼	mong4		0	205
䓽	gei3		0	205
䓾	so1		0	205
䓿	ham6		0	205
䔀	seoi1		0	205
䔁	leot6		0	205
䔂	zi2		0	205
䔃	zou2		0	205
䔄	jiu4		0	205
䔅	go1		0	205
䔆	lei4		0	205
䔇	hei2		0	205
䔈	gung3		0	205
䔉	lik6		0	205
䔊	bang1		0	205
䔋	so1		0	205
䔌	gou1		0	205
䔍	duk1		0	205
䔎	suk1		0	205
䔏	cau3		0	205
䔐	zin1		0	205
䔑	ce4		0	205
䔒	pui5		0	205
䔓	heoi2		0	205
䔔	ging3		0	205
䔕	pou4		0	205
䔖	ling4		0	205
䔗	coeng4		0	205
䔘	zou6		0	205
䔙	diu3		0	205
䔚	seon4		0	205
䔛	gwing2	king2	1	205
䔜	naam4		0	205
䔝	zaai1		0	205
䔞	leot6		0	205
䔟	ji4		0	205
䔠	saau2		0	205
䔡	jyu4		0	205
䔢	waa4		0	205
䔣	lai4		0	205
䔤	paa1		0	205
䔥	siu1		0	205
䔦	mui4		0	205
䔧	lei4		0	205
䔨	ung3		0	205
䔩	cik1		0	205
䔪	song2		0	205
䔫	so1		0	205
䔬	ji6		0	205
䔭	ling5	ning5	1	205
䔮	si1		0	205
䔯	fu3		0	205
䔰	fu3		0	205
䔱	jap1		0	205
䔲	dang1		0	205
䔳	jin4		0	205
䔴	cak1		0	205
䔵	gaan1		0	205
䔶	tai4		0	205
䔷	kam4		0	205
䔸	biu2		0	205
䔹	seoi6		0	205
䔺	wai4		0	205
䔻	deon1		0	205
䔼	sap1		0	205
䔽	oi3		0	205
䔾	hei3		0	205
䔿	zyun2		0	205
䕀	fun2		0	205
䕁	fei2		0	205
䕂	jyun5		0	205
䕃	jam1		0	205
䕄	zing1		0	205
䕅	sou2		0	205
䕆	dau6		0	205
䕇	wui6		0	205
䕈	sip3		0	205
䕉	zaak6		0	205
䕊	taan4		0	205
䕋	tong4		0	205
䕌	zi6		0	205
䕍	jai6		0	205
䕎	fuk1		0	205
䕏	ngo4		0	205
䕐	fuk1		0	205
䕑	seoi1		0	205
䕒	gaa1		0	205
䕓	caat3		0	205
䕔	haam4		0	205
䕕	maan6		0	205
䕖	syun1		0	205
䕗	bei6		0	205
䕘	ling4		0	205
䕙	zit6		0	205
䕚	gwai6		0	205
䕛	gaap3		0	205
䕜	ceoi3		0	205
䕝	cing1		0	205
䕞	long6		0	205
䕟	hing1		0	205
䕠	fai3		0	205
䕡	leoi4		0	205
䕢	zaa2		0	205
䕣	hot6		0	205
䕤	kei4		0	205
䕥	lei5	nei5	1	205
䕦	jing4		0	205
䕧	gaau1		0	205
䕨	tang4		0	205
䕩	lou5		0	205
䕪	zaak6		0	205
䕫	kwai4		0	205
䕬	goeng1		0	205
䕭	cam4	cim4	1	205
䕮	guk1		0	205
䕯	piu1		0	205
䕰	faan4		0	205
䕱	tau4		0	205
䕲	lam5		0	205
䕳	mei4		0	205
䕴	zuk1		0	205
䕵	kit3		0	205
䕶	wu6		0	205
䕷	mei4		0	205
䕸	gaai1		0	205
䕹	zaap6		0	205
䕺	cung4		0	205
䕻	lai6		0	205
䕼	jin4		0	205
䕽	zuk6		0	205
䕾	jam4		0	205
䕿	hon3		0	205
䖀	hiu1		0	205
䖁	jik1		0	205
䖂	lyun4		0	205
䖃	joek6		0	205
䖄	jin4		0	205
䖅	ling4		0	205
䖆	noeng6		0	205
䖇	wat1		0	205
䖈	joek6		0	205
䖉	heoi1		0	205
䖊	ngaai6		0	205
䖋	joek6		0	205
䖌	ngat6		0	205
䖍	kin4		0	205
䖎	haap6		0	205
䖏	cyu2	cyu3	1	205
䖐	ngan4		0	205
䖑	mik6		0	205
䖒	hei1		0	205
䖓	neot6		0	205
䖔	ham2		0	205
䖕	zou2		0	205
䖖	haap6		0	205
䖗	ngaam4		0	205
䖘	tou4		0	205
䖙	tai1		0	205
䖚	wu1		0	205
䖛	sok3		0	205
䖜	wui4		0	205
䖝	cung4		0	205
䖞	zau2		0	205
䖟	mong4		0	205
䖠	jyun4		0	205
䖡	nuk6		0	205
䖢	miu4		0	205
䖣	zou2		0	205
䖤	jyun1		0	205
䖥	maau4		0	205
䖦	wat1		0	205
䖧	laat6	naat6	1	205
䖨	sek6		0	205
䖩	bat6		0	205
䖪	zi1		0	205
䖫	pong5		0	205
䖬	gaap3		0	205
䖭	gyun3		0	205
䖮	hoeng2		0	205
䖯	kwai1		0	205
䖰	paai3		0	205
䖱	hong1		0	205
䖲	ceon4		0	205
䖳	caa3	zaa3	1	205
䖴	jiu4		0	205
䖵	kwan1		0	205
䖶	fui1		0	205
䖷	hei1		0	205
䖸	ngo4		0	205
䖹	mei5		0	205
䖺	tiu4		0	205
䖻	lau4		0	205
䖼	koek6		0	205
䖽	lei4		0	205
䖾	jyun4		0	205
䖿	lei4		0	205
䗀	cing1		0	205
䗁	gei6		0	205
䗂	fu2		0	205
䗃	zaan6		0	205
䗄	fu2		0	205
䗅	jau4		0	205
䗆	gun2		0	205
䗇	guk6		0	205
䗈	mong4		0	205
䗉	coeng1		0	205
䗊	taam3		0	205
䗋	mau4		0	205
䗌	sing1		0	205
䗍	lai5		0	205
䗎	jin1		0	205
䗏	sau1		0	205
䗐	si1		0	205
䗑	jap6		0	205
䗒	bing6		0	205
䗓	cung1		0	205
䗔	hau4		0	205
䗕	jyun1		0	205
䗖	dai3		0	205
䗗	hin1		0	205
䗘	gap3		0	205
䗙	hon4		0	205
䗚	bok3		0	205
䗛	sau1		0	205
䗜	lau4		0	205
䗝	caam4		0	205
䗞	caam4		0	205
䗟	ai3		0	205
䗠	syun4		0	205
䗡	jin4		0	205
䗢	zou2		0	205
䗣	haam4		0	205
䗤	jung4		0	205
䗥	zung1		0	205
䗦	fung1		0	205
䗧	hong1		0	205
䗨	jyu4		0	205
䗩	cik1		0	205
䗪	ze3		0	205
䗫	maa4		0	205
䗬	fung1		0	205
䗭	waan6		0	205
䗮	song2		0	205
䗯	zeon3		0	205
䗰	gun3		0	205
䗱	buk6		0	205
䗲	leon6		0	205
䗳	dang1		0	205
䗴	ting4		0	205
䗵	goeng1		0	205
䗶	laap6		0	205
䗷	ji3		0	205
䗸	jung1		0	205
䗹	ci3		0	205
䗺	jin5		0	205
䗻	zit3		0	205
䗼	fan1		0	205
䗽	wai6		0	205
䗾	hin2		0	205
䗿	ning4		0	205
䘀	fau6		0	205
䘁	zit3		0	205
䘂	zim1		0	205
䘃	mak6		0	205
䘄	zyu3		0	205
䘅	noi6		0	205
䘆	hin2	hyun2	1	205
䘇	man1		0	205
䘈	lai6		0	205
䘉	caam4		0	205
䘊	mit6		0	205
䘋	zim1		0	205
䘌	nik1		0	205
䘍	caai3		0	205
䘎	waan1		0	205
䘏	seot1		0	205
䘐	nuk6		0	205
䘑	mak6		0	205
䘒	syun1	zeoi1 zyun1 zeon1	1	205
䘓	ham3		0	205
䘔	kaak3		0	205
䘕	hong4		0	205
䘖	haam4		0	205
䘗	fai1		0	205
䘘	jyu6		0	205
䘙	wai6		0	205
䘚	zeot1		0	205
䘛	gei1		0	205
䘜	gan1		0	205
䘝	jik6		0	205
䘞	maa6		0	205
䘟	diu1		0	205
䘠	fat1		0	205
䘡	bei6		0	205
䘢	zyu2		0	205
䘣	zi2		0	205
䘤	seot6		0	205
䘥	haap6		0	205
䘦	nai4		0	205
䘧	joeng1		0	205
䘨	giu2		0	205
䘩	seon1		0	205
䘪	cung1		0	205
䘫	jyu4		0	205
䘬	jung4		0	205
䘭	zi3		0	205
䘮	song1	song3	1	205
䘯	saau1		0	205
䘰	sin1		0	205
䘱	jyu6		0	205
䘲	zam1		0	205
䘳	gam1	kam1	1	205
䘴	zung1		0	205
䘵	luk6		0	205
䘶	haam4		0	205
䘷	bit3		0	205
䘸	jik6		0	205
䘹	zeoi3		0	205
䘺	zaan6		0	205
䘻	juk6		0	205
䘼	jyun2		0	205
䘽	ngai4		0	205
䘾	gun2		0	205
䘿	gwat6		0	205
䙀	bang1		0	205
䙁	zin1		0	205
䙂	zung1		0	205
䙃	do6		0	205
䙄	cap1		0	205
䙅	jiu1		0	205
䙆	wai3		0	205
䙇	jyun4		0	205
䙈	hau4		0	205
䙉	ceon4		0	205
䙊	daai3		0	205
䙋	syun1		0	205
䙌	kui2	kwui2	1	205
䙍	fei1		0	205
䙎	haai4		0	205
䙏	bok3		0	205
䙐	hak1		0	205
䙑	ceoi1		0	205
䙒	cuk1		0	205
䙓	baai2	bei1	1	205
䙔	au1		0	205
䙕	zung2		0	205
䙖	bang1		0	205
䙗	tai3		0	205
䙘	co2		0	205
䙙	ci4		0	205
䙚	niu5		0	205
䙛	gwan2		0	205
䙜	fung4		0	205
䙝	dip6		0	205
䙞	dang1		0	205
䙟	wai4		0	205
䙠	gyut6		0	205
䙡	kui2		0	205
䙢	zang3		0	205
䙣	saap3		0	205
䙤	do2		0	205
䙥	ling4		0	205
䙦	mung4		0	205
䙧	fan1		0	205
䙨	gwo2		0	205
䙩	mung4		0	205
䙪	paan3		0	205
䙫	kei3		0	205
䙬	ang3		0	205
䙭	hin1		0	205
䙮	gyun6		0	205
䙯	zuk1		0	205
䙰	lei4		0	205
䙱	suk6		0	205
䙲	cin1		0	205
䙳	biu1		0	205
䙴	cin1		0	205
䙵	kwai4		0	205
䙶	nung4		0	205
䙷	dak1		0	205
䙸	dak1		0	205
䙹	jin6		0	205
䙺	lim4		0	205
䙻	ci1		0	205
䙼	siu6		0	205
䙽	kit3		0	205
䙾	si1		0	205
䙿	mei6		0	205
䚀	cam1		0	205
䚁	cam1		0	205
䚂	haak3		0	205
䚃	jau4		0	205
䚄	luk6		0	205
䚅	loi6		0	205
䚆	jing2		0	205
䚇	saang2		0	205
䚈	gyun3		0	205
䚉	kai3		0	205
䚊	gyun1		0	205
䚋	wan6		0	205
䚌	gou1		0	205
䚍	cik1		0	205
䚎	cong1		0	205
䚏	leon6		0	205
䚐	zik6		0	205
䚑	maai4		0	205
䚒	cong4		0	205
䚓	sam2		0	205
䚔	ban1		0	205
䚕	lai6	saai2	1	205
䚖	ling4		0	205
䚗	gong1		0	205
䚘	caang4		0	205
䚙	hyun1		0	205
䚚	sin2		0	205
䚛	huk6		0	205
䚜	bai1		0	205
䚝	zyut6		0	205
䚞	daai2		0	205
䚟	daai2		0	205
䚠	wan6		0	205
䚡	soi1		0	205
䚢	cit3		0	205
䚣	tai4		0	205
䚤	jyu4		0	205
䚥	lok6	nok6	1	205
䚦	zaai6	zi6	1	205
䚧	lau4		0	205
䚨	fai3		0	205
䚩	giu2		0	205
䚪	gwaan1		0	205
䚫	hat6		0	205
䚬	leon4		0	205
䚭	hyun1		0	205
䚮	jing4		0	205
䚯	tou2		0	205
䚰	pei2		0	205
䚱	seon3		0	205
䚲	saan3		0	205
䚳	zi3		0	205
䚴	waat6		0	205
䚵	tau2		0	205
䚶	tin1		0	205
䚷	ji1		0	205
䚸	haai6		0	205
䚹	pei2		0	205
䚺	jiu4		0	205
䚻	jiu4		0	205
䚼	nuk6		0	205
䚽	hou3		0	205
䚾	jam4		0	205
䚿	jam6		0	205
䛀	faan2		0	205
䛁	naam4		0	205
䛂	ci4		0	205
䛃	wun6		0	205
䛄	jyun3		0	205
䛅	haap3		0	205
䛆	zau6		0	205
䛇	jin5		0	205
䛈	si3		0	205
䛉	min6		0	205
䛊	hei1		0	205
䛋	gei6		0	205
䛌	tou4		0	205
䛍	fai3		0	205
䛎	hyut3		0	205
䛏	nai4		0	205
䛐	ci4		0	205
䛑	mat6		0	205
䛒	bin6		0	205
䛓	gaam1		0	205
䛔	naa4		0	205
䛕	jyu4		0	205
䛖	jai6		0	205
䛗	zi2		0	205
䛘	jam4		0	205
䛙	juk1		0	205
䛚	loek6		0	205
䛛	fui3		0	205
䛜	seon3		0	205
䛝	lou4	nou4	1	205
䛞	hon5		0	205
䛟	gip3		0	205
䛠	dau3		0	205
䛡	waa6		0	205
䛢	tuk1		0	205
䛣	ping1		0	205
䛤	cuk1		0	205
䛥	hat1		0	205
䛦	zung6		0	205
䛧	mai4		0	205
䛨	seon3		0	205
䛩	wu2		0	205
䛪	hung3		0	205
䛫	zoeng1		0	205
䛬	tou4		0	205
䛭	hang6		0	205
䛮	kau5		0	205
䛯	geoi3		0	205
䛰	wan6		0	205
䛱	tai4		0	205
䛲	maan4		0	205
䛳	jim3		0	205
䛴	gei1		0	205
䛵	sau6		0	205
䛶	loi6		0	205
䛷	jyun2		0	205
䛸	zaam1		0	205
䛹	sin3		0	205
䛺	gaai3		0	205
䛻	jau5		0	205
䛼	wai2		0	205
䛽	zaap3		0	205
䛾	sou3		0	205
䛿	gaak3		0	205
䜀	nou5		0	205
䜁	hai6		0	205
䜂	hou4		0	205
䜃	deoi1		0	205
䜄	ci4		0	205
䜅	wai4		0	205
䜆	zip3		0	205
䜇	gwan2		0	205
䜈	ziu2		0	205
䜉	cat1		0	205
䜊	zou1		0	205
䜋	wui6		0	205
䜌	lyun4		0	205
䜍	liu4		0	205
䜎	lou4		0	205
䜏	to1		0	205
䜐	fai1		0	205
䜑	wu3		0	205
䜒	ou3		0	205
䜓	sip3		0	205
䜔	ceoi4		0	205
䜕	maai6		0	205
䜖	taam4		0	205
䜗	jam3		0	205
䜘	ging2		0	205
䜙	ngam4		0	205
䜚	daap6		0	205
䜛	caam4		0	205
䜜	wai6		0	205
䜝	tyun2		0	205
䜞	zai1		0	205
䜟	cam3		0	205
䜠	zat1		0	205
䜡	juk1		0	205
䜢	hin2		0	205
䜣	jan1	hei1 ngan4 an4	1	205
䜤	hung6		0	205
䜥	daan3		0	205
䜦	seon1		0	205
䜧	nou5	lou5	1	205
䜨	waan6		0	205
䜩	jin3		0	205
䜪	kau4		0	205
䜫	gong1		0	205
䜬	zau6		0	205
䜭	zeon3		0	205
䜮	liu4		0	205
䜯	guk6		0	205
䜰	hou1		0	205
䜱	mun4		0	205
䜲	lip6		0	205
䜳	jyut3		0	205
䜴	co3		0	205
䜵	si6		0	205
䜶	gong3		0	205
䜷	cam1		0	205
䜸	mui5		0	205
䜹	cuk1		0	205
䜺	caak3		0	205
䜻	si6		0	205
䜼	guk1		0	205
䜽	jyu4		0	205
䜾	jam1		0	205
䜿	syu6		0	205
䝀	lau4		0	205
䝁	lou4		0	205
䝂	syu6		0	205
䝃	zip6		0	205
䝄	soeng1		0	205
䝅	fui1		0	205
䝆	fat1		0	205
䝇	fui1		0	205
䝈	ak1		0	205
䝉	mung4		0	205
䝊	saap3		0	205
䝋	zung1	zung3	1	205
䝌	kyut3		0	205
䝍	gwan3		0	205
䝎	teon1		0	205
䝏	lau4		0	205
䝐	wai4		0	205
䝑	cung1		0	205
䝒	zo6		0	205
䝓	lip6		0	205
䝔	fun1		0	205
䝕	zip3		0	205
䝖	zaau2		0	205
䝗	jau1		0	205
䝘	ngai6		0	205
䝙	ceoi1		0	205
䝚	nei4		0	205
䝛	bo1		0	205
䝜	syun1		0	205
䝝	ji1		0	205
䝞	fu2		0	205
䝟	aat3	jaak3	1	205
䝠	jyun4	wun4	1	205
䝡	maan6		0	205
䝢	maan6		0	205
䝣	keoi4		0	205
䝤	lou5		0	205
䝥	hou4		0	205
䝦	zung1		0	205
䝧	man4		0	205
䝨	jin4		0	205
䝩	zan3		0	205
䝪	so2		0	205
䝫	zok6		0	205
䝬	zyu3		0	205
䝭	gau3		0	205
䝮	jyun6		0	205
䝯	ji4	ji6	1	205
䝰	zi6		0	205
䝱	hip3		0	205
䝲	zeon2		0	205
䝳	caan4		0	205
䝴	zai1		0	205
䝵	bou6		0	205
䝶	loeng4		0	205
䝷	zi1		0	205
䝸	gei6		0	205
䝹	wun2		0	205
䝺	gun3		0	205
䝻	geoi1		0	205
䝼	cing4	zing6	1	205
䝽	ngaai6		0	205
䝾	fu3		0	205
䝿	gwai3		0	205
䞀	hau6		0	205
䞁	jin3		0	205
䞂	jyun5		0	205
䞃	zi3		0	205
䞄	biu3		0	205
䞅	ji4		0	205
䞆	so3		0	205
䞇	zi3		0	205
䞈	gwai3		0	205
䞉	sing6		0	205
䞊	seon3		0	205
䞋	can3		0	205
䞌	sit6		0	205
䞍	cing4	cing2 zing6	1	205
䞎	coeng1		0	205
䞏	si1		0	205
䞐	seon2		0	205
䞑	hung4		0	205
䞒	dung6		0	205
䞓	cing1		0	205
䞔	mei5		0	205
䞕	jyu4		0	205
䞖	suk6		0	205
䞗	caai1		0	205
䞘	gat6		0	205
䞙	zaap3		0	205
䞚	kei4		0	205
䞛	jin1		0	205
䞜	fu3		0	205
䞝	juk6		0	205
䞞	fat6		0	205
䞟	paak3		0	205
䞠	zek3		0	205
䞡	taan2		0	205
䞢	zok3		0	205
䞣	ce2		0	205
䞤	keoi4		0	205
䞥	jau6		0	205
䞦	haak6		0	205
䞧	hau6		0	205
䞨	kwai2		0	205
䞩	ap1		0	205
䞪	zoeng6		0	205
䞫	wan5		0	205
䞬	tau3		0	205
䞭	ceon1		0	205
䞮	tou1		0	205
䞯	fu3		0	205
䞰	zaak6		0	205
䞱	huk6		0	205
䞲	ngo5		0	205
䞳	baak6		0	205
䞴	zaau1		0	205
䞵	kyut3		0	205
䞶	tong1		0	205
䞷	gyut6		0	205
䞸	fu3		0	205
䞹	wong4		0	205
䞺	ceon1		0	205
䞻	jung5		0	205
䞼	cyun2		0	205
䞽	saak3		0	205
䞾	ci4		0	205
䞿	hin1		0	205
䟀	caai1		0	205
䟁	haau1		0	205
䟂	mun4		0	205
䟃	caam1		0	205
䟄	cik1		0	205
䟅	zim6		0	205
䟆	bat1		0	205
䟇	gei1		0	205
䟈	zat6		0	205
䟉	zuk1		0	205
䟊	keoi4		0	205
䟋	zim2		0	205
䟌	zit6		0	205
䟍	bin1		0	205
䟎	zaan2		0	205
䟏	lik6		0	205
䟐	lik6		0	205
䟑	joek6		0	205
䟒	kyun4		0	205
䟓	caang1		0	205
䟔	fu6		0	205
䟕	caa1		0	205
䟖	tong3		0	205
䟗	si6		0	205
䟘	hong6		0	205
䟙	cit3		0	205
䟚	gei1		0	205
䟛	bat6		0	205
䟜	neot6		0	205
䟝	tau3		0	205
䟞	cyu4		0	205
䟟	cuk1		0	205
䟠	jyut6		0	205
䟡	dai3	zi1	1	205
䟢	lin2	nin2	1	205
䟣	ceot1		0	205
䟤	bai6		0	205
䟥	mung4		0	205
䟦	bat6		0	205
䟧	tin4		0	205
䟨	man4		0	205
䟩	le5		0	205
䟪	fung2		0	205
䟫	caang1		0	205
䟬	jau3		0	205
䟭	tiu3		0	205
䟮	fuk6		0	205
䟯	kut3		0	205
䟰	gin2		0	205
䟱	zik1		0	205
䟲	cung1		0	205
䟳	cuk1		0	205
䟴	ngan3		0	205
䟵	kau4		0	205
䟶	co3		0	205
䟷	cai3		0	205
䟸	kwai4		0	205
䟹	lyut6		0	205
䟺	bui3		0	205
䟻	dou6		0	205
䟼	mou5		0	205
䟽	so1		0	205
䟾	dyut3		0	205
䟿	luk6		0	205
䠀	tong1	tong3 tong2	1	205
䠁	zai1		0	205
䠂	co2		0	205
䠃	loeng5		0	205
䠄	tin2		0	205
䠅	kwan2		0	205
䠆	coeng4		0	205
䠇	gwat6		0	205
䠈	teot1		0	205
䠉	wun6		0	205
䠊	fai3	fei6	1	205
䠋	pe5		0	205
䠌	daap6		0	205
䠍	haa4		0	205
䠎	ak1		0	205
䠏	gwai6		0	205
䠐	kwik1		0	205
䠑	kwai2		0	205
䠒	wu4		0	205
䠓	cau1		0	205
䠔	seoi6		0	205
䠕	caai1		0	205
䠖	zi1		0	205
䠗	jau3		0	205
䠘	pei3		0	205
䠙	pong4		0	205
䠚	waa2		0	205
䠛	jiu4		0	205
䠜	jung4		0	205
䠝	hyun1		0	205
䠞	cuk1		0	205
䠟	dip6		0	205
䠠	cai3		0	205
䠡	co4		0	205
䠢	mung6		0	205
䠣	syun2		0	205
䠤	do2		0	205
䠥	bit6		0	205
䠦	zi3		0	205
䠧	caa4		0	205
䠨	cim3		0	205
䠩	gwai6		0	205
䠪	teon2		0	205
䠫	zau6		0	205
䠬	dang3		0	205
䠭	laai6		0	205
䠮	tang4		0	205
䠯	joek6		0	205
䠰	kyun4		0	205
䠱	zuk6		0	205
䠲	ling4		0	205
䠳	can1		0	205
䠴	zan2		0	205
䠵	fu6		0	205
䠶	se6		0	205
䠷	tiu1		0	205
䠸	kwaa1		0	205
䠹	haai4		0	205
䠺	man6		0	205
䠻	hung3		0	205
䠼	syu3		0	205
䠽	haai4		0	205
䠾	sim2		0	205
䠿	waai6		0	205
䡀	zin2		0	205
䡁	lung5		0	205
䡂	kau1		0	205
䡃	leot6		0	205
䡄	gei1		0	205
䡅	ceon1		0	205
䡆	jung4		0	205
䡇	jyut6		0	205
䡈	gok3		0	205
䡉	hong2		0	205
䡊	faan2		0	205
䡋	kei4		0	205
䡌	wang4		0	205
䡍	fu4		0	205
䡎	lou4		0	205
䡏	wang4		0	205
䡐	to4		0	205
䡑	man4		0	205
䡒	tin4		0	205
䡓	gyun3		0	205
䡔	kai2		0	205
䡕	sing4		0	205
䡖	hing3		0	205
䡗	gung2		0	205
䡘	tin4		0	205
䡙	long4		0	205
䡚	maau6		0	205
䡛	jan6		0	205
䡜	luk6		0	205
䡝	jyun1		0	205
䡞	guk1		0	205
䡟	pai3		0	205
䡠	hang1		0	205
䡡	haai4		0	205
䡢	bin6		0	205
䡣	wan4		0	205
䡤	zyu1		0	205
䡥	jung4		0	205
䡦	song2		0	205
䡧	wu1		0	205
䡨	caai4		0	205
䡩	hang1		0	205
䡪	sin3		0	205
䡫	pung4		0	205
䡬	maan6		0	205
䡭	sau1		0	205
䡮	zung1		0	205
䡯	cung1		0	205
䡰	hang1		0	205
䡱	zyun2		0	205
䡲	saan4		0	205
䡳	si1		0	205
䡴	cung1		0	205
䡵	seoi6		0	205
䡶	pik1		0	205
䡷	hat6		0	205
䡸	mit6		0	205
䡹	zi3		0	205
䡺	wai6		0	205
䡻	min4		0	205
䡼	ling4		0	205
䡽	zyun1		0	205
䡾	jit6		0	205
䡿	ling4		0	205
䢀	ngat6	at6	1	205
䢁	jyut6		0	205
䢂	lip1		0	205
䢃	ngaai6		0	205
䢄	saai2		0	205
䢅	san4		0	205
䢆	jung2		0	205
䢇	jung5		0	205
䢈	wui6		0	205
䢉	nung4		0	205
䢊	jau4		0	205
䢋	gei3		0	205
䢌	but3		0	205
䢍	fong6		0	205
䢎	gei3		0	205
䢏	dau2		0	205
䢐	cou4		0	205
䢑	dai2		0	205
䢒	gaau1		0	205
䢓	jyu4		0	205
䢔	hap6		0	205
䢕	wat1		0	205
䢖	jyut6		0	205
䢗	kuk1		0	205
䢘	sau2		0	205
䢙	baai6		0	205
䢚	gang1		0	205
䢛	gwing2		0	205
䢜	gwai1		0	205
䢝	aa3		0	205
䢞	seot6		0	205
䢟	jau4		0	205
䢠	sung3		0	205
䢡	jip6		0	205
䢢	cong3		0	205
䢣	jiu4		0	205
䢤	seot6		0	205
䢥	jin4		0	205
䢦	seot1		0	205
䢧	liu6		0	205
䢨	cung1		0	205
䢩	jyu6		0	205
䢪	hiu1		0	205
䢫	ceoi4		0	205
䢬	cin1		0	205
䢭	jin6		0	205
䢮	leoi5		0	205
䢯	leon4		0	205
䢰	tik1		0	205
䢱	duk6		0	205
䢲	wok6		0	205
䢳	gei2		0	205
䢴	cin1		0	205
䢵	wan4		0	205
䢶	bong1		0	205
䢷	daan1		0	205
䢸	zeoi1		0	205
䢹	geoi2		0	205
䢺	ceot1		0	205
䢻	san4		0	205
䢼	gung1		0	205
䢽	hong6		0	205
䢾	san1		0	205
䢿	on1		0	205
䣀	gwai2		0	205
䣁	jyu5		0	205
䣂	leoi5		0	205
䣃	se3		0	205
䣄	tou4		0	205
䣅	san4		0	205
䣆	jing4		0	205
䣇	kau4		0	205
䣈	hong6		0	205
䣉	saa1		0	205
䣊	dong2		0	205
䣋	coi2		0	205
䣌	dai2		0	205
䣍	jim2		0	205
䣎	zi1		0	205
䣏	gung1		0	205
䣐	jing1		0	205
䣑	cin4		0	205
䣒	gwai3		0	205
䣓	lai4		0	205
䣔	so2		0	205
䣕	maa5		0	205
䣖	maa5		0	205
䣗	gou1		0	205
䣘	tong4		0	205
䣙	pui4		0	205
䣚	lau4		0	205
䣛	sat1		0	205
䣜	co4		0	205
䣝	tou4		0	205
䣞	ngok6		0	205
䣟	caam4		0	205
䣠	ze6		0	205
䣡	ji4		0	205
䣢	zik6		0	205
䣣	dong2		0	205
䣤	fok3		0	205
䣥	bei2		0	205
䣦	leoi6		0	205
䣧	jik6		0	205
䣨	seon4		0	205
䣩	seon4		0	205
䣪	put3		0	205
䣫	ci1		0	205
䣬	seon4		0	205
䣭	jau5		0	205
䣮	put3		0	205
䣯	cou4		0	205
䣰	geoi6		0	205
䣱	heoi2	jyu3 heoi3	1	205
䣲	faan3		0	205
䣳	si1		0	205
䣴	jyu3		0	205
䣵	nei6		0	205
䣶	wut6		0	205
䣷	zyu1		0	205
䣸	jim5		0	205
䣹	fat6		0	205
䣺	gyun3		0	205
䣻	ham1		0	205
䣼	loeng4		0	205
䣽	zi1		0	205
䣾	mik6		0	205
䣿	jyu4		0	205
䤀	joek6		0	205
䤁	cam4		0	205
䤂	mui4		0	205
䤃	jam1		0	205
䤄	min5		0	205
䤅	tou4		0	205
䤆	kwai4		0	205
䤇	sau1		0	205
䤈	hei1		0	205
䤉	mat6		0	205
䤊	jung4		0	205
䤋	juk1		0	205
䤌	coeng1		0	205
䤍	mai4		0	205
䤎	gwat1		0	205
䤏	pei5		0	205
䤐	zam2		0	205
䤑	ong3		0	205
䤒	gei6		0	205
䤓	mung4		0	205
䤔	zim6		0	205
䤕	hok3		0	205
䤖	bou6		0	205
䤗	gam2		0	205
䤘	caam2		0	205
䤙	lik6		0	205
䤚	lei5		0	205
䤛	kau4		0	205
䤜	deon6		0	205
䤝	ngaang6		0	205
䤞	wan5		0	205
䤟	cam4		0	205
䤠	zi2		0	205
䤡	jim5		0	205
䤢	baat3		0	205
䤣	lyut3		0	205
䤤	hoi1		0	205
䤥	gwai2		0	205
䤦	jyut6		0	205
䤧	fui3		0	205
䤨	pik1		0	205
䤩	zaak6		0	205
䤪	do2		0	205
䤫	caam4		0	205
䤬	so1		0	205
䤭	sik1		0	205
䤮	sip3		0	205
䤯	jing4		0	205
䤰	jing4		0	205
䤱	sai6		0	205
䤲	cek3		0	205
䤳	ze6		0	205
䤴	ham4		0	205
䤵	fei6		0	205
䤶	jip3		0	205
䤷	jin2		0	205
䤸	cyun3		0	205
䤹	sau1		0	205
䤺	gan1		0	205
䤻	do6		0	205
䤼	sin3		0	205
䤽	gwaan1		0	205
䤾	tou1		0	205
䤿	kit3		0	205
䥀	cin2		0	205
䥁	ham4		0	205
䥂	mung6		0	205
䥃	ngok6		0	205
䥄	cou3		0	205
䥅	kam4		0	205
䥆	kam4		0	205
䥇	sin3		0	205
䥈	mou5		0	205
䥉	jyun1		0	205
䥊	coeng1		0	205
䥋	paang1		0	205
䥌	zing3		0	205
䥍	zi3		0	205
䥎	seon4		0	205
䥏	jyu5		0	205
䥐	mau4		0	205
䥑	faan6		0	205
䥒	koeng5		0	205
䥓	gei1		0	205
䥔	suk1		0	205
䥕	pit3		0	205
䥖	tin4		0	205
䥗	fun2		0	205
䥘	co3		0	205
䥙	seoi6		0	205
䥚	co1		0	205
䥛	git3		0	205
䥜	gaan2		0	205
䥝	ou1		0	205
䥞	giu2		0	205
䥟	jit3		0	205
䥠	zam1		0	205
䥡	jip6		0	205
䥢	lung4		0	205
䥣	zok6		0	205
䥤	bok6		0	205
䥥	lim4		0	205
䥦	ceoi4		0	205
䥧	syun4		0	205
䥨	leoi6		0	205
䥩	mei4		0	205
䥪	hin2		0	205
䥫	tit3		0	205
䥬	bok3		0	205
䥭	zing3		0	205
䥮	zuk1		0	205
䥯	bei1		0	205
䥰	mang4		0	205
䥱	se2		0	205
䥲	au1		0	205
䥳	jau1		0	205
䥴	kwai4		0	205
䥵	hiu2		0	205
䥶	lik6		0	205
䥷	zaap6		0	205
䥸	bei1		0	205
䥹	ngit6		0	205
䥺	je4	ngaa4 aa4	1	205
䥻	mou4		0	205
䥼	mat6		0	205
䥽	put3		0	205
䥾	se2		0	205
䥿	lai6		0	205
䦀	jyu5		0	205
䦁	bong1		0	205
䦂	sin3		0	205
䦃	zoek3	zoek6	1	205
䦄	wai6		0	205
䦅	sin3	sin6	1	205
䦆	fok3	kyut3	1	205
䦇	gai3		0	205
䦈	ze1		0	205
䦉	sei3		0	205
䦊	niu5		0	205
䦋	ngou4		0	205
䦌	cyu3		0	205
䦍	ngat6		0	205
䦎	gun2		0	205
䦏	haai6		0	205
䦐	ting2		0	205
䦑	hyut3		0	205
䦒	dong6		0	205
䦓	zaam1		0	205
䦔	taan2		0	205
䦕	ping1		0	205
䦖	kit3		0	205
䦗	gwik1		0	205
䦘	haan6		0	205
䦙	zi6		0	205
䦚	fut3		0	205
䦛	zaang1	zaang3	1	205
䦜	ng4		0	205
䦝	waak6		0	205
䦞	jeon6		0	205
䦟	caai2	ceoi3	1	205
䦠	si2		0	205
䦡	wun4		0	205
䦢	fut3		0	205
䦣	fu3		0	205
䦤	ceoi3		0	205
䦥	haan4		0	205
䦦	kam4		0	205
䦧	jik1		0	205
䦨	laan4		0	205
䦩	man4		0	205
䦪	aat6	ngaat6	1	205
䦫	jing1		0	205
䦬	kyut3		0	205
䦭	hong1		0	205
䦮	ceon2		0	205
䦯	zi3		0	205
䦰	gau1		0	205
䦱	wai2		0	205
䦲	jim4		0	205
䦳	hoeng3		0	205
䦴	jik6		0	205
䦵	lai5	nai5	1	205
䦶	zang3	zaang1 zaang3	1	205
䦷	caai2	ceoi3 ceoi2	1	205
䦸	jyu6		0	205
䦹	sap6		0	205
䦺	ding1		0	205
䦻	zi2		0	205
䦼	kyut3		0	205
䦽	zeoi6		0	205
䦾	jyun4		0	205
䦿	zung1		0	205
䧀	gwang1		0	205
䧁	heoi2		0	205
䧂	ziu3		0	205
䧃	tin4		0	205
䧄	gok3		0	205
䧅	ji4		0	205
䧆	hung4		0	205
䧇	ji1		0	205
䧈	sai1		0	205
䧉	lei5		0	205
䧊	huk1		0	205
䧋	hin2		0	205
䧌	seoi1		0	205
䧍	gwik1		0	205
䧎	jyun5		0	205
䧏	fung1		0	205
䧐	gwok3		0	205
䧑	dai1		0	205
䧒	loi4		0	205
䧓	zau1		0	205
䧔	nim6		0	205
䧕	wik6		0	205
䧖	cin5		0	205
䧗	bik1		0	205
䧘	zyun6		0	205
䧙	ling4		0	205
䧚	hou6		0	205
䧛	bong6		0	205
䧜	tong4		0	205
䧝	ci1		0	205
䧞	maa6		0	205
䧟	haam6		0	205
䧠	zyun1		0	205
䧡	jung4		0	205
䧢	keoi1		0	205
䧣	jan1		0	205
䧤	buk1		0	205
䧥	wai6		0	205
䧦	wai4		0	205
䧧	ngai5		0	205
䧨	jip6		0	205
䧩	gam2		0	205
䧪	cip3		0	205
䧫	hou4		0	205
䧬	ban1		0	205
䧭	si1		0	205
䧮	hin3		0	205
䧯	caam4		0	205
䧰	wan6		0	205
䧱	gau1		0	205
䧲	gon1		0	205
䧳	ci1		0	205
䧴	zi1		0	205
䧵	zam6		0	205
䧶	kwai4		0	205
䧷	jau4		0	205
䧸	gu1		0	205
䧹	jing1		0	205
䧺	hung4		0	205
䧻	gap3		0	205
䧼	huk6		0	205
䧽	ceoi2		0	205
䧾	syu1		0	205
䧿	zoek3		0	205
䨀	dek6		0	205
䨁	mou6		0	205
䨂	cau1		0	205
䨃	aan3		0	205
䨄	am1		0	205
䨅	liu4		0	205
䨆	bai3		0	205
䨇	soeng1		0	205
䨈	ban1		0	205
䨉	jing1		0	205
䨊	jyun1		0	205
䨋	joek6		0	205
䨌	bok6		0	205
䨍	jing2		0	205
䨎	wang4		0	205
䨏	ci4		0	205
䨐	hap6		0	205
䨑	tai4		0	205
䨒	jyu6		0	205
䨓	leoi4		0	205
䨔	bok6		0	205
䨕	jyu1		0	205
䨖	zai3		0	205
䨗	fau4		0	205
䨘	sin3		0	205
䨙	jam4		0	205
䨚	fat1		0	205
䨛	saak3		0	205
䨜	bang1		0	205
䨝	cing1		0	205
䨞	jyu5		0	205
䨟	waa1		0	205
䨠	oi3		0	205
䨡	ham4		0	205
䨢	daam6		0	205
䨣	gaak3		0	205
䨤	dik6		0	205
䨥	wok6		0	205
䨦	pong4		0	205
䨧	jam1		0	205
䨨	zeoi1		0	205
䨩	ling4		0	205
䨪	maai4		0	205
䨫	mak6		0	205
䨬	lim4		0	205
䨭	siu1		0	205
䨮	syut3		0	205
䨯	zan6		0	205
䨰	pok3		0	205
䨱	fuk1		0	205
䨲	nau4		0	205
䨳	hei3		0	205
䨴	deoi3	deoi6	1	205
䨵	daam6		0	205
䨶	wan5		0	205
䨷	sin3		0	205
䨸	jan2		0	205
䨹	suk1		0	205
䨺	deoi6		0	205
䨻	bang6		0	205
䨼	wu6		0	205
䨽	fei2		0	205
䨾	fai6		0	205
䨿	zaap6		0	205
䩀	bei6		0	205
䩁	fei1		0	205
䩂	haam1		0	205
䩃	si6		0	205
䩄	tin2	min5	1	205
䩅	zin2		0	205
䩆	zaan2		0	205
䩇	zaam1		0	205
䩈	fui3		0	205
䩉	fu6		0	205
䩊	jyun2		0	205
䩋	mo5		0	205
䩌	caau4	ciu4	1	205
䩍	liu5		0	205
䩎	cim1		0	205
䩏	mit6		0	205
䩐	fat1		0	205
䩑	wang4		0	205
䩒	jyu4		0	205
䩓	kei4		0	205
䩔	do6		0	205
䩕	ngong4		0	205
䩖	saa1		0	205
䩗	baa3		0	205
䩘	dai3		0	205
䩙	jyun5		0	205
䩚	dai3		0	205
䩛	bat6		0	205
䩜	zau6		0	205
䩝	pok3		0	205
䩞	tip3		0	205
䩟	ji4		0	205
䩠	ting1		0	205
䩡	gaap3		0	205
䩢	zai3		0	205
䩣	tou4		0	205
䩤	kit3		0	205
䩥	daan6		0	205
䩦	tiu4		0	205
䩧	kit3		0	205
䩨	coeng3		0	205
䩩	jyun2		0	205
䩪	gun2		0	205
䩫	loeng5		0	205
䩬	bung2		0	205
䩭	gei1		0	205
䩮	luk6		0	205
䩯	gik1		0	205
䩰	jyun5		0	205
䩱	syu3		0	205
䩲	dou1		0	205
䩳	sau1		0	205
䩴	wu4		0	205
䩵	wan6		0	205
䩶	cin2		0	205
䩷	bong1		0	205
䩸	jung4		0	205
䩹	ngaak6		0	205
䩺	jung1		0	205
䩻	baa3		0	205
䩼	fung4		0	205
䩽	jyu1		0	205
䩾	ze3		0	205
䩿	fan4		0	205
䪀	gun2		0	205
䪁	buk6		0	205
䪂	gaak3		0	205
䪃	deon1		0	205
䪄	wong4		0	205
䪅	duk6		0	205
䪆	tai2		0	205
䪇	bok6		0	205
䪈	hin3		0	205
䪉	lip6		0	205
䪊	lung4		0	205
䪋	wai6		0	205
䪌	zaam6		0	205
䪍	laan4		0	205
䪎	seoi1		0	205
䪏	naap6		0	205
䪐	bei3		0	205
䪑	to4		0	205
䪒	zyu3		0	205
䪓	dip3		0	205
䪔	bou2		0	205
䪕	guk6		0	205
䪖	pok3		0	205
䪗	haa4		0	205
䪘	wai5		0	205
䪙	pok3		0	205
䪚	daap3		0	205
䪛	faan1		0	205
䪜	cim1		0	205
䪝	waak6		0	205
䪞	zaap6		0	205
䪟	zai1		0	205
䪠	zai1		0	205
䪡	zai1		0	205
䪢	zai1		0	205
䪣	zai1		0	205
䪤	faan4		0	205
䪥	haai6		0	205
䪦	hung4		0	205
䪧	ci4		0	205
䪨	bok3		0	205
䪩	jam4		0	205
䪪	gaa1		0	205
䪫	hang4		0	205
䪬	put3		0	205
䪭	jyun2		0	205
䪮	cau2		0	205
䪯	jing4		0	205
䪰	ji1		0	205
䪱	goi2		0	205
䪲	ngat6		0	205
䪳	wan5		0	205
䪴	zam2		0	205
䪵	ngaa5		0	205
䪶	zeoi1		0	205
䪷	kau3		0	205
䪸	man4		0	205
䪹	pei1		0	205
䪺	gap3		0	205
䪻	bin6		0	205
䪼	dyut3		0	205
䪽	hou6		0	205
䪾	can2		0	205
䪿	seon3		0	205
䫀	gan2		0	205
䫁	bei6		0	205
䫂	do2		0	205
䫃	seon4		0	205
䫄	caat1		0	205
䫅	saam3		0	205
䫆	sing4		0	205
䫇	jim4		0	205
䫈	zam6		0	205
䫉	maau6		0	205
䫊	pui4		0	205
䫋	wai1		0	205
䫌	pai2		0	205
䫍	fu2		0	205
䫎	dyut3		0	205
䫏	hei1		0	205
䫐	lam4		0	205
䫑	ji1		0	205
䫒	mun4		0	205
䫓	ng4		0	205
䫔	kai3		0	205
䫕	dit3		0	205
䫖	cam2		0	205
䫗	haa4		0	205
䫘	hot6		0	205
䫙	song2		0	205
䫚	gwaa1		0	205
䫛	hau4		0	205
䫜	au1		0	205
䫝	fuk1		0	205
䫞	hiu1		0	205
䫟	wan6		0	205
䫠	pei1		0	205
䫡	ngaam4		0	205
䫢	si1		0	205
䫣	hai4		0	205
䫤	mang1		0	205
䫥	fui2		0	205
䫦	gap3		0	205
䫧	hou6		0	205
䫨	zeoi6		0	205
䫩	sam2		0	205
䫪	song2		0	205
䫫	lau4	leoi6	1	205
䫬	zam2		0	205
䫭	wui6		0	205
䫮	saam4		0	205
䫯	ji1		0	205
䫰	leon6		0	205
䫱	jyu4		0	205
䫲	ham3		0	205
䫳	duk6		0	205
䫴	gam6		0	205
䫵	min4		0	205
䫶	fan4		0	205
䫷	ngok6		0	205
䫸	caau1		0	205
䫹	hung4		0	205
䫺	wang4		0	205
䫻	jat6		0	205
䫼	hyut3		0	205
䫽	pou1		0	205
䫾	bik1		0	205
䫿	ciu1		0	205
䬀	jau5		0	205
䬁	ji4		0	205
䬂	hyut3		0	205
䬃	saap3		0	205
䬄	hyut3		0	205
䬅	lai6		0	205
䬆	leot6		0	205
䬇	jyun6		0	205
䬈	deoi6		0	205
䬉	waak6		0	205
䬊	saap3		0	205
䬋	ling4		0	205
䬌	piu1		0	205
䬍	fat1		0	205
䬎	gwok3		0	205
䬏	bau6		0	205
䬐	jeoi4		0	205
䬑	wai6		0	205
䬒	sau1		0	205
䬓	am3		0	205
䬔	jyu4		0	205
䬕	hong1		0	205
䬖	waang4		0	205
䬗	joeng4		0	205
䬘	haau1		0	205
䬙	jiu4		0	205
䬚	faan4		0	205
䬛	bat1		0	205
䬜	ci1		0	205
䬝	waang4		0	205
䬞	tou4		0	205
䬟	lau4		0	205
䬠	fei1		0	205
䬡	zyu3		0	205
䬢	tou1		0	205
䬣	hat1		0	205
䬤	zaan3		0	205
䬥	ji3		0	205
䬦	dau3		0	205
䬧	jyun4		0	205
䬨	gau3		0	205
䬩	zaai1		0	205
䬪	bok3		0	205
䬫	tai4		0	205
䬬	joeng3		0	205
䬭	tou1		0	205
䬮	ji4		0	205
䬯	lim4	nim4	1	205
䬰	siu6		0	205
䬱	ban6		0	205
䬲	kau1		0	205
䬳	baan2	bun2	1	205
䬴	mut3		0	205
䬵	goi1		0	205
䬶	ngan6		0	205
䬷	se2		0	205
䬸	caan1		0	205
䬹	zat1		0	205
䬺	joeng6		0	205
䬻	zin3		0	205
䬼	jyun3		0	205
䬽	seoi3		0	205
䬾	tai4		0	205
䬿	mei5		0	205
䭀	seon3		0	205
䭁	zai3		0	205
䭂	jap1		0	205
䭃	jam5		0	205
䭄	si6		0	205
䭅	wu4		0	205
䭆	lak6	nak6	1	205
䭇	jit3		0	205
䭈	gin1		0	205
䭉	seoi2		0	205
䭊	jing2		0	205
䭋	baau2		0	205
䭌	wu4		0	205
䭍	wu4		0	205
䭎	jip6		0	205
䭏	bin2		0	205
䭐	joeng6		0	205
䭑	lim5		0	205
䭒	sik1		0	205
䭓	ngan6		0	205
䭔	deoi1		0	205
䭕	zaam2		0	205
䭖	zyu3		0	205
䭗	jing2		0	205
䭘	jing2		0	205
䭙	zam2		0	205
䭚	cong4		0	205
䭛	daam6		0	205
䭜	liu4		0	205
䭝	kui2		0	205
䭞	jik6		0	205
䭟	jip6		0	205
䭠	gim2		0	205
䭡	an3		0	205
䭢	ning4		0	205
䭣	ci4		0	205
䭤	hin3		0	205
䭥	joeng6		0	205
䭦	bok6		0	205
䭧	mei5		0	205
䭨	seoi3		0	205
䭩	mo4		0	205
䭪	loeng4		0	205
䭫	kai2		0	205
䭬	kai2		0	205
䭭	sau2		0	205
䭮	fat1		0	205
䭯	but6		0	205
䭰	bung6		0	205
䭱	bit6		0	205
䭲	ji2		0	205
䭳	ngai6		0	205
䭴	waan4		0	205
䭵	faan4		0	205
䭶	kei4		0	205
䭷	mou4		0	205
䭸	fu6		0	205
䭹	ngong4		0	205
䭺	ngong5		0	205
䭻	fan1		0	205
䭼	kei4		0	205
䭽	kwan4		0	205
䭾	to4		0	205
䭿	jat6		0	205
䮀	but6		0	205
䮁	pin4		0	205
䮂	but6		0	205
䮃	keoi1		0	205
䮄	jyun4		0	205
䮅	jyut6		0	205
䮆	pei1		0	205
䮇	wat6		0	205
䮈	ci4		0	205
䮉	leoi6		0	205
䮊	ji4		0	205
䮋	lit6		0	205
䮌	jau1		0	205
䮍	niu5		0	205
䮎	hei3		0	205
䮏	ng4		0	205
䮐	gwing1		0	205
䮑	leoi6		0	205
䮒	pou1		0	205
䮓	zoek3		0	205
䮔	zeoi1		0	205
䮕	zyut3		0	205
䮖	coeng1		0	205
䮗	ngon6		0	205
䮘	ji4		0	205
䮙	wik6		0	205
䮚	lang6		0	205
䮛	fu6		0	205
䮜	zaap6		0	205
䮝	wan4		0	205
䮞	ceon2		0	205
䮟	sau1		0	205
䮠	bik1		0	205
䮡	bat6		0	205
䮢	zaap6		0	205
䮣	song1		0	205
䮤	hok6		0	205
䮥	lik6		0	205
䮦	giu1		0	205
䮧	hon4	hon6	1	205
䮨	zoi2		0	205
䮩	gwat1		0	205
䮪	sing4		0	205
䮫	lau4		0	205
䮬	mok6		0	205
䮭	mik6		0	205
䮮	mak6		0	205
䮯	ngou4		0	205
䮰	zaak6		0	205
䮱	zuk6		0	205
䮲	wong4		0	205
䮳	faan4		0	205
䮴	dang6		0	205
䮵	tung4		0	205
䮶	biu1		0	205
䮷	duk6		0	205
䮸	ak1		0	205
䮹	wai3		0	205
䮺	zai1		0	205
䮻	dou2		0	205
䮼	leon4		0	205
䮽	biu1		0	205
䮾	pung4		0	205
䮿	gin2		0	205
䯀	nip6		0	205
䯁	leoi4		0	205
䯂	san1		0	205
䯃	on1	ngon1	1	205
䯄	waa1		0	205
䯅	nip6	lip6	1	205
䯆	jik6		0	205
䯇	fat1		0	205
䯈	jyun4		0	205
䯉	waat3		0	205
䯊	kaa3		0	205
䯋	bat6		0	205
䯌	hou1		0	205
䯍	ling4		0	205
䯎	gon3		0	205
䯏	kut3		0	205
䯐	haai4		0	205
䯑	kong1	kwong1	1	205
䯒	hang4		0	205
䯓	kwai1		0	205
䯔	zaak3		0	205
䯕	ting1		0	205
䯖	long4		0	205
䯗	bei2		0	205
䯘	jyun6		0	205
䯙	bok3		0	205
䯚	jiu5		0	205
䯛	wun3		0	205
䯜	tik1		0	205
䯝	seoi5		0	205
䯞	kwaa1		0	205
䯟	deoi6		0	205
䯠	ou2		0	205
䯡	gim3		0	205
䯢	mo4		0	205
䯣	kwai3		0	205
䯤	kui2		0	205
䯥	ngam6		0	205
䯦	maat3		0	205
䯧	king2		0	205
䯨	haau1		0	205
䯩	hou6		0	205
䯪	haau2		0	205
䯫	hou6		0	205
䯬	do2		0	205
䯭	cim1		0	205
䯮	noi4		0	205
䯯	so1		0	205
䯰	gaai3		0	205
䯱	pei1		0	205
䯲	paa1		0	205
䯳	sung1		0	205
䯴	coeng4		0	205
䯵	ngot6		0	205
䯶	maan4		0	205
䯷	sung1		0	205
䯸	ci3		0	205
䯹	cim1		0	205
䯺	kut3		0	205
䯻	gou3		0	205
䯼	dik6		0	205
䯽	pau4		0	205
䯾	cau4		0	205
䯿	zeot1		0	205
䰀	wo1	wo2	1	205
䰁	fai3		0	205
䰂	coi3		0	205
䰃	paang4		0	205
䰄	soi1		0	205
䰅	sou1		0	205
䰆	jau4		0	205
䰇	kei4		0	205
䰈	co4		0	205
䰉	baan1	pun4	1	205
䰊	bok3		0	205
䰋	faat3		0	205
䰌	zung2		0	205
䰍	jau1		0	205
䰎	kwai3		0	205
䰏	zit3		0	205
䰐	laam4		0	205
䰑	sou1		0	205
䰒	mung4		0	205
䰓	min4		0	205
䰔	pun4		0	205
䰕	lou4		0	205
䰖	zaan3		0	205
䰗	gau1		0	205
䰘	lau4		0	205
䰙	ngai5		0	205
䰚	man4		0	205
䰛	lik6		0	205
䰜	lik6		0	205
䰝	zang6		0	205
䰞	zyu2		0	205
䰟	wan4		0	205
䰠	san1		0	205
䰡	ci3		0	205
䰢	hang4		0	205
䰣	mong5		0	205
䰤	dung1		0	205
䰥	waak6		0	205
䰦	pai2		0	205
䰧	fu1		0	205
䰨	mei6		0	205
䰩	ce2		0	205
䰪	mei6		0	205
䰫	caau1		0	205
䰬	gwat6		0	205
䰭	jyu4		0	205
䰮	ji6		0	205
䰯	ji6		0	205
䰰	jyu4		0	205
䰱	ling4		0	205
䰲	aat3		0	205
䰳	ding1		0	205
䰴	gat1		0	205
䰵	zi2		0	205
䰶	mong1		0	205
䰷	pong5		0	205
䰸	gung1		0	205
䰹	caak6		0	205
䰺	gaai3		0	205
䰻	jyu4		0	205
䰼	cam4		0	205
䰽	pui3		0	205
䰾	baa1	bat6	1	144
䰿	to4		0	205
䱀	joeng1		0	205
䱁	giu4		0	205
䱂	jau1		0	205
䱃	zat6		0	205
䱄	gaai3		0	205
䱅	mut6		0	205
䱆	jing6		0	205
䱇	sin5		0	205
䱈	ngai6		0	205
䱉	sin5		0	205
䱊	mai5		0	205
䱋	gung2		0	205
䱌	ji4		0	205
䱍	gang2		0	205
䱎	gang2		0	205
䱏	tau2		0	205
䱐	fu1		0	205
䱑	zyut6		0	205
䱒	jip3		0	205
䱓	ting4		0	205
䱔	tiu4		0	205
䱕	mau4		0	205
䱖	lau4		0	205
䱗	caan1		0	205
䱘	lei4		0	205
䱙	suk1		0	205
䱚	luk6		0	205
䱛	gwik1	kwik1	1	205
䱜	cok3		0	205
䱝	paai4		0	205
䱞	noi6		0	205
䱟	geoi3		0	205
䱠	zaan6		0	205
䱡	guk1		0	205
䱢	zang1		0	205
䱣	zeot1		0	205
䱤	haam6		0	205
䱥	zai3		0	205
䱦	zeoi1		0	205
䱧	gyun2		0	205
䱨	ci3		0	205
䱩	mong5		0	205
䱪	biu2		0	205
䱫	laat6		0	205
䱬	seoi1		0	205
䱭	gang2		0	205
䱮	ngaak6		0	205
䱯	mou4		0	205
䱰	zung6		0	205
䱱	tai4		0	205
䱲	jyun4		0	205
䱳	zin1		0	205
䱴	gang2		0	205
䱵	jung1		0	205
䱶	long4		0	205
䱷	jyu4		0	205
䱸	sau1		0	205
䱹	zaa2		0	205
䱺	haai4		0	205
䱻	waat6		0	205
䱼	zin2		0	205
䱽	cong1		0	205
䱾	lau4		0	205
䱿	caam3		0	205
䲀	zi3		0	205
䲁	wai3		0	147
䲂	syun4		0	205
䲃	zou2		0	205
䲄	man5		0	205
䲅	kwai1		0	205
䲆	jyu4		0	205
䲇	cuk1		0	205
䲈	maa4		0	205
䲉	si1		0	205
䲊	do6		0	205
䲋	sam4		0	205
䲌	fun2		0	205
䲍	tang4		0	205
䲎	leoi5	neoi5	1	205
䲏	lou4		0	205
䲐	lou5		0	205
䲑	ji4		0	205
䲒	haai5		0	205
䲓	jim2		0	205
䲔	king4		0	205
䲕	pou1		0	205
䲖	cau4		0	205
䲗	haam4		0	205
䲘	gun2		0	205
䲙	zit3		0	205
䲚	laai6		0	205
䲛	mung5		0	205
䲜	jip6		0	205
䲝	cong1		0	205
䲞	lap6		0	205
䲟	jan3		0	205
䲠	ceon1		0	205
䲡	cau1		0	205
䲢	tang4		0	205
䲣	jyu4		0	205
䲤	zau2		0	205
䲥	gau1		0	205
䲦	daai6		0	205
䲧	dou6		0	205
䲨	hung4		0	205
䲩	si1		0	205
䲪	ji6		0	205
䲫	gau1		0	205
䲬	kei4		0	205
䲭	ci1		0	205
䲮	jyun4		0	205
䲯	kap6		0	205
䲰	wan6		0	205
䲱	fong2		0	205
䲲	gung1		0	205
䲳	hong4		0	205
䲴	zam6		0	205
䲵	zoek3		0	205
䲶	jyun4		0	205
䲷	niu5		0	205
䲸	gaai3		0	205
䲹	pei4		0	205
䲺	gam3		0	205
䲻	jyun4		0	205
䲼	sang1		0	205
䲽	sek6		0	205
䲾	haau2		0	205
䲿	ci4		0	205
䳀	dit6		0	205
䳁	bat6		0	205
䳂	diu1		0	205
䳃	jyun2		0	205
䳄	ci1		0	205
䳅	zi2		0	205
䳆	baak6		0	205
䳇	mou5		0	205
䳈	bou2		0	205
䳉	dung1		0	205
䳊	bat6		0	205
䳋	tung4		0	205
䳌	gyun1		0	205
䳍	gung1	gung6	1	205
䳎	kau5		0	205
䳏	gwai3	kyut3	1	205
䳐	ci3		0	205
䳑	jau5		0	205
䳒	jyun1	jyun4	1	205
䳓	lou5		0	205
䳔	guk1		0	205
䳕	fau4		0	205
䳖	nip6		0	205
䳗	ngo4		0	205
䳘	ngo4		0	205
䳙	hing2		0	205
䳚	hon2	hot3	1	205
䳛	aan3		0	205
䳜	tou4		0	205
䳝	pau2		0	205
䳞	bung2		0	205
䳟	ming4		0	205
䳠	seoi6		0	205
䳡	aan3		0	205
䳢	kei4		0	205
䳣	jyun1		0	205
䳤	bit3		0	205
䳥	ling4		0	205
䳦	syun1		0	205
䳧	hau1		0	205
䳨	wong4		0	205
䳩	jiu1		0	205
䳪	tyun4		0	205
䳫	kwai4		0	205
䳬	jik6		0	205
䳭	zik3		0	205
䳮	mak6		0	205
䳯	cung4		0	205
䳰	bou2		0	205
䳱	mou6		0	205
䳲	zan3		0	205
䳳	seot1		0	205
䳴	taap3		0	205
䳵	cik1		0	205
䳶	kai1		0	205
䳷	cung4		0	205
䳸	maa4		0	205
䳹	kau3		0	205
䳺	aan3	am1	1	205
䳻	caam4		0	205
䳼	au1		0	205
䳽	hok6		0	205
䳾	dang1		0	205
䳿	jin4		0	205
䴀	tung4		0	205
䴁	jyu6		0	205
䴂	zoeng6		0	205
䴃	laau4	naau4	1	205
䴄	seon3		0	205
䴅	fan4		0	205
䴆	buk6		0	205
䴇	ling4		0	205
䴈	ou2		0	205
䴉	syun4	waan4	1	145
䴊	ji4		0	205
䴋	waan4		0	205
䴌	mung4		0	205
䴍	ang1		0	205
䴎	leoi5		0	205
䴏	jin3		0	205
䴐	bou2		0	205
䴑	dip6		0	205
䴒	ling4		0	205
䴓	si1		0	205
䴔	gaau1		0	205
䴕	lit6		0	205
䴖	zing1		0	205
䴗	gwik1		0	205
䴘	tai1		0	205
䴙	pik1		0	205
䴚	gong2		0	205
䴛	siu1		0	205
䴜	waai1		0	205
䴝	ceoi3		0	205
䴞	dik6		0	205
䴟	wun4		0	205
䴠	jiu2	ou2	1	205
䴡	lai6		0	205
䴢	mei4		0	205
䴣	fu1		0	205
䴤	sang1		0	205
䴥	gaa1		0	205
䴦	ngan4		0	205
䴧	wai1		0	205
䴨	jyun4		0	205
䴩	piu4		0	205
䴪	luk6		0	205
䴫	ling4		0	205
䴬	jik6		0	205
䴭	coi4		0	205
䴮	saan3		0	205
䴯	fat1		0	205
䴰	suk6		0	205
䴱	to1		0	205
䴲	mut6		0	205
䴳	waat6		0	205
䴴	tip3		0	205
䴵	bing2		0	205
䴶	pung4		0	205
䴷	wan4		0	205
䴸	fu1		0	205
䴹	gwo2		0	205
䴺	bau6		0	205
䴻	lei4		0	205
䴼	caan3		0	205
䴽	pei4		0	205
䴾	co4		0	205
䴿	mung4		0	205
䵀	so2		0	205
䵁	coeng3		0	205
䵂	zik6		0	205
䵃	kong3	kwong3	1	205
䵄	fung1		0	205
䵅	ngaau4		0	205
䵆	mung4		0	205
䵇	sin3		0	205
䵈	huk1		0	205
䵉	tau4		0	205
䵊	tan1		0	205
䵋	wai5		0	205
䵌	him1		0	205
䵍	tan1		0	205
䵎	teon1		0	205
䵏	lou6		0	205
䵐	cin2		0	205
䵑	nik1		0	205
䵒	nik1		0	205
䵓	syu2		0	205
䵔	dung2		0	205
䵕	geoi3		0	205
䵖	hin3		0	205
䵗	baak6		0	205
䵘	saai3		0	205
䵙	zaa1		0	205
䵚	tou2		0	205
䵛	hin3		0	205
䵜	nung5		0	205
䵝	ji3		0	205
䵞	king4		0	205
䵟	gon2		0	205
䵠	dik1		0	205
䵡	jin6		0	205
䵢	mui6		0	205
䵣	daat3		0	205
䵤	gin2		0	205
䵥	wat1		0	205
䵦	ze6		0	205
䵧	zoi3		0	205
䵨	mong4		0	205
䵩	lai4		0	205
䵪	gwan3		0	205
䵫	fan1		0	205
䵬	daap6		0	205
䵭	ze3		0	205
䵮	joeng4		0	205
䵯	teon2		0	205
䵰	soeng1		0	205
䵱	hik1		0	205
䵲	ciu1		0	205
䵳	wai3		0	205
䵴	wan6		0	205
䵵	caat3		0	205
䵶	keoi4		0	205
䵷	waa1		0	205
䵸	cuk1		0	205
䵹	zi1		0	205
䵺	ting5		0	205
䵻	seoi6		0	205
䵼	soeng1		0	205
䵽	caap3		0	205
䵾	fu4		0	205
䵿	tip3		0	205
䶀	daap6	taap3	1	205
䶁	taap3		0	205
䶂	zoek3		0	205
䶃	ham4		0	205
䶄	ping4		0	205
䶅	hok6		0	205
䶆	zeoi1		0	205
䶇	zau6		0	205
䶈	bok3		0	205
䶉	lau4		0	205
䶊	nuk6		0	205
䶋	hap1		0	205
䶌	paau3		0	205
䶍	tai3		0	205
䶎	hap1		0	205
䶏	ji4		0	205
䶐	wui3		0	205
䶑	tai3		0	205
䶒	cai4		0	205
䶓	zai3		0	205
䶔	ci4		0	205
䶕	baa6		0	205
䶖	gam6		0	205
䶗	haap3	kaa1	1	205
䶘	laap6		0	205
䶙	geoi6		0	205
䶚	geoi2		0	205
䶛	laat6		0	205
䶜	guk1		0	205
䶝	haap6		0	205
䶞	kei4		0	205
䶟	haam6		0	205
䶠	gaam1		0	205
䶡	zit6		0	205
䶢	gaam1		0	205
䶣	ngoi4		0	205
䶤	hat6		0	205
䶥	zeoi2		0	205
䶦	caak3		0	205
䶧	ngaau5		0	205
䶨	zaam1		0	205
䶩	zai6		0	205
䶪	caat3		0	205
䶫	jim6		0	205
䶬	gin1		0	205
䶭	wong1		0	205
䶮	jim5	jim2	1	205
䶯	kwai1		0	205
䶰	ziu1		0	205
䶱	tung4		0	205
䶲	jim4		0	205
䶳	joek6		0	205
䶴	ceoi1		0	205
䶵	ci4		0	205
一	jat1		0	51
丁	ding1	zaang1 zang1	0	95
丂	haau2		0	144
七	cat1		0	78
丄	soeng6		0	140
丅	haa6		0	140
丆	daan1		0	141
万	maan6	mak6	1	133
丈	zoeng6		0	108
三	saam1	saam3	0	66
上	soeng6	soeng5	1	64
下	haa5	haa6	1	64
丌	gei1	kei4	1	142
不	bat1	fau2	0	68
与	jyu5	jyu4 jyu6	1	159
丏	min5		0	147
丐	koi3	goi3	0	122
丑	cau2		0	131
丒	ng5		0	145
专	zyun1		0	205
且	ce2	zeoi1 cou4 ceoi1 ceoi2	0	108
丕	pei1		0	119
世	sai3		0	91
丗	sai3		0	140
丘	jau1		0	116
丙	bing2		0	127
业	jip6		0	198
丛	cung4		0	205
东	dung1		0	205
丝	si1		0	205
丞	sing4	cing2	0	131
丟	diu1		0	111
丠	kei3		0	143
両	loeng2		0	159
丢	diu1		0	205
丣	jau5		0	148
两	loeng5	loeng2 loeng6	1	205
严	jim4		0	205
並	bing6	bing3	0	88
丧	song1	song3	1	205
丨	gwan2		0	138
丩	gau2		0	146
个	go3		0	205
丫	aa1		0	90
丬	baan6		0	142
中	zung1	zung3	1	72
丮	gik1		0	144
丯	gai3		0	146
丰	fung1		0	135
丱	gwaan3		0	146
串	cyun3	gwaan3	0	100
丳	caan2		0	149
临	lam4	lam1	1	205
丵	zok6		0	151
丶	zyu2		0	137
丷	baat3		0	141
丸	jyun2	jyun4	0	106
丹	daan1		0	102
为	wai4	wai2 wai6	1	205
主	zyu2		0	89
丼	dam2	zeng2 zing2	1	153
丽	lai6		0	181
举	geoi2		0	205
丿	pit3		0	139
乀	fat1		0	143
乁	ji4		0	144
乂	ngaai6		0	141
乃	naai5		0	112
久	gau2		0	103
乆	gau2		0	142
乇	tok3	zaak6	1	140
么	jiu1	maa1 mo1	0	153
义	ji6		0	198
之	zi1		0	75
乌	wu1		0	205
乍	zaa3	zaa6	0	139
乎	fu4	fu1 wu4	0	108
乏	fat6		0	132
乐	lok6	ngok6 ok6 ngaau6 aau6 ngaau4 aau4	1	205
乑	jam4		0	148
乒	bing1	ping1	0	135
乓	bam1	pong1 bong1	0	135
乔	kiu4		0	205
乕	fu2		0	145
乖	gwaai1		0	92
乗	sing4	sing6	1	141
乘	sing4	sing6	0	114
乙	jyut6	jyut3	0	125
乚	jyut3	jyut6	1	146
乜	mat1	me1 me5 ne6 me6 me2	0	67
九	gau2		0	78
乞	hat1	hei3	0	110
也	jaa5		0	79
习	zaap6		0	198
乡	hoeng1	hoeng3	1	198
乢	goi3		0	147
乣	gau2		0	146
乤	haa6		0	150
乥	fu4		0	145
书	syu1		0	205
乧	dau2		0	143
乨	ci2		0	147
乩	gei1		0	141
乪	kek6		0	150
乫	gaa1		0	148
乬	geoi6		0	205
乭	sek6		0	148
乮	maau5		0	205
乯	fu4		0	205
买	maai5		0	205
乱	lyun6		0	205
乲	ci3		0	205
乳	jyu5		0	118
乴	zyut6		0	150
乵	jim5		0	150
乶	fu2		0	150
乷	saa1		0	145
乸	naa2		0	113
乹	gon1	kin4	1	149
乺	so2		0	150
乻	jyu1		0	205
乼	zyu3		0	151
乽	ze2		0	205
乾	gon1	kin4	0	98
乿	zi6		0	144
亀	gwai1		0	143
亁	gon1		0	146
亂	lyun6		0	88
亃	leon6		0	148
亄	ji3		0	146
亅	kyut3		0	153
了	liu5	liu1 liu4	0	68
亇	ding1		0	141
予	jyu5	jyu4	0	137
争	zang1	zaang1 zang3 zaang3 caang1	1	205
亊	si6		0	141
事	si6		0	71
二	ji6		0	70
亍	cuk1		0	140
于	jyu1	jyu4	0	125
亏	kwai1		0	144
亐	jyu1		0	144
云	wan4		0	120
互	wu6		0	112
亓	kei4		0	139
五	ng5		0	72
井	zeng2	zing2	0	107
亖	sei3		0	144
亗	seoi3		0	145
亘	gang2		0	155
亙	gang2		0	160
亚	aa3	ngaa3 aa1 ngaa1	1	205
些	se1		0	116
亜	aa3		0	141
亝	cai4	zaai1	1	149
亞	aa3		0	95
亟	gik1	kei3	0	140
亠	tau4		0	143
亡	mong4		0	113
亢	kong3	gong1	0	132
亣	daai6		0	144
交	gaau1		0	87
亥	hoi6		0	128
亦	jik6		0	71
产	caan2		0	205
亨	hang1	paang1	0	122
亩	mau5		0	205
亪	bin3		0	148
享	hoeng2		0	120
京	ging1		0	105
亭	ting4		0	113
亮	loeng6		0	104
亯	hoeng2		0	147
亰	ging1		0	144
亱	je6		0	143
亲	can1	can3	1	163
亳	bok3	bok6	0	140
亴	jau6		0	146
亵	sit3		0	205
亶	daan6	taan2 sin4 sin6	1	143
亷	lim4		0	148
亸	do2		0	205
亹	mei5	mun4	1	144
人	jan4	jan2	0	55
亻	jan4		0	140
亼	hau2	zaap6	1	139
亽	zaap6		0	140
亾	mong4		0	141
亿	jik1		0	205
什	sap6	sam6 zaap6	1	132
仁	jan4		0	101
仂	lak6	lik6	1	139
仃	ding1		0	141
仄	zak1		0	138
仅	gan2		0	181
仆	puk1	fu6	0	104
仇	sau4	cau4 kau4	0	103
仈	baat3		0	144
仉	zoeng2		0	144
今	gam1		0	93
介	gaai3		0	106
仌	bing1		0	142
仍	jing4		0	109
从	cung4		0	205
仏	fat6		0	144
仐	tou1		0	145
仑	leon4	leon2	1	205
仒	bing1		0	143
仓	cong1		0	205
仔	zai2	zi2	1	73
仕	si6		0	130
他	taa1		0	80
仗	zoeng3	zoeng6	0	107
付	fu6		0	116
仙	sin1		0	95
仚	hin1		0	146
仛	tok3		0	145
仜	hung4		0	150
仝	tung4		0	140
仞	jan6		0	140
仟	cin1		0	138
仠	gon2		0	145
仡	ngat6	go1 gat1 hat1	0	143
仢	bok6		0	150
代	doi6		0	96
令	ling6	ling4 ling1 lim1	0	80
以	ji5		0	80
仦	caau3		0	143
仧	coeng4		0	144
仨	saam1	saa1	0	154
仩	coeng4		0	141
仪	ji4		0	205
仫	mo1		0	143
们	mun4		0	205
仭	jan6		0	145
仮	faan2		0	143
仯	caau3		0	143
仰	joeng5	ngong5	0	117
仱	ging1	kim4	1	146
仲	zung6		0	65
仳	pei2	pei4	1	143
仴	jyut6		0	142
仵	ng5		0	153
件	gin6		0	82
价	gaa3	gaai3	1	135
仸	jiu2		0	145
仹	fung1		0	147
仺	cong1		0	144
任	jam6	jam4	0	96
仼	wong4		0	144
份	fan6	fan2	0	88
仾	dai1		0	148
仿	fong2	pong4	0	125
伀	zung1		0	145
企	kei5	kei2	0	83
伂	pui3		0	150
伃	jyu4		0	146
伄	diu3		0	147
伅	dan6	deon6	1	144
伆	mat6		0	145
伇	jik6		0	150
伈	sam2		0	141
伉	kong3		0	143
伊	ji1		0	109
伋	gap1	kap1	1	144
伌	aai3		0	149
伍	ng5		0	112
伎	gei6	kei4	0	138
伏	fuk6	buk6	1	106
伐	fat6		0	119
休	jau1	nau2	0	111
伒	gan3		0	146
伓	pei1		0	146
伔	daam6		0	147
伕	fu1		0	118
伖	tong2		0	143
众	zung3		0	159
优	jau1		0	160
伙	fo2		0	145
会	wui6	wui2 wui5 kui2 kwui2	1	205
伛	jyu2		0	205
伜	ceoi3		0	149
伝	cyun4	wan4	1	141
伞	saan3		0	205
伟	wai5		0	205
传	cyun4	zyun6 zyun2	1	205
伡	ce1		0	205
伢	ngaa4		0	139
伣	jin5		0	205
伤	soeng1		0	205
伥	coeng1	caang1 caang4	1	205
伦	leon4		0	205
伧	cong1		0	205
伨	seon1		0	147
伩	seon3		0	205
伪	ngai6	ai6	1	205
伫	cyu5		0	205
伬	ce2		0	147
伭	jin4	jyun4	1	147
伮	nou5		0	145
伯	baak3		0	96
估	gu2	gu3	0	85
伱	nei5		0	138
伲	nei4		0	142
伳	sit3		0	147
伴	bun6	pun5 pun2	1	109
伵	gwik1		0	151
伶	ling4		0	131
伷	zau6		0	146
伸	san1		0	100
伹	ceoi1		0	147
伺	si6	zi6	0	136
伻	paang1	ping1	1	149
似	ci5		0	86
伽	gaa1	ke4	0	135
伾	pei1		0	144
伿	ji6	zi3	1	144
佀	ci5		0	145
佁	ci3	ji5	1	147
佂	zing1		0	146
佃	din6	tin4	0	141
佄	ham4		0	143
佅	maai6	mui6	1	150
但	daan6		0	69
佇	cyu5		0	160
佈	bou3		0	116
佉	keoi1		0	153
佊	bei2		0	146
佋	siu6		0	148
佌	ci2		0	144
位	wai6	wai2	0	76
低	dai1		0	82
住	zyu6		0	58
佐	zo3	zo2	0	116
佑	jau6		0	124
佒	joeng5		0	149
体	ban6	tai2	1	160
佔	zim3	cim1 zim1	0	100
何	ho4	ho6	0	92
佖	bit1		0	146
佗	taa1	to4 to1	0	133
佘	se4		0	122
余	jyu4		0	114
佚	dit6	jat6	0	140
佛	fat6	fat1 bat6	0	99
作	zok3		0	95
佝	keoi1	gau1 kau3	0	143
佞	ning6		0	142
佟	tung4		0	125
你	nei5		0	42
佡	hin1		0	144
佢	keoi5	heoi5	0	42
佣	jung6	jung2 jung4	0	147
佤	ngaa5		0	141
佥	cim1		0	205
佦	jau6		0	205
佧	kaa1		0	143
佨	baau1		0	205
佩	pui3		0	108
佪	wui4		0	184
佫	gaak3	hok6	1	145
佬	lou2	lou5 liu4	0	93
佭	gong3		0	149
佮	daap6	gap3 tap1	1	146
佯	joeng4		0	157
佰	baak3	mak6	0	160
佱	faat3		0	147
佲	ming5		0	143
佳	gaai1		0	110
佴	ji5	ji6 noi6 naai6	1	144
併	ping3	bing3 bing6	0	124
佶	gat1	git3 git6	0	141
佷	han2		0	140
佸	wut6		0	142
佹	gwai2		0	142
佺	cyun4		0	142
佻	tiu1	tiu4	1	146
佼	gaau2		0	141
佽	ci3		0	141
佾	jat6		0	143
使	si2	sai2 si3	1	89
侀	jing4		0	143
侁	san1		0	146
侂	tok3		0	146
侃	hon2	hon3	0	131
侄	zat6	zat1	0	114
侅	goi1		0	146
來	loi4	loi6 lai4	0	77
侇	ji4		0	148
侈	ci2		0	141
侉	kwaa1	kwaa2	1	144
侊	gong1	gwong1	1	144
例	lai6		0	114
侌	jam1		0	147
侍	si6		0	110
侎	mei5		0	144
侏	zyu1		0	116
侐	gwik1	kwik1	1	147
侑	jau6		0	139
侒	on1		0	143
侓	leot6		0	144
侔	mau4		0	142
侕	ji4		0	143
侖	leon4		0	133
侗	tung4	tung2 dung6	0	140
侘	caa3		0	144
侙	cik1		0	151
侚	seon1	seon6	1	187
供	gung1	gung3	1	110
侜	zau1		0	148
依	ji1		0	87
侞	jyu4		0	142
侟	cyun4		0	145
侠	hap6	haap6	1	205
価	ci5		0	142
侢	daai3		0	142
侣	leoi5		0	205
侤	haau2		0	205
侥	hiu1	jiu4	1	205
侦	zing1		0	205
侧	zak1		0	205
侨	kiu4		0	205
侩	kui2	kwui2 kui3 kwui3	1	205
侪	caai4		0	205
侫	ning6		0	147
侬	nung4	lung4	1	205
侭	zeon2		0	146
侮	mou5		0	143
侯	hau4	hau6	0	101
侰	kwan3		0	151
侱	cing2		0	149
侲	zan3		0	147
侳	co3	zo6	1	144
侴	cau2		0	147
侵	cam1		0	122
侶	leoi5		0	127
侷	guk6		0	141
侸	syu6		0	145
侹	ting2	ting5	1	146
侺	sam4		0	149
侻	teoi3	tyut3	1	148
侼	but6		0	149
侽	naam4		0	141
侾	haau1		0	148
便	bin6	bin2 pin4	0	93
俀	teoi2		0	148
俁	jyu5		0	142
係	hai6		0	41
促	cuk1		0	126
俄	ngo4		0	121
俅	kau4		0	128
俆	ceoi4	syu1	1	145
俇	gwaang6	hong1	1	148
俈	guk1		0	148
俉	ng6		0	144
俊	zeon3		0	90
俋	jap1		0	148
俌	fu6		0	148
俍	loeng4		0	145
俎	zo2		0	142
俏	ciu3		0	123
俐	lei6		0	136
俑	jung2	jung5	0	147
俒	wan6		0	150
俓	ging3		0	143
俔	jin5	jin6	1	148
俕	saam3		0	151
俖	poi2	pui5	1	145
俗	zuk6		0	122
俘	fu1		0	132
俙	hei1		0	144
俚	lei5		0	140
俛	fu2	min5	1	145
俜	ping1		0	143
保	bou2		0	98
俞	jyu4	jyu6 syu3	0	125
俟	zi6	kei4	0	137
俠	hap6	haap6	0	100
信	seon3		0	79
俢	sau1		0	145
俣	jyu5		0	205
俤	dai6		0	146
俥	ce1		0	145
俦	cau4		0	205
俧	zi3		0	205
俨	jim5		0	205
俩	loeng5		0	205
俪	lai6		0	205
俫	loi4	loi6	1	205
俬	si1		0	145
俭	gim6		0	205
修	sau1		0	100
俯	fu2		0	133
俰	wo6		0	148
俱	keoi1	geoi1	0	117
俲	haau6		0	151
俳	paai4		0	153
俴	cin5		0	146
俵	biu2	biu3	1	170
俶	cuk1	tik1	1	142
俷	fai3		0	142
俸	fung2	fung6	0	130
俹	aa3		0	145
俺	jim3	aan2	0	141
俻	bei6		0	145
俼	juk6		0	151
俽	jan1		0	143
俾	bei2	pai3	0	65
俿	fu2		0	146
倀	caang4	coeng1 caang1 zan3	0	142
倁	zi1		0	141
倂	bing3	ping3 bing6	1	145
倃	gau6	zaa1	1	148
倄	haau4		0	149
倅	ceoi3	zeot1 cyut3	1	146
倆	loeng5		0	113
倇	jyun2		0	151
倈	loi4		0	145
倉	cong1		0	102
倊	zung3		0	150
個	go3		0	48
倌	gun1		0	160
倍	pui5		0	101
倎	tin2		0	148
倏	suk1		0	149
倐	suk1		0	147
們	mun4		0	98
倒	dou2	dou3	1	75
倓	daam6	taam4	1	144
倔	gwat6		0	136
倕	seoi4		0	146
倖	hang6		0	141
倗	pang4		0	142
倘	tong2	soeng4	0	145
候	hau6		0	111
倚	ji2	kei1	0	123
倛	hei1		0	146
倜	tik1	zau1	0	141
倝	gon3		0	146
倞	ging6	loeng6	1	144
借	ze3		0	93
倠	seoi1		0	148
倡	coeng1	coeng3	0	137
倢	zip3	zit3 zit6	1	146
倣	fong2		0	160
値	zik6		0	141
倥	hung1	hung2 hung3	1	142
倦	gyun6		0	125
倧	zung1		0	146
倨	geoi3		0	160
倩	sin6	cing3 sin3	0	117
倪	ngai6	ngai4	1	132
倫	leon4		0	102
倬	coek3	zoek3	1	142
倭	wo1	wai1 wo2 wai2	0	133
倮	lo2		0	142
倯	sung1		0	146
倰	ling4	ling6	1	147
倱	wan6		0	148
倲	dung1		0	144
倳	zi3	zi6	1	142
倴	ban6		0	145
倵	mou5		0	146
倶	keoi1		0	143
倷	naai5	noi6	1	145
倸	coi2		0	146
倹	gim6		0	148
债	zaai3		0	205
倻	je4		0	144
值	zik6		0	102
倽	saa1		0	205
倾	king1		0	205
倿	ning6		0	205
偀	jing1		0	147
偁	can3	cing1 cing3	1	145
偂	cin4		0	142
偃	jin2	jim2	0	138
偄	jyun5		0	145
偅	zung3		0	143
偆	ceon2		0	145
假	gaa2	gaa3	1	91
偈	gai2	git6 gai6	0	110
偉	wai5		0	98
偊	geoi2	jyu2 jyu5	1	144
偋	bing2		0	150
偌	je6	joek6	1	141
偍	tai4		0	145
偎	wui1		0	137
偏	pin1		0	104
偐	ngaan6		0	146
偑	fung1		0	144
偒	tong2		0	147
偓	ak1		0	143
偔	ngok6		0	147
偕	haai4	gaai1	0	147
偖	ce2		0	147
偗	saang2		0	146
偘	hon2		0	148
偙	dai3		0	144
做	zou6		0	60
偛	zaap3		0	144
停	ting4		0	87
偝	bui3	bui6	1	143
偞	jip6		0	146
偟	wong4		0	145
偠	jiu2	jiu5	1	141
偡	zaam3	zaam6	1	146
偢	cau2	ciu2	1	145
偣	jim1		0	144
偤	jau4		0	149
健	gin6		0	111
偦	seoi2		0	147
偧	zaa3		0	149
偨	ci1	zi1	1	146
偩	fu6		0	146
偪	bik1		0	171
偫	ci5	zi6	1	148
偬	zung2		0	159
偭	min5	min6	1	144
偮	zap1		0	147
偯	ji2		0	149
偰	sit3		0	145
偱	seon1		0	145
偲	caai1	si1 soi1	1	142
偳	dyun1	zeoi3	1	148
側	zak1		0	108
偵	zing1		0	132
偶	ngau5		0	126
偷	tau1		0	97
偸	tau1		0	142
偹	bei6		0	147
偺	zaa1		0	181
偻	leoi5	lau4	1	205
偼	zit3		0	146
偽	ngai6		0	125
偾	fan5		0	205
偿	soeng4		0	205
傀	faai3	gwai1	0	152
傁	sau2		0	150
傂	zi6		0	149
傃	sou3		0	146
傄	gwaat3		0	151
傅	fu6		0	113
傆	jyun6		0	143
傇	jung5		0	149
傈	leot6		0	140
傉	nuk6		0	145
傊	wan6		0	150
傋	gau3	gong2	1	144
傌	maa6		0	145
傍	pong4	bong6	0	137
傎	din1		0	146
傏	tong4		0	148
傐	hou6		0	152
傑	git6		0	97
傒	hai4	hai6	1	144
傓	sin3		0	149
傔	him3		0	147
傕	gok3		0	143
傖	caang1	cong1 cam2	1	143
傗	cuk1		0	147
傘	saan3		0	128
備	bei6		0	113
傚	haau6		0	151
傛	jung4	jung6	1	143
傜	jiu4		0	144
傝	taam3	taap3	1	144
傞	co1	so1	1	144
傟	ong2		0	147
傠	fat6		0	148
傡	bing6		0	152
傢	gaa1		0	112
傣	daai2	taai3	0	139
傤	zoi3		0	205
傥	tong2		0	205
傦	gwat1		0	205
傧	ban3	ban1	1	205
储	cyu5		0	205
傩	no4	lo4	1	205
傪	caam1		0	145
傫	leoi5		0	143
催	ceoi1		0	112
傭	jung4	cung1 jung2	0	127
傮	cou4	zou1	1	150
傯	zung2	zung3	1	143
傰	bang1	pang4	1	149
傱	sung2		0	147
傲	ngou6		0	120
傳	cyun4	zyun6 zyun2	1	90
傴	jyu2		0	144
債	zaai3		0	102
傶	cau3	cik1	1	150
傷	soeng1		0	91
傸	cong2		0	152
傹	goeng1		0	146
傺	cai3		0	144
傻	so4		0	91
傼	hon3		0	150
傽	zoeng1		0	150
傾	king1		0	86
傿	jin1	jin3	1	148
僀	dai3		0	147
僁	sat1	sit3 seot1	1	151
僂	leoi5	lau4	0	142
僃	bei6		0	148
僄	piu1	piu3 piu5	1	148
僅	gan2		0	121
僆	leng1	lin5	1	140
僇	luk6		0	145
僈	maan6		0	145
僉	cim1		0	142
僊	sin1		0	191
僋	taam2	taam3	1	145
僌	jing4		0	148
働	dung6		0	143
僎	zaan6	zeon1 zyun1	1	148
像	zoeng6		0	92
僐	sin6		0	145
僑	kiu4		0	133
僒	kwan3		0	148
僓	teoi4		0	150
僔	zyun2		0	146
僕	buk6		0	124
僖	hei1		0	140
僗	lou4		0	145
僘	cong2		0	149
僙	gong1	gwong1	1	149
僚	liu4	lou5 liu5	0	140
僛	hei1		0	145
僜	cing1		0	145
僝	saan4	zaan6	1	147
僞	ngai6		0	119
僟	gei1		0	143
僠	bo1	faan1	1	149
僡	wai6		0	147
僢	cyun2		0	147
僣	tit3	zim3	1	171
僤	daan6		0	143
僥	hiu1	jiu4 giu1 giu2	0	139
僦	zau3	zau6	1	139
僧	zang1	sang1	0	108
僨	fan3	fan5	1	143
僩	haan5		0	146
僪	gwat6	jyut6 kyut3	1	147
僫	ok3		0	145
僬	ziu1	ziu3	1	143
僭	cim3	zim3 cim5	1	143
僮	tung4	zong6 zong3	0	141
僯	leon5	leon6	1	148
僰	baak6	bok3 bat6	1	143
僱	gu3		0	130
僲	sin1		0	205
僳	suk1		0	141
僴	haan5		0	147
僵	goeng1		0	126
僶	man5		0	147
僷	jip6		0	144
僸	gam3		0	144
價	gaa3		0	102
僺	ciu3		0	148
僻	pik1	bui6	0	137
僼	fung1		0	148
僽	zau3	zau6	1	146
僾	oi3		0	141
僿	sai3	si1	1	146
儀	ji4		0	104
儁	zeon3		0	144
儂	nung4		0	126
儃	sin4	taan2 zin1	1	146
億	jik1		0	98
儅	dong1	dong3	1	166
儆	ging2		0	138
儇	hyun1		0	144
儈	kui2	kui3	1	140
儉	gim6		0	131
儊	co2	co3	1	146
儋	daam1	daam3	0	142
儌	giu1	giu2 hiu1	1	147
儍	so4		0	141
儎	zoi3		0	146
儏	caan3		0	205
儐	ban1	ban3	1	143
儑	ngaam4		0	147
儒	jyu4		0	125
儓	toi4		0	147
儔	cau4		0	142
儕	caai4		0	142
儖	laam4		0	146
儗	ji5	ji6	1	145
儘	zeon2	zeon6	1	121
儙	hin3		0	147
儚	mung4		0	143
儛	mou5		0	142
儜	nang4	ning4	1	146
儝	king4		0	153
儞	lei5	nei5	1	144
償	soeng4		0	132
儠	lip6		0	147
儡	leoi5		0	153
儢	leoi5		0	149
儣	kong2	kwong2	1	147
儤	bou3		0	147
儥	dik6	juk6 duk6	1	150
儦	biu1		0	147
儧	zaan2		0	151
儨	zat1		0	147
儩	ci3	si3	1	149
優	jau1		0	112
儫	hou4		0	147
儬	cing3		0	145
儭	can3		0	142
儮	lik6		0	148
儯	tang4		0	149
儰	wai5		0	144
儱	lung5		0	144
儲	cou5	cyu5 cyu1 cyu4	1	107
儳	caam3	caam4 zaam6	1	147
儴	joeng4	soeng1	1	144
儵	suk1		0	144
儶	wai6		0	148
儷	lai6		0	146
儸	lo4		0	186
儹	zaan2	zyun2	1	146
儺	no4		0	141
儻	tong2		0	141
儼	jim5		0	141
儽	leoi4	leoi5	1	145
儾	nong6		0	151
儿	jan4	ji4 ngai4	1	143
兀	ngat6		0	144
允	wan5	jyun4	0	117
兂	zaam1		0	142
元	jyun4		0	89
兄	hing1	fong3	0	97
充	cung1		0	123
兆	siu6		0	119
兇	hung1		0	111
先	sin1	sin3	0	63
光	gwong1		0	86
兊	deoi3		0	146
克	hak1	haak1	0	94
兌	deoi3	deoi6 jeoi6	0	129
免	min5		0	111
兎	tou3		0	142
兏	coeng4		0	149
児	ji4		0	141
兑	deoi3	deoi6	1	139
兒	ji4	ngai4	0	88
兓	zam1		0	149
兔	tou3		0	111
兕	ci5	zi6 zi3	1	142
兖	jin2	jin5	1	205
兗	jin5	jin2	0	138
兘	ci2		0	144
党	dong2		0	135
兜	dau1		0	91
兟	san1		0	146
兠	dau1		0	143
兢	ging1		0	139
兤	fong2		0	150
入	jap6		0	69
兦	mong4	mou4	1	145
內	noi6	naap6	0	89
全	cyun4		0	89
兩	loeng5	loeng2 loeng6	0	67
兪	jyu4	jyu6 syu3	1	147
八	baat3		0	76
公	gung1		0	86
六	luk6		0	76
兮	hai4		0	133
兯	zit3		0	205
兰	laan4	laan1 laan2	1	205
共	gung6		0	100
兲	tin1		0	140
关	gwaan1		0	194
兴	hing1	hing3	1	205
兵	bing1		0	82
其	kei4	gei1	0	92
具	geoi6		0	110
典	din2		0	115
兹	zi1		0	205
兺	fan1		0	205
养	joeng5	joeng6	1	205
兼	gim1		0	108
兽	sau3		0	205
兾	kei3		0	151
兿	ngai6		0	205
冀	kei3	gei3	0	134
冁	cin2	zin2	1	205
冂	gwing1	tong4	1	141
冃	mou6		0	145
冄	jim5		0	142
内	noi6	loi6 naap6 laap6	1	141
円	jyun4		0	139
冇	mou5		0	56
冈	gong1		0	159
冉	jim5		0	134
冊	caak3		0	121
冋	gwing1		0	143
册	caak3		0	148
再	zoi3		0	65
冎	gwaa2		0	145
冏	gwing2		0	142
冐	mak6	mou6	1	146
冑	zau6		0	141
冒	mou6		0	113
冓	gau3	kau3	1	147
冔	heoi2		0	149
冕	min5		0	134
冖	mik6		0	145
冗	jung2	jung5	1	149
冘	jam4	jau4	1	145
写	se2		0	205
冚	ham6	kam2	1	101
军	gwan1		0	205
农	nung4	lung4	1	205
冝	ji4		0	148
冞	mei4		0	145
冟	sik1		0	148
冠	gun3	gun1	0	107
冡	mung4		0	148
冢	cung2		0	141
冣	zeoi3		0	146
冤	jyun1		0	104
冥	ming5	ming4	0	117
冦	kau3		0	145
冧	lam3	lam1	0	111
冨	fu3		0	141
冩	se2		0	142
冪	mik6		0	135
冫	bing1		0	144
冬	dung1		0	112
冭	taai3		0	141
冮	gong1		0	205
冯	fung4	pang4	1	205
冰	bing1		0	101
冱	wu6		0	145
冲	cung1		0	153
决	kyut3		0	159
冴	wu6		0	144
况	fong3		0	141
冶	je5		0	146
冷	laang5		0	94
冸	pun3		0	149
冹	fat1		0	147
冺	man5		0	148
冻	dung3	dung2	1	205
冼	sin2		0	134
冽	lit6		0	143
冾	haap6		0	146
冿	zin1		0	145
净	zing6	zeng6	1	205
凁	sau1		0	153
凂	mui5		0	147
凃	tou4		0	144
凄	cai1		0	149
凅	gu3		0	194
准	zeon2		0	102
凇	sung1		0	141
凈	zeng6	zing6	1	131
凉	loeng4	loeng6	1	159
凊	cing3	zing6	1	141
凋	diu1		0	148
凌	ling4		0	108
凍	dung3		0	92
凎	gam3		0	149
减	gaam2		0	161
凐	jan1		0	148
凑	cau3		0	160
凒	oi2		0	150
凓	leot6		0	149
凔	cong1	cong3	1	147
凕	ming5		0	148
凖	zeon2		0	144
凗	ceoi1	ceoi4	1	148
凘	si1		0	145
凙	dok6		0	205
凚	gam6		0	148
凛	lam5		0	161
凜	lam5		0	128
凝	jing4	king4	0	88
凞	hei1		0	146
凟	duk6		0	150
几	gei1	gei2	0	109
凡	faan4		0	100
凢	faan4		0	144
凣	faan4		0	144
凤	fung6	fung2	1	205
凥	geoi1		0	149
処	cyu2	cyu3	1	141
凧	kei4		0	145
凨	fung1		0	144
凩	do2		0	149
凪	jau1		0	143
凫	fu4		0	205
凬	fung1		0	147
凭	bang6	pang4 peng1	1	143
凮	fung1		0	145
凯	hoi2	ngoi2 oi2	1	205
凰	wong4		0	143
凱	hoi2		0	111
凲	gaam1		0	149
凳	dang3		0	100
凴	pang4		0	144
凵	ham2	ham3 jyu1 tam5	1	142
凶	hung1		0	121
凷	faai3		0	147
凸	dat6	gu2	0	119
凹	nap1	aau3 lap1 waa1	0	119
出	ceot1		0	68
击	gik1		0	205
凼	tam5		0	141
函	haam4		0	135
凾	haam4		0	148
凿	zok6	zok2	1	205
刀	dou1		0	83
刁	diu1		0	127
刂	dou1		0	139
刃	jan6		0	121
刄	jan6		0	144
刅	cong1		0	145
分	fan1	fan6	1	83
切	cit3	cai3	1	94
刈	ngaai6		0	140
刉	gei1		0	151
刊	hon2	hon1	1	130
刋	cin3	hon1 hon2	1	146
刌	cyun2		0	149
刍	co1		0	205
刎	man5		0	143
刏	gei1		0	151
刐	daan2	daan3	1	149
刑	jing4		0	113
划	waa4	waak6 waa1 faa3	1	131
刓	jyun4		0	147
刔	kyut3		0	149
刕	lei4		0	147
刖	jyut6		0	142
列	lit6	laat6	0	109
刘	lau4	lau2	1	205
则	zak1		0	205
刚	gong1		0	205
创	cong3	cong1	1	205
刜	fat1	fat6	1	150
初	co1		0	98
刞	ceoi3		0	151
刟	diu1		0	153
删	saan1		0	159
刡	man5		0	151
刢	ling4		0	149
刣	zung1		0	150
判	pun3		0	110
別	bit6		0	98
刦	gip3		0	149
刧	gip3		0	147
刨	paau4		0	125
利	lei6		0	93
刪	saan1		0	120
别	bit6	bit3	1	153
刬	caan2		0	205
刭	ging2		0	205
刮	gwaat3		0	110
刯	gang1		0	151
到	dou3	dou2	1	51
刱	cong1	cong3	1	150
刲	gwai1	kwai1	1	147
刳	fu1		0	144
刴	do2	doek3	1	148
刵	ji6		0	148
制	zai3		0	99
刷	caat3		0	95
券	gyun3	hyun3	1	114
刹	saat3	caat3	0	141
刺	ci3	cik3 sik3 cek3	0	102
刻	hak1	haak1	0	100
刼	gip3		0	147
刽	kui2	kwui2	1	205
刾	ci3	cik3	1	205
刿	gwai3		0	205
剀	hoi2		0	205
剁	doek3	do2 do3 doek1	0	121
剂	zai1		0	205
剃	tai3		0	121
剄	ging2		0	144
剅	lau4		0	146
剆	lo4	lo5	1	151
則	zak1		0	100
剈	jyun1		0	153
剉	co3		0	186
削	soek3		0	114
剋	hak1	haak1	0	130
剌	laat6	laa1	0	145
前	cin4		0	77
剎	saat3	caat3	0	122
剏	cong1	cong3	1	150
剐	gwaa2	waa2	1	205
剑	gim3		0	205
剒	co3	cok3	1	149
剓	lei4		0	148
剔	tik1	tai3	0	127
剕	fei6	fai3 fai6	0	148
剖	fau2	pau2	0	135
剗	caan2		0	145
剘	kei4		0	143
剙	cong1	cong3	1	150
剚	zi3	zi6	1	148
剛	gong1		0	98
剜	wun1	wun2	1	141
剝	mok1	pok3 bok1	0	107
剞	gei1	gei2	1	143
剟	zyut3		0	145
剠	king4		0	149
剡	jim5	sim6	0	142
剢	doek3	duk1	1	150
剣	gim3		0	142
剤	zai1		0	143
剥	mok1	pok3	1	205
剦	jim2		0	205
剧	kek6		0	205
剨	waak6		0	148
剩	sing6	zing6	1	98
剪	zin2		0	92
剫	dok6		0	146
剬	tyun4	zai3	1	149
剭	uk1		0	148
剮	gwaa2	waa2	0	152
副	fu3		0	93
剰	sing6		0	144
剱	gim3		0	148
割	got3		0	108
剳	zaap3		0	146
剴	goi1	hoi2	1	143
創	cong3		0	110
剶	cyun1		0	151
剷	caan2		0	123
剸	tyun4	zyun1	1	148
剹	luk6		0	150
剺	lai5	lei4	1	149
剻	fau4		0	149
剼	saam1		0	147
剽	piu3	piu5 piu4	1	143
剾	kau1		0	151
剿	ziu2	caau1	0	119
劀	gwaat3		0	148
劁	ciu4		0	146
劂	gyut3	kyut3	1	144
劃	waak6		0	115
劄	zaap3	zaat3	1	189
劅	zoek3		0	145
劆	lim4		0	150
劇	kek6		0	102
劈	pek3	pik1	0	99
劉	lau4		0	85
劊	kui2	kui3	1	143
劋	caau1	ziu2	1	148
劌	gwai3		0	142
劍	gim3		0	83
劎	gim3		0	149
劏	tong1		0	205
劐	hap6	wok6	1	146
劑	zai1		0	115
劒	gim3		0	144
劓	ji6		0	144
劔	gim3		0	147
劕	zat1		0	150
劖	caam4	caam5	1	150
劗	zin2	zyun1	1	149
劘	mai1	mo4	1	148
劙	lai5	lei4 lai6	1	147
劚	zuk1		0	205
力	lik6		0	84
劜	aat3		0	147
劝	hyun3		0	205
办	baan6	baan2	1	205
功	gung1		0	95
加	gaa1		0	86
务	mou6		0	205
劢	maai6		0	205
劣	lyut6	lyut3	0	130
劤	ging6		0	149
劥	haang1		0	146
劦	hip6		0	143
劧	zi2		0	146
动	dung6		0	205
助	zo6		0	109
努	nou5		0	129
劫	gip3		0	101
劬	keoi4		0	142
劭	siu6		0	141
劮	jat6		0	147
劯	zyu2		0	149
劰	mok6		0	151
励	lai6		0	205
劲	ging6	ging3	1	205
劳	lou4	lou2 lou6	1	205
労	lou4		0	144
劵	gyun3	hyun3	1	141
劶	hau2		0	152
劷	lik6		0	151
劸	aai1		0	150
効	haau6		0	143
劺	mau4		0	152
劻	hong1		0	144
劼	kit3		0	142
劽	lit6		0	149
劾	hat6		0	141
势	sai3		0	205
勀	hak1		0	147
勁	ging6	ging3	1	92
勂	hou4		0	149
勃	but6		0	129
勄	man5		0	145
勅	cik1		0	145
勆	long4		0	151
勇	jung5		0	103
勈	jung5		0	151
勉	min5		0	132
勊	hak1		0	148
勋	fan1		0	205
勌	gyun6		0	149
勍	king4		0	144
勎	luk6		0	153
勏	bau6		0	149
勐	maang5		0	140
勑	cik1		0	147
勒	laak6	lak6	1	108
勓	faai3		0	151
勔	min5		0	146
動	dung6		0	96
勖	juk1		0	141
勗	juk1		0	146
勘	ham3	ham1	0	134
務	mou6		0	111
勚	ji6	jai6	1	205
勛	fan1		0	140
勜	jung2		0	152
勝	sing3	sing1	0	97
勞	lou4		0	106
募	mou6		0	129
勠	luk6		0	149
勡	piu3		0	152
勢	sai3		0	105
勣	zik1		0	177
勤	kan4		0	95
勥	goeng6		0	144
勦	caau1	ziu2 caau4	1	194
勧	hyun3		0	146
勨	zoeng6		0	146
勩	jai6	ji6	1	148
勪	kiu5		0	144
勫	faan1	faan4	1	142
勬	gyun1		0	143
勭	tung4		0	144
勮	geoi3	geoi6	1	143
勯	daan1		0	144
勰	hip3	hip6	0	141
勱	maai6		0	141
勲	fan1		0	144
勳	fan1		0	124
勴	leoi6		0	147
勵	lai6		0	134
勶	cit3		0	146
勷	joeng4	soeng1	1	147
勸	hyun3		0	97
勹	baau1		0	143
勺	zoek3	soek3	0	144
勻	wan4		0	120
勼	gau1	kau1	1	142
勽	bou6		0	149
勾	ngau1	gau1	0	104
勿	mat6		0	120
匀	wan4		0	147
匁	jan6		0	148
匂	hung1		0	145
匃	koi3		0	150
匄	gaat3	koi3 got3	1	146
包	baau1		0	88
匆	cung1		0	138
匇	cung1		0	151
匈	hung1		0	137
匉	paang1	ping1	1	151
匊	guk1		0	147
匋	tou4		0	189
匌	gap3	hap6	1	149
匍	pou4		0	144
匎	am1	ap1	1	152
匏	paau4		0	142
匐	fuk6	baak6 buk6	0	157
匑	gung1		0	150
匒	daap3		0	149
匓	gau3		0	150
匔	kung4		0	153
匕	bei3	bei2 bei6	0	141
化	faa3	faa1	0	92
北	bak1	bui3	0	94
匘	nou5		0	150
匙	si4	ci4	0	126
匚	fo1	fong1	1	142
匛	gau6		0	144
匜	ji4		0	144
匝	zaap3		0	137
匞	zoeng6		0	151
匟	kong3		0	150
匠	zoeng6		0	125
匡	hong1		0	110
匢	fat1		0	147
匣	haap6	hap6	0	133
匤	kuk1		0	149
匥	faan4		0	152
匦	gwai2		0	205
匧	haap6		0	151
匨	zong1		0	147
匩	hong1		0	152
匪	fei2		0	122
匫	fat1		0	149
匬	jyu6		0	147
匭	gwai2		0	141
匮	gwai6		0	205
匯	wui6		0	123
匰	daan1		0	145
匱	gwai6		0	141
匲	lim4		0	150
匳	lim4		0	148
匴	syun3		0	142
匵	duk6		0	150
匶	gau3	gau6	1	147
匷	goek3	keoi4	1	151
匸	hai5		0	144
匹	pat1		0	98
区	keoi1	au1 ngau1	1	205
医	ai3	ji1	1	159
匼	am3	hap1 o1	1	144
匽	jin2		0	147
匾	bin2		0	133
匿	nik1	lik1 tik1 nik6	0	111
區	keoi1	au1	0	94
十	sap6		0	66
卂	seon3		0	147
千	cin1		0	84
卄	jaa6	je6	1	162
卅	saa1		0	121
卆	zeot1		0	144
升	sing1		0	94
午	ng5		0	116
卉	wai2	wai5	0	138
半	bun3		0	85
卋	sai3		0	142
卌	se3		0	153
卍	maan6		0	141
华	waa4	waa2 waa6 faa1	1	205
协	hip3		0	205
卐	maan6		0	141
卑	bei1		0	124
卒	zeot1	cyut3	0	109
卓	coek3		0	103
協	hip3	hip6	0	113
单	daan1	sin6 sin4 sim4	1	205
卖	maai6	maai2	1	205
南	naam4		0	87
単	daan1		0	141
卙	zap1		0	146
博	bok3		0	101
卛	seot1		0	147
卜	buk1	baak6	0	116
卝	kwong3		0	145
卞	bin6		0	132
卟	buk1	gei1	0	136
占	zim1	zim3 zem1	0	126
卡	kaa1	kaat1 kaa3	1	95
卢	lou4	lou2	1	205
卣	jau5		0	142
卤	lou5		0	205
卥	sai1		0	205
卦	gwaa3		0	121
卧	ngo6		0	122
卨	sit3		0	147
卩	zit3		0	141
卪	zit3		0	146
卫	wai6		0	205
卬	joeng5	ngong4	1	171
卭	kung4		0	150
卮	zi1		0	141
卯	maau5	mau3 mau5	0	132
印	jan3	ngan3	0	99
危	ngai4		0	113
卲	siu6		0	143
即	zik1		0	77
却	koek3		0	159
卵	leon2	leon5 lo5	0	126
卶	ci2		0	148
卷	gyun2		0	105
卸	se3		0	126
卹	seot1		0	137
卺	gan2		0	159
卻	koek3		0	91
卼	ngat6		0	148
卽	zik1		0	189
卾	ngok6		0	149
卿	hing1		0	109
厀	sat1		0	150
厁	ce4		0	205
厂	am1	cong2 hon3 ngon6 ho1 hon2	1	139
厃	ngai5		0	146
厄	aak1	ak1	0	136
厅	teng1	ting1	1	205
历	lik6		0	205
厇	zaak6		0	150
厈	hon3	ngon6	1	149
厉	lai6		0	205
厊	aa1	ngaa5	1	144
压	aat3	ngaat3	1	205
厌	jim3	aat3 ngaat3 jim1 jim2	1	205
厍	se3		0	205
厎	dai2	zi2	1	143
厏	zaa3		0	150
厐	pong4		0	205
厑	ngaai4		0	205
厒	hip3		0	150
厓	ngaai4		0	144
厔	zat1	zat6	1	145
厕	ci3	cak1	1	205
厖	mong4	pong4	1	144
厗	tai4		0	146
厘	lei4		0	160
厙	se3		0	140
厚	hau5		0	104
厛	teng1		0	205
厜	seoi4		0	144
厝	cou3		0	139
厞	fei6		0	146
原	jyun4		0	98
厠	ci3		0	113
厡	jyun4		0	143
厢	soeng1		0	166
厣	jim2		0	205
厤	lik6		0	146
厥	kyut3		0	131
厦	haa6		0	163
厧	din1		0	149
厨	cyu4	ceoi4	1	161
厩	gau3		0	160
厪	gan2		0	149
厫	ngou4		0	148
厬	gwai2		0	149
厭	jim3	jim1	0	117
厮	si1		0	163
厯	lik6		0	149
厰	cong2		0	145
厱	cim1	laam4	1	149
厲	lai6	laai3 laai6	0	120
厳	jim4		0	144
厴	jim2		0	141
厵	jyun4		0	205
厶	mau5	si1	1	140
厷	gwang1		0	141
厸	leon4		0	144
厹	jau4	kau4	1	127
厺	heoi3		0	144
去	heoi3	heoi2	0	54
厼	ji5		0	142
厽	leoi5		0	147
厾	duk1		0	142
县	jyun6	jyun2 jyun4	1	205
叀	zyun1		0	146
叁	saam1		0	135
参	caam1	saam1 saam3 sam1 cam1	1	205
參	caam1	sam1	0	115
叄	caam1		0	135
叅	caam1		0	146
叆	oi2	ngoi2	1	205
叇	doi6		0	205
又	jau6		0	57
叉	caa1		0	102
及	kap6		0	96
友	jau5	jau2	0	99
双	soeng1	sung1	1	149
反	faan2		0	94
収	sau1		0	140
叏	gwaai3		0	144
叐	bat6		0	143
发	faat3		0	205
叒	joek6		0	142
叓	si6		0	147
叔	suk1		0	93
叕	zyut3		0	143
取	ceoi2	cou2	0	102
受	sau6		0	88
变	bin3		0	205
叙	zeoi6		0	157
叚	gaa2		0	143
叛	bun6		0	128
叜	sau2		0	150
叝	gap1		0	151
叞	wai3		0	147
叟	sau2		0	138
叠	dip6		0	149
叡	jeoi6	haai6	0	162
叢	cung4		0	117
口	hau2		0	82
古	gu2		0	94
句	geoi3	ngau1	0	79
另	ling6		0	85
叧	waa1		0	144
叨	tou1	dou1	0	148
叩	kau3		0	118
只	zi2		0	69
叫	giu3		0	68
召	ziu6	siu6 ziu1	0	112
叭	baa1		0	130
叮	ding1		0	103
可	ho2	hak1	0	81
台	toi4	ji4 toi1	0	89
叱	cik1		0	143
史	si2		0	98
右	jau6		0	86
叴	kau4		0	147
叵	po2		0	139
叶	hip3	hip6	1	143
号	hou6	hou2 hou4	1	150
司	si1		0	109
叹	taan3		0	159
叺	cek3		0	142
叻	lek1	lak6 lik1 lik6	0	89
叼	diu1		0	139
叽	gei1		0	198
叾	duk1		0	205
叿	hung1		0	145
吀	mei5		0	146
吁	jyu1	jyu6 heoi1	0	144
吂	mong4		0	144
吃	hek3	jaak3 hat1 gat1	0	95
各	gok3		0	90
吅	hyun1		0	144
吆	jiu1		0	144
吇	zi2		0	142
合	hap6	ho4	0	95
吉	gat1		0	96
吊	diu3		0	107
吋	cyun3		0	114
同	tung4		0	56
名	meng2	ming4	1	83
后	hau6		0	114
吏	lei6		0	135
吐	tou3	tou2 dat6	0	107
向	hoeng3		0	71
吒	zaa1	zaa3 caak1	0	137
吓	haa5	haa1 haa2	1	73
吔	jaa1	jaa2 jaak3	0	111
吕	leoi5		0	159
吖	aa1		0	90
吗	maa1	maa3 maa5	1	205
吘	ngau5		0	146
吙	fo2	hoe1	1	143
吚	ji1		0	144
君	gwan1		0	93
吜	cau2		0	145
吝	leon6		0	139
吞	tan1		0	103
吟	jam4	ngam4	0	118
吠	fai6		0	120
吡	bei2	pei2	1	139
吢	cam3		0	141
吣	cam3		0	205
吤	gaai3	go3 haai6	1	146
吥	bat1		0	138
否	fau2	pei2 pei5	0	128
吧	baa6	baa1	0	86
吨	deon1		0	159
吩	fan1		0	138
吪	faa4	ngo4	1	145
含	ham4		0	102
听	jan5	ting1 teng1 ting3	1	147
吭	hang1	hong4	0	152
吮	syun5	cyun5 seon5	0	136
启	kai2		0	138
吰	wang4		0	146
吱	zi1	gei1	0	107
吲	jan5		0	143
吳	ng4		0	92
吴	ng4	m4	1	205
吵	caau2		0	110
吶	naap6	neot6 nat6	0	130
吷	hyut3	kyut3	1	145
吸	kap1		0	101
吹	ceoi1		0	88
吺	dau1		0	146
吻	man5		0	104
吼	hau3	haau1 hau1 hau2	0	115
吽	hau1	hau2 hung1 ngau6	1	127
吾	ng4	jyu4 ngaa4	0	94
吿	gou3	guk1	1	143
呀	aa3	aa4	1	59
呁	gan3		0	148
呂	leoi5		0	98
呃	ngaak1	aak1	0	84
呄	gak1		0	148
呅	man5	mui4	1	144
呆	ngoi4	daai1	0	93
呇	hei2	kai2 man3	1	148
呈	cing4		0	119
呉	ng4		0	142
告	gou3	guk1	0	106
呋	fu1		0	141
呌	giu3		0	147
呍	ngau4		0	146
呎	cek3		0	129
呏	sing1		0	147
呐	naa3	naap6 neot6 nat6 ne1 neoi6	1	205
呑	tan1		0	144
呒	fu2	mou5	1	198
呓	ngai6	ai6	1	205
呔	taai1	toi2	0	123
呕	au2	ngau2 au1 ngau1 au3 ngau3 heoi1	1	205
呖	lik6	lik1	1	205
呗	baai6	be6 bui6	1	205
员	jyun4	jyun2 wan6 wan4	1	205
呙	waa1	gwo1 go1	1	205
呚	mui4		0	149
呛	coeng1	coeng3	1	205
呜	wu1		0	205
呝	ak1		0	150
呞	ci1	si1	1	147
呟	gyun2		0	148
呠	pan3		0	141
呡	man5		0	145
呢	ne1	nei4 le1 ni1 nei1	1	45
呣	m6	m2 m4	1	144
呤	ling4	ling6 ling5	0	138
呥	jam1	jim4	1	147
呦	jau1	jaau1	0	148
呧	dai2		0	146
周	zau1		0	88
呩	si3		0	145
呪	zau3		0	143
呫	cip3	tip3 zim1	1	145
呬	hei3		0	153
呭	jai6		0	143
呮	kei4		0	141
呯	ping4		0	112
呰	zi2		0	143
呱	gwaa1	gu1 gwaa2 waa1	0	120
呲	zi1	ci1	0	140
味	mei6		0	89
呴	hau3	heoi1 jyu3	1	143
呵	ho2	ho1 aa3 o1	1	96
呶	naau4	nou4	1	141
呷	gaat3	haap3	1	133
呸	pei1		0	121
呹	cik1	jat6	1	148
呺	hiu1	hou4	1	143
呻	san1	san3	1	130
呼	fu1		0	100
命	meng6	ming6	1	91
呾	daat3	taan2	1	146
呿	heoi3	keoi1	1	141
咀	zeoi2	zo3	0	101
咁	gam3		0	47
咂	zaap3		0	139
咃	to1		0	142
咄	deot1	zyut3 cyut3 dyut1	0	144
咅	tau3		0	149
咆	paau4		0	152
咇	bit1		0	125
咈	fat6		0	147
咉	joeng1		0	149
咊	wo4	wo6 wu4	1	144
咋	zaa3	zaa2 zaak3 zaa1 zaa6 zaak6	0	85
和	wo4	wo6 wu4	1	83
咍	haai1	hoi1	1	146
咎	gau3	gou1	0	140
咏	wing6		0	159
咐	fu3	fu6	0	132
咑	daa1	daak1	1	160
咒	zau3		0	112
咓	aa5	ngaa5	1	146
咔	kaa1		0	111
咕	gu1	gu2	0	119
咖	gaa3	kaa1	1	121
咗	zo2		0	49
咘	bou3		0	143
咙	lung4		0	205
咚	dung1		0	112
咛	ning4	ling4	1	205
咜	taa1		0	142
咝	si1		0	205
咞	jin6		0	150
咟	waak1		0	145
咠	cap1		0	149
咡	ji6		0	145
咢	ngok6		0	147
咣	gwong1		0	126
咤	zaa3		0	160
咥	dit6	hei3	1	145
咦	ji2	ji4	0	84
咧	le1	lit6 le4	1	57
咨	zi1		0	142
咩	me1		0	58
咪	mai6	mai1 mei1 mi1 mai5	1	67
咫	zi2		0	140
咬	ngaau5	gaau1 aau1	0	87
咭	kaat1	gat1 kat1 hat1	0	111
咮	zau3		0	145
咯	lo3	gok3 haak3 lok3 lo1 lok6 kat1	0	72
咰	seon1	seot6	1	148
咱	zaa1		0	115
咲	siu3		0	141
咳	kat1	haai1 haai4 hoi4 koi3 hei1	0	102
咴	fui1		0	142
咵	kwaa2		0	140
咶	saai5	waat6	1	147
咷	tou4		0	198
咸	haam4		0	114
咹	hon1		0	143
咺	hyun1	hyun2	1	147
咻	jau1	heoi2	0	133
咼	gwo1	waa1 kwaa1 wo4	1	142
咽	jin1	jin3 jit3	1	137
咾	lou5		0	142
咿	ji1		0	128
哀	oi1		0	122
品	ban2		0	100
哂	can2		0	86
哃	tung4		0	142
哄	hung3	hung1	0	114
哅	hung1		0	149
哆	do1	ci2 ce2 do2	0	126
哇	waa1		0	83
哈	haa1	kaa1	0	87
哉	zoi1		0	130
哊	juk6		0	141
哋	dei6	dei2	0	66
哌	paai3		0	139
响	hoeng2		0	141
哎	aai1	ai3 ngaai6	0	94
哏	gan1	han2	1	140
哐	hong1		0	132
哑	aa2	ngaa2 aa1 ngaa1 ak1 ngak1	1	205
哒	daat6	daat3	1	205
哓	hiu1		0	205
哔	bat1		0	205
哕	jyut6	wai3	1	205
哖	nin4		0	141
哗	waa1	waa4	1	205
哘	hang4		0	143
哙	faai3		0	205
哚	doe2		0	160
哛	fan1		0	205
哜	zai6		0	205
哝	nung4	lung4	1	205
哞	mau4		0	130
哟	jo1		0	205
哠	hou6		0	144
員	jyun4	wan6 wan4	0	96
哢	lung6		0	144
哣	dau6		0	147
哤	mong4		0	149
哥	go1		0	84
哦	o6	ngo4 o4 o2	1	69
哧	ci1	cik1	0	146
哨	saau3		0	122
哩	ne1	lei5 le5	1	98
哪	naa5	naa4	0	109
哫	zuk1		0	143
哬	ho4		0	142
哭	huk1		0	104
哮	haau1		0	139
哯	jin6		0	142
哰	lou4		0	147
哱	but3	but6 po3	1	147
哲	zit3		0	116
哳	zaat3		0	147
哴	loeng6	long4	1	145
哵	baat3		0	148
哶	me1		0	143
哷	lyut3		0	148
哸	ceoi1	seoi1	1	151
哹	fau4		0	150
哺	bou6	bou1	0	151
哻	hon4		0	149
哼	hang1	hng6 hng1	1	89
哽	gang2	ang2 ngang2	0	134
哾	syut3		0	144
哿	go1	go2 ho2	1	143
唀	jau5		0	149
唁	jin6	jin3	0	141
唂	guk1		0	146
唃	guk1		0	147
唄	baa6	baai6 be6 bui6 baai3	1	124
唅	ham3	ham4 ham6 ngam4	1	146
唆	so1		0	145
唇	seon4		0	111
唈	jap1		0	150
唉	aai1	aai6 ngaai6 aai3 oi1	0	78
唊	gaap3	him2	1	147
唋	tou1		0	150
唌	jin4		0	148
唍	waan5		0	143
唎	lei6	li1	1	149
唏	hei1		0	130
唐	tong4		0	93
唑	zo6		0	137
唒	cau4		0	149
唓	ce1		0	144
唔	m4		0	46
唕	zou6		0	146
唖	aa2		0	144
唗	dau1		0	147
唘	kai2		0	151
唙	dik6		0	149
唚	cam3		0	141
唛	mak1		0	205
唜	mut6		0	205
唝	fung2	hung2 gung3	1	205
唞	tau2		0	114
唟	heoi3		0	205
唠	lou4		0	205
唡	loeng2		0	205
唢	so2		0	205
唣	zou6		0	147
唤	wun6		0	205
唥	laang1	laang6	1	205
唦	saa1		0	143
唧	zek1	zik1	0	113
唨	zo2		0	205
唩	wo1		0	145
唪	baang6	fung2 fung6	1	110
唫	gam3	jam4	1	143
唬	fu2	haak3	0	136
唭	gei1	kei3	1	144
售	sau6		0	120
唯	wai4	wai2 wai5	0	120
唰	caat3	syut3	0	152
唱	coeng3		0	85
唲	aai1	ji4 waa1	1	142
唳	lai6	leoi6 lit6	1	141
唴	goeng6		0	144
唵	am2		0	160
唶	zaak3	ze3 zik1	1	146
唷	jo1		0	133
唸	nim6	din6	0	108
唹	jyu1		0	146
唺	tin2		0	149
唻	loi6		0	141
唼	cip3	saap3 zaap3 zit6	1	145
唽	sik1		0	146
唾	to3	toe3 toe5 tou3	0	142
唿	fat1		0	143
啀	ngaai4		0	145
啁	zaau1	zau1	1	144
啂	nau5		0	148
啃	hang2	han2 hang3 kang2	0	129
啄	doek3	doeng1 zau3	1	123
啅	doek3		0	153
商	soeng1		0	98
啇	dik1		0	144
啈	hang1	hng6	1	143
啉	lam4		0	160
啊	aa3	aa2 o3	1	47
啋	coi1		0	144
啌	hong1		0	145
啍	tan1	teon1 zeon1	1	153
啎	ng5	ng6	1	145
問	man6		0	72
啐	ceoi3	seoi6	1	141
啑	dip6	saap3 zaap3 zit6	1	148
啒	fat1	gwat1	1	149
啓	kai2		0	107
啔	kai2		0	148
啕	tou4		0	144
啖	daam6		0	89
啗	daam6		0	187
啘	waa1		0	146
啙	zi2		0	145
啚	pei2	tou4	1	148
啛	ceoi3		0	147
啜	zyut3	cyut3	0	108
啝	wo3	wo4	1	141
啞	aa2	aa1 ak1	0	99
啟	kai2		0	107
啠	zit3		0	148
啡	fe1	fei1	0	118
啢	loeng2	loeng5	1	145
啣	haam4	ham4	1	194
啤	be1	bi1 pe1 pei4	1	110
啥	saa2		0	97
啦	laa1		0	46
啧	zaak3	zik1	1	205
啨	jing1		0	144
啩	gwaa3		0	104
啪	paak1	paa1	0	92
啫	ze1	zek1 zoe1	0	75
啬	sik1		0	205
啭	zyun2		0	205
啮	ngit6	it6 jit6 ngaat6 aat6	1	205
啯	gwok3	gok3	1	205
啰	lo1	lo4 lo3	1	205
啱	ngaam1		0	80
啲	di1	dit1	0	53
啳	kyun4		0	205
啴	taan1	cin2 zin2	1	205
啵	bo1	bo3	1	107
啶	ding6		0	140
啷	long1	long4	0	124
啸	siu3		0	205
啹	goe1	koe1	1	205
啺	tong4		0	147
啻	ci3		0	141
啼	tai4		0	137
啽	am2	ngam4 ngaam4	1	150
啾	zau1		0	134
啿	daam6	taam5	1	147
喀	haak3	kaa3 kaa1 haak1	0	89
喁	jung4	jyu4	1	144
喂	wai3	wai2 wai6	0	71
喃	naam4		0	135
善	sin6		0	96
喅	juk6		0	146
喆	zit3		0	137
喇	laa3	laa5 laa1 laak3	0	64
喈	gaai1		0	140
喉	hau4		0	117
喊	haam3		0	83
喋	dip6	zaap3 zaap6	0	140
喌	zau1	zuk1	1	144
喍	caai4		0	146
喎	wo3	waa1 wo5 kwaa1	1	66
喏	je5	nok6 no6	1	138
喐	juk1		0	98
喑	jam1	ngam6	1	141
喒	zaa1		0	145
喓	jiu1		0	141
喔	ak1	o1 o2 ok1	0	109
喕	min5		0	144
喖	wu4		0	147
喗	wan5		0	149
喘	cyun2		0	113
喙	fui3		0	160
喚	wun6		0	126
喛	wun6		0	147
喜	hei2		0	99
喝	hot3		0	97
喞	zek1	zik1 zit1	1	143
喟	wai2	wai6 faai3 wai3	0	153
喠	zung2		0	144
喡	wai4	wai6	1	147
喢	saap3	sip3	1	150
喣	heoi2	jyu3	1	148
喤	waang4	wong4	1	145
喥	dok6	zaa3	1	122
喦	jip6	ngaam4 ngap6 nip6	1	145
喧	hyun1		0	133
喨	loeng6		0	144
喩	jyu6		0	147
喪	song1	song3	1	117
喫	hek3	jaak3 hat1	0	89
喬	kiu4		0	105
喭	jin6	ngon6	1	148
單	daan1	sin6 sin4 sim4	0	91
喯	pan3		0	146
喰	caan1		0	143
喱	lei1		0	99
喲	jo1		0	102
喳	zaa1	caa1	0	123
喴	wai1	wi1	1	147
喵	meu1	miu1	0	96
営	jing4		0	143
喷	pan3	fan5 pan1	1	205
喸	fu2		0	205
喹	fui1	kwai4	0	141
喺	hai2		0	53
喻	jyu6		0	129
喼	gip1	kip1 gep1 kep1	0	125
喽	lau4	lau1	1	205
喾	guk1		0	205
喿	cou3		0	147
嗀	fo3	hok3	1	149
嗁	tai4		0	150
嗂	jiu4		0	150
嗃	haau1	hok3 haau3 hok6	1	148
嗄	aa2	saa3 aai3 haa2	1	109
嗅	cau3	hung3	0	133
嗆	coeng1	coeng3	0	144
嗇	sik1		0	141
嗈	jung1		0	147
嗉	seoi3	sou3	1	142
嗊	gung3	hung2	1	147
嗋	hip3	hip6	1	151
嗌	aai3	jik1	0	93
嗍	sok3		0	142
嗎	maa3	maa1	1	83
嗏	caa1		0	143
嗐	haai6	hoi6	1	142
嗑	haap3	hap6 gaap3 hap3 ngap1	0	158
嗒	taap3	daat3 daap1 daap3 daat6	0	116
嗓	song2	song1	0	141
嗔	can1	zan1	0	146
嗕	juk6		0	144
嗖	sau1		0	134
嗗	gut2	waat3 gut6 gwat1 gut4	1	142
嗘	gai1		0	144
嗙	bang1	pong3 bon2 paang1	1	160
嗚	wu1		0	96
嗛	haam4	ham4 him2 hip3 him1	1	144
嗜	si3		0	141
嗝	gaak3		0	139
嗞	zi1		0	143
嗟	ze1		0	154
嗠	lok6		0	147
嗡	jung1		0	125
嗢	wat1		0	146
嗣	zi6		0	160
嗤	ci1		0	133
嗥	hou4		0	140
嗦	so1	sok3	0	132
嗨	hoi1	hei1 haai1	0	114
嗩	so2		0	144
嗪	ceon4		0	139
嗫	zip3	nip6 lip6	1	205
嗬	ho2	ho4	1	117
嗭	zik6		0	205
嗮	saai3		0	205
嗯	m6	ng6 ng2 ng5 ng4	1	72
嗰	go2		0	65
嗱	naa4		0	77
嗲	de2	de4	0	113
嗳	oi2	ngoi2 aai1 ngaai1	1	205
嗴	goeng1		0	205
嗵	tung1		0	141
嗶	bat1		0	124
嗷	ngou4	aau1 ngaau1 ngaau4	0	130
嗸	ngou4		0	150
嗹	lin4		0	198
嗺	ceoi1		0	149
嗻	ze1		0	143
嗼	mak6	mok6	1	143
嗽	sau3	sok3	0	140
嗾	sau2	zuk6	0	143
嗿	taam2		0	144
嘀	dik6	dik1	0	139
嘁	ci1	cik1	1	144
嘂	giu3		0	143
嘃	cung1		0	152
嘄	giu3	hiu1 tou2	1	148
嘅	ge3	ge2 koi3 koi2	0	38
嘆	taan3	taan1	0	97
嘇	saam1		0	147
嘈	cou4		0	98
嘉	gaa1		0	91
嘊	ngaai4		0	148
嘋	haau1		0	146
嘌	piu1	piu3	0	140
嘍	lo3	lau4 lau1 lau3	1	123
嘎	gaa4	gaat3 gat1	0	112
嘏	gaa2	gu2	1	142
嘐	gaau1	haau1	1	148
嘑	fu1	fu3 laa3	1	147
嘒	wai3		0	146
嘓	gwok3		0	144
嘔	au2	au1 au3 heoi1	0	106
嘕	hin1		0	151
嘖	zaak3	zik1 zaak6	0	126
嘗	soeng4		0	130
嘘	heoi1	syu4	1	205
嘙	po4		0	142
嘚	dak1		0	157
嘛	maa3	maa5	1	74
嘜	mak1		0	134
嘝	huk6		0	151
嘞	laak3	laa3 lak3	1	85
嘟	dyut1	dou1	0	107
嘠	gaa4	gaat3	1	205
嘡	tong1		0	205
嘢	je5		0	61
嘣	bang1		0	116
嘤	jing1		0	205
嘥	saai1		0	110
嘦	ziu3		0	145
嘧	mat6		0	142
嘨	siu3		0	147
嘩	waa3	waa1 waa4 faa1 jip6	1	76
嘪	maai5		0	145
嘫	jin4		0	141
嘬	caai3	zyut3 ceoi3	1	141
嘭	paang4		0	112
嘮	lou4	lou6	0	149
嘯	siu3	cik1	0	122
嘰	gi1	gei1	0	127
嘱	zuk1		0	205
嘲	zaau1		0	147
嘳	kwaai3		0	151
嘴	zeoi2		0	92
嘵	hiu1		0	141
嘶	sai1	si1	0	127
嘷	hou4		0	149
嘸	fu2	mou5 m4	0	144
嘹	liu4		0	141
嘺	kiu4		0	150
嘻	hei1		0	102
嘼	cau3		0	147
嘽	cin2	taan1 zin2	1	143
嘾	daam6	taam4 taam5	1	150
嘿	hei1	mak6	0	90
噀	seon3		0	146
噁	ok3	wu3	0	153
噂	zyun2		0	145
噃	bo3		0	80
噄	hek3		0	150
噅	fai1		0	148
噆	caam2	cam2 zam2 cam3 zaam1 zaap3	1	149
噇	zong6		0	148
噈	hap6	zuk1 zaap3	1	142
噉	gam2	daam6	0	59
噊	jyut6	leot6 wat6	1	151
噋	teon1		0	150
噌	zang1	cang1 caang1	0	138
噍	zau1	ziu6 ziu3 ziu1	1	157
噎	jit3		0	138
噏	ngap1	kap1	0	115
噐	hei3		0	144
噑	hou4		0	146
噒	leon1		0	146
噓	heoi1	syu4 hoe1	0	112
噔	dang1		0	126
噕	fai1		0	148
噖	jam4		0	146
噗	pok3		0	108
噘	kyut3		0	149
噙	kam4		0	140
噚	cam4	cam6	1	194
噛	ngit6		0	146
噜	lou1		0	205
噝	si1		0	141
噞	jim1	jim2	1	150
噟	jing3		0	146
噠	daat6	daat3	0	117
噡	zim1		0	150
噢	jyu2	o1 ou3	1	108
噣	doek3	zau3	1	147
噤	gam3	kam1 gam6	0	135
噥	nung4		0	141
噦	jyut3	jyut6 wai3	1	143
噧	haai3		0	147
器	hei3		0	104
噩	ngok6		0	136
噪	cou3		0	139
噫	ji1	aai3	0	149
噬	sai6		0	125
噭	giu3	kiu3	1	145
噮	jyun1		0	149
噯	oi2	aai1 oi3	0	138
噰	jung1		0	145
噱	koek6	koek3 hoe4 coek3 kek6	0	136
噲	faai3		0	141
噳	jyu5		0	148
噴	pan3	fan5 pan1	0	105
噵	dou6		0	142
噶	got3	gaa1 gaat3	0	117
噷	hm1		0	144
噸	deon1	deon6	0	123
噹	dong1		0	83
噺	san1		0	142
噻	sak1		0	129
噼	pet1	pik1	1	102
噽	pei2		0	148
噾	jam1		0	144
噿	zeoi2		0	150
嚀	ning4		0	151
嚁	dik6		0	150
嚂	laam4	laam6	1	147
嚃	daap6	taap3	1	149
嚄	ho1	o2 wok6 waak6	1	141
嚅	jyu4		0	143
嚆	haau1	hou1	1	146
嚇	haak3		0	86
嚈	aat3	jip3	1	146
嚉	deoi3		0	147
嚊	be6	bei6	1	150
嚋	cau4		0	152
嚌	zai6		0	160
嚍	zeon3		0	150
嚎	hou4		0	131
嚏	tai3	dai3	0	142
嚐	soeng4		0	129
嚑	fan1		0	205
嚒	mo1		0	205
嚓	caat3		0	123
嚔	dai3		0	150
嚕	lu3	lou1 lou3	0	124
嚖	wai3		0	146
嚗	bok3		0	145
嚘	jau1		0	148
嚙	ngit6	jit6 ngaat6 nip6	0	141
嚚	ngan4		0	147
嚛	huk1		0	145
嚜	maa1	mak6 mak1 maa3 maa4 maak1	1	143
嚝	gwong1		0	152
嚞	zit3		0	146
嚟	lai4	lei4	1	56
嚠	lau4		0	146
嚡	haai4		0	205
嚢	nong4		0	146
嚣	hiu1		0	205
嚤	mo1		0	205
嚥	jin3		0	139
嚦	lik1	lik6	1	141
嚧	lou4		0	143
嚨	lung4		0	144
嚩	bok3		0	143
嚪	daam6		0	149
嚫	can3		0	146
嚬	pan4		0	146
嚭	pei2		0	143
嚮	hoeng3	hoeng2	0	100
嚯	ho1		0	140
嚰	jiu1		0	205
嚱	he2		0	145
嚲	do2		0	146
嚳	guk1	kuk1	1	142
嚴	jim4		0	103
嚵	caam4		0	150
嚶	jing1		0	146
嚷	joeng6	joeng5	0	139
嚸	dim2		0	205
嚹	laa3	laa4	1	205
嚺	daap6		0	205
嚻	hiu1		0	146
嚼	zoek3	ziu6 ziu3 zoek6	0	125
嚽	zyut3		0	152
嚾	fun1		0	149
嚿	gau6		0	144
囀	zyun2	zyun3	1	142
囁	zip3	nip6 jip6	0	141
囂	hiu1	ngou4	0	125
囃	caap3	zaa3	1	145
囄	lei4		0	205
囅	cin2	zin2	1	146
囆	caai3		0	150
囇	lai6		0	146
囈	ngai6		0	153
囉	lo1	lo3	1	70
囊	nong4		0	120
囋	zaan3	zaat6	1	147
囌	sou1		0	160
囍	hei2		0	149
囎	zang6		0	147
囏	gaan1		0	148
囐	zaan3		0	148
囑	zuk1		0	131
囒	laan4		0	147
囓	jit6	ngit6 ngaat6 nip6	1	153
囔	nong4		0	143
囕	hei3		0	205
囖	lo1	lo4	1	205
囗	gwok3	wai4	1	142
囘	wui4		0	140
囙	jan1		0	142
囚	cau4		0	124
四	sei3	si3	0	73
囜	nan4		0	146
囝	naam4	zai2	1	139
回	wui4		0	86
囟	seon2	seon3	1	142
因	jan1		0	96
囡	naam4	neoi1	1	117
团	tyun4	tyun2	1	198
団	tyun4		0	142
囤	tyun4	deon6 teon4	0	134
囥	kong3		0	144
囦	jyun1		0	144
囧	gwing2		0	136
囨	pin1		0	142
囩	wan4		0	143
囪	cung1	coeng1 tung1	0	134
囫	fat1	wat6	0	144
囬	wui4		0	140
园	jyun4	jyun2	1	171
囮	jau4	ngo4	1	143
囯	gwok3		0	143
困	kwan3		0	113
囱	coeng1	cung1	1	140
囲	tung1		0	142
図	tou4		0	142
围	wai4		0	205
囵	leon4		0	205
囶	gwok3		0	145
囷	kwan1		0	143
囸	jat6		0	143
囹	ling4		0	143
固	gu3		0	118
囻	gwok3		0	144
囼	toi1		0	145
国	gwok3	gok3	1	159
图	tou4		0	205
囿	jau6		0	138
圀	gwok3		0	145
圁	ngan4		0	146
圂	waan6	wan6	1	146
圃	pou2	bou2	0	149
圄	jyu5		0	143
圅	haam4		0	147
圆	jyun4	jyun2	1	205
圇	leon4		0	141
圈	hyun1		0	95
圉	jyu5		0	142
圊	cing1		0	142
國	gwok3		0	79
圌	cyun4	seoi4	1	146
圍	wai4		0	96
圎	jyun4		0	145
圏	hyun1		0	142
圐	ku1		0	145
圑	pou2		0	147
園	jyun4		0	98
圓	jyun4		0	101
圔	aap3	jap1	1	148
圕	tou4		0	205
圖	tou4		0	98
圗	tou4		0	146
團	tyun4		0	95
圙	loek6		0	205
圚	kui2	wui6	1	146
圛	jik6		0	148
圜	jyun4	waan4	0	142
圝	lyun4		0	143
圞	lyun4		0	198
土	tou2		0	100
圠	caak3		0	148
圡	tou2		0	145
圢	ting5		0	149
圣	fat1	sing3 gaai3	1	145
圤	pok3		0	147
圥	luk6		0	146
圦	faai3		0	148
圧	zong1		0	141
在	zoi6		0	72
圩	wai4	jyu4 heoi1	0	138
圪	gat3	ngat6 gat6	1	141
圫	ou3		0	150
圬	wu1		0	144
圭	gwai1		0	133
圮	pei2	pei5	1	142
圯	ji4		0	142
地	dei6		0	63
圱	cin1		0	147
圲	cin1		0	150
圳	zan3	hyun2	0	146
圴	zoek3		0	145
圵	joeng6		0	145
圶	haap3		0	150
圷	haa6		0	144
圸	saan1		0	148
圹	kwong3	kong3	1	205
场	coeng4	coeng2	1	205
圻	kei4	ngan4	1	141
圼	nit6		0	149
圽	mut6		0	151
圾	saap3	kap1 ngap6	0	148
圿	git3		0	147
址	zi2		0	130
坁	zi2		0	150
坂	baan2	faan2	0	133
坃	hyun1		0	149
坄	jik6		0	152
坅	jam2		0	150
坆	mui4		0	146
均	gwan1		0	117
坈	haang1		0	147
坉	nang4	tyun4	1	147
坊	fong1	fong2 fong4	0	119
坋	ban6	fan6 fan5	1	147
坌	ban6		0	143
坍	taan1		0	136
坎	ham1	ham2 ham3	1	129
坏	pui1	waai6 waai2 pui4	1	145
坐	co5	zo6	1	73
坑	haang1		0	109
坒	bai6		0	148
坓	zing6		0	151
坔	dei6		0	148
坕	ging1		0	152
坖	gei6		0	151
块	faai3		0	187
坘	ci4		0	150
坙	ging1		0	145
坚	gin1		0	205
坛	taan4	taam4	1	205
坜	lek6	lik6	1	205
坝	baa3		0	205
坞	wu2	ou3 ngou3	1	205
坟	fan4		0	205
坠	zeoi6		0	205
坡	bo1	po1	0	119
坢	bun3	bun6 pun5	1	148
坣	tong4		0	144
坤	kwan1		0	115
坥	ceoi1		0	149
坦	taan2		0	114
坧	zek3		0	146
坨	to4		0	129
坩	ham1	kim4	1	143
坪	ping4		0	133
坫	dim3		0	145
坬	gwaa3		0	146
坭	nai4		0	141
坮	toi4		0	149
坯	pui1		0	133
坰	gwing1		0	146
坱	joeng5		0	149
坲	fat6		0	146
坳	aau3	aau1	0	136
坴	luk6		0	147
坵	jau1		0	198
坶	muk6		0	145
坷	ho1	ho2	0	138
坸	gau3		0	152
坹	jyut6		0	151
坺	baat6	paat6 pet6	1	149
坻	ci4	dai2 zi2	1	143
坼	caak3		0	143
坽	ling4		0	148
坾	cyu5		0	151
坿	fu6		0	148
垀	fu1		0	145
垁	zi6		0	149
垂	seoi4		0	115
垃	laap6	laa1	0	136
垄	lung5		0	205
垅	lung5		0	205
垆	lou4		0	205
垇	aau3		0	147
垈	doi6		0	147
垉	paau4		0	145
垊	man4		0	205
型	jing4		0	96
垌	dung6	tung4 tung2	1	142
垍	gei6		0	144
垎	haak6		0	144
垏	leot6		0	147
垐	ci4		0	147
垑	ci2		0	151
垒	leoi5		0	149
垓	goi1		0	143
垔	jan1		0	147
垕	hau5	hau6	1	144
垖	deoi1		0	151
垗	siu6	ziu6	1	144
垘	fuk6		0	151
垙	gwong1		0	145
垚	jiu4		0	141
垛	do2	do6	0	139
垜	do2		0	144
垝	gwai2		0	145
垞	caa4		0	145
垟	joeng4		0	141
垠	ngan4		0	149
垡	fat6		0	142
垢	gau3	hau4	0	147
垣	wun4		0	137
垤	dit6		0	144
垥	hip3		0	152
垦	han2		0	160
垧	hoeng2		0	144
垨	sau2		0	143
垩	ok3	ngok3	1	205
垪	bing6		0	145
垫	dim3	din3 zin3 zin2 din2 din6 dip6	1	205
垬	hung4		0	145
垭	aa3	ngaa3	1	205
垮	kwaa1		0	140
垯	daat3	daat6	1	181
垰	lung6		0	144
垱	dong3	dong2	1	205
垲	hoi2		0	205
垳	hang4		0	144
垴	nou5	lou5	1	205
垵	am1	am2	1	145
垶	sing1		0	147
垷	jin6		0	147
垸	jyun6	wun2	1	142
垹	bong1		0	147
垺	fu1	pau4 pui1	1	146
垻	baa3		0	146
垼	jik6		0	149
垽	ngan6		0	147
垾	hon6		0	146
垿	zeoi6		0	147
埀	seoi4		0	146
埁	sam4		0	147
埂	gang2		0	140
埃	oi1	aai1	0	125
埄	bung6		0	145
埅	fong4		0	145
埆	gok3	kok3	1	144
埇	cung1	jung2	1	146
埈	seon3		0	150
埉	gaap3		0	150
埊	dei6	deng6	1	149
埋	maai4		0	70
埌	long5	long6	1	143
埍	gyun2		0	145
城	sing4	seng2 seng4	0	82
埏	jin4	sin1 saan1	1	144
埐	zam1		0	148
埑	zit3		0	148
埒	lyut3	lyut6	1	140
埓	lyut3		0	149
埔	bou3		0	137
埕	cing4		0	141
埖	faa1		0	142
埗	bou6	bou2 fau6	0	129
埘	si4		0	205
埙	hyun1	fan1	1	205
埚	wo1		0	205
埛	gwing1		0	144
埜	je5		0	167
埝	nim6		0	142
埞	deng6		0	147
域	wik6		0	114
埠	fau6	bou6	0	132
埡	aa3		0	136
埢	gyun3	gyun6	1	147
埣	seoi4	seot1	1	148
埤	bai3	pei4 bei1 bei3 pai3	1	144
埥	zang1		0	144
埦	wun2		0	151
埧	baa3	geoi6	1	144
埨	leon4		0	149
埩	caang4	zang1	1	149
埪	hung1		0	147
埫	cung2		0	145
埬	dung1		0	148
埭	dai6	doi6	1	141
埮	daam6	taam4	1	147
埯	am2	ngam2	1	205
埰	coi2	coi3	1	142
埱	cuk1	tau3	1	147
埲	bong6	bung6 pung1	1	123
埳	ham2	ham3	1	148
埴	zik6		0	160
埵	do2	do3	1	142
埶	ngai6	sai3	1	146
執	zap1		0	91
埸	jik6		0	134
培	pui4		0	109
基	gei1		0	99
埻	deoi1	zeon2	1	147
埼	kei4		0	163
埽	sou3		0	142
埾	zeoi6		0	150
埿	baan6	nai4	1	148
堀	fat1	gwat6	0	147
堁	fo3		0	149
堂	tong4		0	89
堃	kwan1		0	142
堄	ngai4	ngai6	1	147
堅	gin1		0	104
堆	deoi1	zeoi1	0	97
堇	gan2	kan4 gan6	1	153
堈	gong1		0	148
堉	juk6		0	147
堊	ok3		0	142
堋	baang6	pang4 bang1 bing3	1	142
堌	gu3		0	145
堍	tou3		0	143
堎	ling4	ling6	1	160
堏	fong4		0	205
堐	ngaai4		0	147
堑	cim3		0	205
堒	kwan1		0	205
堓	ngon6		0	205
堔	sam1		0	143
堕	do6	fai1	1	205
堖	nou5		0	143
堗	dat6		0	146
堘	sing4		0	149
堙	jan1		0	143
堚	waan4		0	148
堛	pei3	pik1	1	145
堜	lin6		0	144
堝	gwo1	wo1	1	142
堞	dip6		0	143
堟	zyun6		0	144
堠	hau6		0	143
堡	bou2	pou3	0	115
堢	bou2		0	145
堣	jyu4		0	144
堤	tai4		0	124
堥	mau4	mou4 mou5	1	144
堦	gaai1		0	145
堧	jyun4		0	145
堨	aat3	oi2 oi3	1	144
堩	gang2	gang3	1	149
堪	ham1		0	128
堫	zung1		0	150
堬	jyu4		0	146
堭	wong4		0	148
堮	ngok6		0	148
堯	jiu4		0	122
堰	jin2		0	136
報	bou3		0	93
堲	zat1	zik1 zik6	1	149
堳	mei4		0	150
場	coeng4		0	90
堵	dou2	ze2	0	131
堶	to4		0	150
堷	bau6	jam3	1	144
堸	fung4		0	147
堹	zung3		0	150
堺	gaai3		0	141
堻	zeon1		0	149
堼	hang6		0	148
堽	gong1		0	145
堾	ceon1		0	149
堿	gaan2	haam4 ham3	1	191
塀	ping4		0	148
塁	leoi5		0	146
塂	hong4		0	205
塃	fong1		0	147
塄	ling4		0	144
塅	dyun6		0	146
塆	waan1		0	205
塇	syun1		0	205
塈	gei6	hei3 kei3	1	145
塉	zik6		0	149
塊	faai3		0	85
塋	jing4		0	142
塌	taap3	dap1	0	125
塍	sing4		0	141
塎	jung5		0	151
塏	hoi2		0	144
塐	sou3		0	152
塑	sou3	sok3	1	130
塒	si4		0	141
塓	mik6		0	151
塔	taap3		0	98
塕	jung2		0	149
塖	sing4		0	148
塗	tou4	caa4	0	116
塘	tong4		0	113
塙	kok3		0	146
塚	cung2		0	160
塛	leot6		0	151
塜	bung6		0	149
塝	bong6		0	138
塞	sak1	coi3	1	98
塟	zong3		0	145
塠	deoi1		0	150
塡	tin4		0	146
塢	wu2	ou3	0	136
塣	cing2		0	149
塤	fan1	hyun1	1	147
塥	gaak3		0	147
塦	zan6		0	149
塧	aai3		0	152
塨	gung1		0	146
塩	jim4		0	144
塪	ham2		0	153
填	tin4	zan3	0	113
塬	jyun4		0	140
塭	wan1		0	146
塮	ze6		0	205
塯	lau6		0	149
塰	hoi2		0	144
塱	long5		0	143
塲	coeng4		0	149
塳	bung6	pung1	1	151
塴	baang6	bang1 bing3	1	148
塵	can4		0	109
塶	luk6		0	151
塷	lou5		0	152
塸	au2		0	149
塹	cim3		0	139
塺	mo6	mui4	1	151
塻	mok6		0	150
塼	zyun1		0	148
塽	song2		0	147
塾	suk6		0	144
塿	lau4	lau5	1	147
墀	ci4		0	142
墁	maan6		0	144
墂	biu1		0	152
境	ging2		0	117
墄	cak1		0	150
墅	seoi6	seoi5	0	136
墆	dai3	dit6 zai6	1	150
墇	zoeng1	zoeng3	1	150
墈	ham3		0	145
墉	jung4		0	135
墊	zin3	din3 din6	1	115
墋	cam2		0	150
墌	zek3		0	149
墍	gei3	hei3 kei3	1	145
墎	gwok3		0	147
墏	coeng2		0	150
墐	gan2	gan6	1	148
墑	dik1		0	198
墒	soeng1		0	139
墓	mou6		0	109
墔	ceoi1	ceoi4	1	151
墕	jin2		0	147
墖	taap3		0	144
増	zang1		0	142
墘	kin4		0	145
墙	coeng4		0	205
墚	loeng4		0	145
墛	wai3		0	205
墜	zeoi6		0	127
墝	haau1		0	146
增	zang1		0	107
墟	heoi1		0	125
墠	sin6		0	144
墡	sin6		0	147
墢	baat6		0	149
墣	buk6	pok3	1	146
墤	faai3		0	147
墥	dung2	teon2	1	150
墦	faan4		0	145
墧	kok3		0	150
墨	mak6		0	110
墩	deon1	dan1 dan2	0	137
墪	dan1	deon1 dan2	1	149
墫	cyun4	deon1 zeon1	1	191
墬	dei6		0	160
墭	sing6		0	146
墮	do6	fai1	0	124
墯	do6	fai1	1	147
墰	taam4		0	171
墱	dang3		0	149
墲	mou4		0	143
墳	fan4	fan5	0	116
墴	wong4		0	151
墵	taam4		0	146
墶	daat3		0	145
墷	jip6		0	149
墸	zyu3		0	147
墹	gaan1		0	146
墺	ou3		0	146
墻	coeng4		0	153
墼	gik1		0	143
墽	haau1	hiu1	1	146
墾	han2		0	149
墿	jik6	tou4	1	144
壀	pei4		0	150
壁	bik1	bek3	0	108
壂	din6		0	147
壃	goeng1		0	148
壄	je5		0	147
壅	jung1	jung2 ung1	1	141
壆	bok3		0	160
壇	taan4		0	115
壈	lam5		0	189
壉	geoi3		0	150
壊	waai6		0	141
壋	dong2		0	144
壌	joeng6		0	147
壍	cim3		0	148
壎	hyun1	fan1	0	141
壏	haam5		0	148
壐	saai2		0	149
壑	kok3		0	139
壒	oi2	oi3	1	145
壓	aat3		0	97
壔	dou2		0	149
壕	hou4		0	132
壖	jyun4		0	147
壗	zeon6		0	148
壘	leoi5	leoi4 leot6	0	137
壙	kong3	kwong3	1	138
壚	lou4		0	143
壛	jim4		0	149
壜	taam4		0	159
壝	wai2		0	147
壞	waai6		0	93
壟	lung5		0	149
壠	lung5		0	140
壡	jeoi6		0	148
壢	lek6	lik6	0	143
壣	leon4		0	152
壤	joeng6		0	137
壥	cin4		0	150
壦	hyun1		0	152
壧	ngaam4		0	150
壨	leoi4		0	149
壩	baa3		0	137
壪	waan1		0	205
士	si6		0	94
壬	jam4		0	138
壭	si6		0	148
壮	zong3	zong1	1	205
壯	zong3	zong1 zong6	0	117
声	sing1	seng1	1	205
壱	jat1		0	145
売	maai6		0	140
壳	hok3		0	205
壴	zyu3		0	149
壵	zong3		0	145
壶	wu4	wu2	1	205
壷	wu4		0	148
壸	kwan2		0	205
壹	jat1	jik1	0	159
壺	wu4		0	112
壻	sai3		0	148
壼	kwan2		0	145
壽	sau6		0	106
壾	mong5		0	154
壿	cyun4	deon1	1	148
夀	sau6		0	205
夁	jat1		0	150
夂	zi2	zung1	1	141
夃	gu2	jing4	1	144
处	cyu5	cyu2 cyu3 syu2 syu3	1	198
夅	gong3		0	147
夆	fung1	fung4	1	146
备	bei6		0	194
夈	zaai1		0	146
変	bin3		0	139
夊	seoi1		0	141
夋	ceon1		0	143
夌	ling4		0	143
复	fuk1	fuk6	1	159
夎	co3	zeoi3	1	144
夏	haa6	gaa2	0	102
夐	hing3	hyun3	1	143
夑	sit3		0	205
夒	naau4	nou4	1	147
夓	haa6		0	147
夔	kwai4		0	140
夕	zik6		0	122
外	ngoi6		0	88
夗	jyun2	jyun3	1	148
夘	maau5		0	146
夙	suk1		0	140
多	do1		0	65
夛	do1		0	144
夜	je6		0	91
夝	ceng4	cing4	1	147
夞	ngoi6		0	205
够	gau3		0	145
夠	gau3		0	86
夡	hei3		0	149
夢	mung6		0	90
夣	mung6		0	144
夤	jan4		0	142
夥	fo2		0	110
夦	cam2		0	145
大	daai6		0	63
夨	zak1		0	141
天	tin1		0	78
太	taai3		0	75
夫	fu1	fu4	0	96
夬	gwaai3		0	142
夭	jiu1	jiu2 ou2	0	137
央	joeng1		0	125
夯	haang1	ban6	0	138
夰	gou2		0	147
失	sat1	jat6	0	99
夲	tou1		0	140
夳	taai3		0	146
头	tau4	tau2	1	205
夵	jim5		0	145
夶	bei2		0	142
夷	ji4		0	121
夸	kwaa1		0	132
夹	gaap3	gaap2 gep6 gip6 gip2 gap3 gaak3 hip3	1	205
夺	dyut6		0	205
夻	ng4		0	205
夼	kong3	kwong3	1	143
夽	wan5		0	149
夾	gaap3	gep6 gip6 gap3 gep3 gip3	1	95
夿	baa1		0	144
奀	ngan1		0	143
奁	lim4		0	205
奂	wun6		0	205
奃	dai1		0	148
奄	jim1	jim2 am1	0	158
奅	paau3		0	148
奆	gyun6		0	152
奇	kei4	gei1	0	96
奈	noi6		0	129
奉	fung6		0	105
奊	hai5	kwai4	1	148
奋	fan5		0	160
奌	dim2		0	142
奍	hyun3		0	205
奎	fui1	kwai1	0	130
奏	zau3	cau3	0	114
奐	wun6		0	139
契	kai3	kit3 sit3	0	122
奒	hoi1		0	150
奓	ce1	zaa3 zaa6 se1 ci2 zaa1	1	143
奔	ban1	ban3	0	106
奕	jik6		0	116
奖	zoeng2		0	205
套	tou3		0	91
奘	zong6	zong1 zong3	0	139
奙	bun2		0	153
奚	hai4		0	134
奛	kong3		0	151
奜	fei2		0	145
奝	diu1		0	149
奞	seon3		0	150
奟	bang1		0	150
奠	din6		0	130
奡	ngou6		0	145
奢	ce1	se1	0	131
奣	wang2		0	149
奤	haa5		0	147
奥	ou3	ngou3 juk1 ou2 ngou2	1	205
奦	mou6		0	152
奧	ou3	juk1 ou2	0	109
奨	zoeng2		0	144
奩	lim4		0	142
奪	dyut6		0	113
奫	jyun1	wan1	1	148
奬	zoeng2		0	140
奭	sik1		0	143
奮	fan5	fan3	0	126
奯	kut3		0	150
奰	bei6		0	150
奱	lyun4		0	146
奲	ce2	do2	1	148
女	neoi5	neoi2 neoi6 jyu5	0	76
奴	nou4		0	108
奵	ding2		0	146
奶	naai5	naai4 naai1	0	97
奷	cin1		0	145
奸	gaan1		0	106
她	taa1		0	83
奺	gau2		0	147
奻	naan4		0	144
奼	caa3	zaa3	1	140
好	hou2	hou3	1	47
奾	sin1		0	148
奿	faan3		0	148
妀	gei2		0	144
妁	zoek3		0	149
如	jyu4		0	87
妃	fei1	pui3	0	114
妄	mong5	mong6	0	127
妅	hung4		0	150
妆	zong1		0	205
妇	fu5		0	205
妈	maa1	maa4 maa2 maa5	1	205
妉	daam1		0	149
妊	jam4	jam6	0	141
妋	fu1		0	147
妌	zing6		0	149
妍	jin4		0	129
妎	gaai3	hoi6 hai6	1	146
妏	man6		0	144
妐	zung1		0	149
妑	paa1		0	142
妒	dou3		0	139
妓	gei6		0	132
妔	haang1		0	149
妕	zung3		0	144
妖	jiu2	jiu1	0	92
妗	kam2	kam5	1	160
妘	wan4		0	145
妙	miu6		0	109
妚	fau2		0	144
妛	ci1		0	148
妜	jyut3		0	148
妝	zong1		0	113
妞	nau2	nau5	0	126
妟	aan3		0	146
妠	naap6		0	146
妡	jan1		0	145
妢	fan4		0	144
妣	bei2		0	142
妤	jyu4		0	132
妥	to5	to2	0	110
妦	fung1		0	147
妧	jyun4	wun6	1	144
妨	fong4		0	139
妩	mou5	mou4	1	205
妪	jyu3	jyu2	1	205
妫	gwai1		0	205
妬	dou3		0	146
妭	bat6		0	146
妮	nei4		0	115
妯	cau1	zuk6 suk6	1	144
妰	zoek3		0	152
妱	ziu1		0	146
妲	taan2	daat3	0	138
妳	nei5	naai5	0	93
妴	jyun2		0	147
妵	tau2		0	149
妶	jin4	jyun4	1	146
妷	zat6		0	143
妸	o1	o2	1	142
妹	mui6	mui2 mui1	1	91
妺	mut6		0	140
妻	cai1	cai3	0	112
妼	bat6		0	147
妽	san1		0	147
妾	cip3		0	117
妿	aa3		0	149
姀	wo4		0	146
姁	heoi1	heoi2	1	145
姂	fat6		0	150
姃	zing1		0	145
姄	man4		0	146
姅	bun3	pun3	1	144
姆	mou5		0	114
姇	fau4	fu1	1	146
姈	ling4		0	146
姉	zi2		0	143
姊	zi2	ze2	0	133
始	ci2		0	115
姌	jim5		0	145
姍	saan1	sin1	0	135
姎	joeng1	ong1 joeng2	1	147
姏	maan4		0	144
姐	ze2		0	89
姑	gu1		0	106
姒	ci5		0	140
姓	sing3		0	96
委	wai2	wai1	0	111
姕	zi1		0	147
姖	geoi6		0	142
姗	saan1		0	159
姘	ping1		0	141
姙	jam4		0	143
姚	jiu4		0	113
姛	dung6		0	146
姜	goeng1		0	102
姝	syu1	zyu1	1	138
姞	gat1	git6	1	144
姟	goi1		0	143
姠	hoeng3		0	143
姡	kut3	waat6 wut6	1	146
姢	gyun1		0	145
姣	haau4	gaau2	0	122
姤	gau3		0	143
姥	lou5	mou5	0	135
姦	gaan1		0	132
姧	gaan1		0	146
姨	ji1	ji4	1	100
姩	nin4	nin6	1	141
姪	zat6		0	153
姫	can2		0	142
姬	gei1		0	113
姭	him3		0	149
姮	hang4		0	144
姯	gong1	gwong1	1	147
姰	gwan1		0	148
姱	kwaa1		0	146
姲	aan3		0	147
姳	ming5		0	144
姴	lit6		0	148
姵	bui6	pui3	0	144
姶	hap6	jap1	1	147
姷	jau6		0	144
姸	jin4		0	145
姹	caa3		0	205
姺	sin2		0	144
姻	jan1		0	133
姼	ci2	si4	1	148
姽	gwai2	ngai5	1	144
姾	cyun4		0	148
姿	zi1		0	122
娀	sung1		0	146
威	wai1		0	98
娂	hung4		0	149
娃	waa1		0	125
娄	lau4		0	205
娅	aa3	ngaa3	1	205
娆	jiu2	jiu4	1	205
娇	giu1		0	205
娈	lyun2	lyun5	1	205
娉	ping1	ping3	0	140
娊	daam1	jin6	1	148
娋	saau3		0	149
娌	lei5		0	142
娍	sing4		0	145
娎	hit3		0	150
娏	mong4		0	149
娐	fu1		0	151
娑	so1		0	145
娒	mui4		0	147
娓	mei5		0	136
娔	hak1		0	148
娕	cuk1	laai6	1	145
娖	coek3	cuk1	1	145
娗	tin2	ting5 ting4	1	148
娘	noeng4		0	96
娙	jing4		0	148
娚	naam4		0	142
娛	jyu4		0	132
娜	naa4	no5 no4	1	110
娝	pau1		0	145
娞	neoi5	seoi1	1	150
娟	gyun1		0	109
娠	san1	zan3	0	144
娡	zi3		0	146
娢	ham4		0	148
娣	tai5	dai6 tai6	0	130
娤	zong1		0	143
娥	ngo4		0	114
娦	pan4		0	148
娧	teoi3		0	150
娨	haan6		0	151
娩	faan3	min5 maan5	1	143
娪	ng4		0	144
娫	jin4		0	147
娬	mou4	mou5	1	146
娭	aai1	hei1 oi1	1	160
娮	jin4		0	145
娯	jyu4		0	144
娰	ci5		0	147
娱	jyu4		0	205
娲	wo1		0	205
娳	lei6		0	149
娴	haan4		0	205
娵	zeoi1		0	147
娶	ceoi2	cou2 ceoi3	0	107
娷	seoi6	zeoi6	1	145
娸	hei1		0	143
娹	jin4		0	147
娺	to3		0	151
娻	dung1		0	147
娼	coeng1		0	145
娽	luk6		0	149
娾	ngaai6		0	148
娿	o1		0	142
婀	o2	o1	0	138
婁	lau4	leoi4	0	135
婂	min4		0	143
婃	cung4		0	143
婄	pau3		0	143
婅	guk1		0	145
婆	po4		0	99
婇	coi2		0	143
婈	ling4		0	146
婉	jyun2	wun2	0	112
婊	biu2		0	147
婋	haau1		0	149
婌	suk6		0	146
婍	ji2		0	146
婎	fai1		0	150
婏	faan3		0	146
婐	lo2	wo2 o1	1	147
婑	wo1	wo2	1	146
婒	taam4		0	149
婓	fei1	fei4	1	145
婔	fei1		0	146
婕	zit3	zip3 zit6	0	134
婖	tim1		0	146
婗	ngai4		0	144
婘	gyun3	kyun4	1	149
婙	zing6		0	147
婚	fan1		0	104
婛	ging1		0	146
婜	gan2	haan1	1	146
婝	din6		0	151
婞	hang6		0	142
婟	wu6		0	151
婠	wun1		0	144
婡	loi4		0	145
婢	pei5		0	127
婣	jan1		0	149
婤	cau1	zau1	1	148
婥	coek3		0	145
婦	fu5		0	121
婧	zing6		0	136
婨	leon4		0	148
婩	joek6	ngon6	1	147
婪	laam4		0	142
婫	gwan1		0	205
婬	jam4		0	191
婭	aa3		0	134
婮	geoi1		0	148
婯	lai6		0	144
婰	din2		0	147
婱	jin4		0	150
婲	waa6		0	205
婳	waak6		0	205
婴	jing1		0	205
婵	sim4		0	205
婶	sam2		0	205
婷	ting4		0	102
婸	dong6		0	145
婹	jiu2		0	141
婺	mou6		0	141
婻	naam6	nam6	1	145
婼	coek3	joek6 je4 ji3	1	143
婽	gaa2		0	147
婾	jyu4	tau1	1	147
婿	sai3		0	133
媀	jyu6		0	147
媁	wai4		0	148
媂	dai3		0	147
媃	jau4		0	146
媄	mei5		0	142
媅	daam1		0	148
媆	jyun5		0	150
媇	can1		0	145
媈	fai1		0	146
媉	ak1		0	146
媊	cin4	zin2	1	145
媋	ceon1		0	148
媌	maau4		0	146
媍	fu5		0	148
媎	ze2		0	150
媏	dyun1		0	149
媐	hei1		0	149
媑	zung6		0	148
媒	mui4		0	129
媓	wong4		0	146
媔	min4		0	143
媕	am1		0	148
媖	jing1		0	146
媗	hyun1		0	145
媘	gaai1		0	150
媙	wai1		0	147
媚	mei4	mei6	1	123
媛	wun4	jyun6 jyun4	0	134
媜	zing1		0	144
媝	cau1		0	150
媞	tai4		0	140
媟	sit3		0	147
媠	do6	to5	1	148
媡	lin6		0	150
媢	mou6		0	147
媣	gam1		0	146
媤	si1		0	145
媥	pin1		0	146
媦	wai6		0	145
媧	wo1	gwaa1	0	127
媨	cuk1		0	150
媩	wu4		0	147
媪	ou2		0	141
媫	zit3		0	146
媬	bou2		0	147
媭	seoi1		0	205
媮	jyu4	tau1	1	161
媯	gwai1		0	141
媰	co4		0	150
媱	jiu4		0	146
媲	bei2	pei3	1	140
媳	sik1		0	139
媴	jyun4		0	146
媵	jan6	jing6	1	144
媶	jung4		0	150
媷	juk6		0	148
媸	ci1		0	141
媹	lau4		0	146
媺	mei5		0	144
媻	pun4		0	149
媼	ou2		0	141
媽	maa1	maa4 maa2 maa5	0	97
媾	gau3	kau3	0	126
媿	gwai2	kwai5 kwai3	1	181
嫀	ceon4	san1	1	144
嫁	gaa3		0	90
嫂	sou2		0	110
嫃	zan1		0	142
嫄	jyun4		0	144
嫅	ze1		0	147
嫆	jung4		0	144
嫇	mang4	ming4 ming5	1	147
嫈	jing1		0	147
嫉	zat6	zaat6	0	150
嫊	sou3		0	146
嫋	niu1	niu5	1	139
嫌	jim4		0	111
嫍	tou1		0	147
嫎	pong4		0	146
嫏	long4		0	145
嫐	nat1	nou5	1	144
嫑	biu3		0	205
嫒	oi3	ngoi3 oi2 ngoi2	1	205
嫓	pei3		0	205
嫔	pan4	ban3	1	205
嫕	ai3	ji3	1	147
嫖	piu4	piu1 piu3	0	127
嫗	jyu2	jyu3	1	143
嫘	leoi4		0	142
嫙	syun4		0	143
嫚	maan6		0	142
嫛	ji1		0	148
嫜	zoeng1		0	144
嫝	hong1		0	146
嫞	cung1	sung4 jung4	1	150
嫟	nik1		0	146
嫠	lei4		0	141
嫡	dik1		0	129
嫢	kwai1		0	147
嫣	jin1		0	124
嫤	gan2		0	147
嫥	zyun1		0	149
嫦	soeng4		0	139
嫧	zaak3		0	146
嫨	hon1	naan5	1	145
嫩	nyun6		0	114
嫪	lou6		0	145
嫫	mou4		0	142
嫬	ze1		0	148
嫭	wu6		0	146
嫮	wu6		0	147
嫯	ngou6		0	150
嫰	nyun6		0	144
嫱	coeng4		0	205
嫲	maa4		0	133
嫳	pit3		0	146
嫴	gu1		0	147
嫵	mou4		0	141
嫶	ciu4	ziu1	1	147
嫷	to5		0	150
嫸	zin2		0	151
嫹	maau4		0	151
嫺	haan4		0	119
嫻	haan4		0	149
嫼	aat3		0	143
嫽	liu4	liu5	1	146
嫾	lin4		0	148
嫿	waak6		0	143
嬀	gwai1		0	141
嬁	dang1		0	147
嬂	zik1		0	150
嬃	jeoi1	seoi1	1	146
嬄	jat1		0	146
嬅	waa6	waa4	0	133
嬆	jap1		0	152
嬇	faai3	kui2	1	150
嬈	jiu4	jiu5	0	155
嬉	hei1		0	134
嬊	jin2		0	148
嬋	sim4	sin4	0	121
嬌	giu1		0	109
嬍	mei5		0	149
嬎	faan3		0	150
嬏	faan1		0	150
嬐	cim1		0	150
嬑	ji3		0	143
嬒	wai3		0	145
嬓	giu3		0	151
嬔	faan3	fu6	1	151
嬕	sik1		0	147
嬖	bai3	pei3	1	142
嬗	sin6		0	142
嬘	seoi6		0	150
嬙	coeng4		0	142
嬚	lim5		0	150
嬛	hyun1	waan4 king4	1	140
嬜	jam1		0	146
嬝	niu5		0	205
嬞	dung2		0	144
嬟	ji6		0	147
嬠	cam1		0	150
嬡	oi3		0	140
嬢	noeng4		0	143
嬣	ning4		0	147
嬤	maa1	maa4 mo5	0	137
嬥	tiu4	tiu5	1	149
嬦	cau4		0	151
嬧	zeon6		0	147
嬨	ci4		0	145
嬩	jyu4		0	144
嬪	ban3	pan4	1	135
嬫	wing4		0	143
嬬	jyu4		0	143
嬭	naai5		0	159
嬮	jim1	jim3	1	144
嬯	toi4		0	150
嬰	jing1		0	125
嬱	cim3		0	148
嬲	nau1	niu5 niu4	1	87
嬳	wok6		0	150
嬴	jing4		0	114
嬵	min4		0	146
嬶	bei6		0	145
嬷	maa1	maa4	1	205
嬸	sam2		0	105
嬹	hing1		0	148
嬺	lik1	nik1	1	149
嬻	duk6		0	149
嬼	lau6	liu5	1	148
嬽	jyun1		0	149
嬾	laan5		0	145
嬿	jin2	jin3	1	142
孀	soeng1		0	142
孁	ling4		0	146
孂	giu2		0	152
孃	noeng4		0	105
孄	laan5		0	149
孅	cim1		0	145
孆	jing1		0	148
孇	soeng1		0	146
孈	seoi1		0	153
孉	kyun4		0	147
孊	mei5		0	148
孋	lei4		0	144
孌	lyun2	lyun5	1	143
孍	jim4	jim5	1	149
孎	cuk1	zuk1 doek3 suk6	1	146
孏	laan5		0	147
子	zi2		0	81
孑	kit3	git3	0	139
孒	kyut3		0	140
孓	kyut3		0	138
孔	hung2		0	108
孕	jan6		0	132
孖	maa1	zi1	0	110
字	zi6		0	81
存	cyun4		0	108
孙	syun1	seon3	1	205
孚	fu1		0	144
孛	bui6	but6 baak6	0	141
孜	zi1		0	136
孝	haau3		0	107
孞	seon3		0	205
孟	maang6		0	100
孠	zi6		0	150
孡	toi1		0	147
孢	baau1		0	139
季	gwai3		0	106
孤	gu1		0	106
孥	nou4		0	144
学	hok6	hok2	1	205
孧	jau3		0	205
孨	zyun2		0	145
孩	haai4	hoi4	0	118
孪	lyun4		0	205
孫	syun1		0	88
孬	bou2	naau1 jai5 naau6	1	160
孭	me1		0	109
孮	cung4		0	148
孯	haan1		0	150
孰	suk6		0	133
孱	caan3	saan4 caan4 saan1 zaan6	1	155
孲	aa1		0	146
孳	zi1		0	144
孴	ji5		0	149
孵	fu1		0	132
孶	zi1	zi3	1	148
孷	lei4		0	152
學	hok6		0	78
孹	maak3		0	149
孺	jyu4	jyu6	0	138
孻	laai1		0	153
孼	jip6	jit6	1	147
孽	jip6	jit6	0	124
孾	jing1		0	150
孿	lyun4	syun3	0	139
宀	min4		0	141
宁	cyu5	ning4	1	140
宂	jung2		0	150
它	taa1	to1	0	94
宄	gwai2		0	142
宅	zaak6	zaak2	1	104
宆	kung4		0	148
宇	jyu5		0	98
守	sau2	sau3	0	97
安	on1		0	89
宊	dat6		0	146
宋	sung3		0	88
完	jyun4		0	69
宍	juk6		0	145
宎	jiu2	ngaau5	1	149
宏	wang4		0	115
宐	ji4		0	146
宑	jing2		0	205
宒	zeon1		0	147
宓	mat6	fuk6	0	140
宔	zyu2		0	142
宕	dong6		0	137
宖	wang4		0	148
宗	zung1		0	96
官	gun1		0	89
宙	zau6		0	131
定	ding6	deng6 ding3	0	81
宛	jyun2	jyun1	0	135
宜	ji4		0	113
宝	bou2		0	205
实	sat6		0	205
実	sat6		0	140
宠	cung2		0	205
审	sam2		0	205
客	haak3		0	95
宣	syun1		0	111
室	sat1		0	95
宥	jau6		0	156
宦	waan6		0	153
宧	ji4		0	147
宨	tiu2		0	147
宩	si2		0	205
宪	hin3		0	194
宫	gung1		0	159
宬	sing4		0	143
宭	kwan4		0	147
宮	gung1		0	95
宯	haau1		0	150
宰	zoi2		0	129
宱	zaa6		0	151
宲	bou2		0	149
害	hoi6		0	98
宴	jin3		0	117
宵	siu1		0	125
家	gaa1	gu1	0	77
宷	coi2	sam2 coi3	1	150
宸	san4		0	138
容	jung4		0	100
宺	fong2		0	151
宻	mat6		0	146
宼	kau3		0	147
宽	fun1		0	205
宾	ban1	ban3	1	205
宿	suk1	sau3	0	116
寀	coi2	coi3	1	142
寁	zaam2		0	149
寂	zik6		0	129
寃	jyun1		0	146
寄	gei3		0	108
寅	jan4		0	136
密	mat6		0	103
寇	kau3		0	115
寈	cing1		0	147
寉	hok6		0	150
寊	zing1		0	146
寋	gin6		0	151
富	fu3		0	101
寍	ning4	ning6	1	148
寎	bing2		0	144
寏	jyun4		0	150
寐	mei6		0	137
寑	cam2		0	145
寒	hon4		0	96
寓	jyu6		0	144
寔	sat6	zik6	1	141
寕	ning4	ning6	1	145
寖	zam3		0	146
寗	ning4	ning6	1	148
寘	tin4	zi3	1	144
寙	jyu5		0	149
寚	bou2		0	146
寛	fun1		0	143
寜	ning4		0	145
寝	cam2		0	205
寞	mok6		0	141
察	caat3		0	115
寠	geoi6	lau4	1	149
寡	gwaa2		0	122
寢	cam2		0	123
寣	fat1	fu1	1	145
寤	ng6		0	141
寥	liu4		0	135
實	sat6		0	87
寧	ning4		0	100
寨	zaai6		0	104
審	sam2		0	107
寪	wai2		0	146
寫	se2		0	79
寬	fun1		0	113
寭	wai6		0	150
寮	liu4		0	138
寯	zeon3		0	147
寰	waan4		0	145
寱	ngai6		0	148
寲	ji4		0	144
寳	bou2		0	140
寴	can1		0	147
寵	cung2		0	111
寶	bou2		0	87
寷	fung1		0	148
寸	cyun3		0	110
对	deoi3	deoi2	1	205
寺	zi2	zi6	0	105
寻	cam4		0	171
导	dou6		0	205
寽	lyut3		0	147
対	deoi3		0	139
寿	sau6		0	205
尀	po2		0	151
封	fung1		0	90
専	zyun1		0	142
尃	fu1		0	147
射	se6	jik6 je6	0	95
尅	hak1		0	137
将	zoeng1	zoeng3 coeng1	1	205
將	zoeng1	zoeng3	1	69
專	zyun1		0	106
尉	wai3	wat1 wan6	0	112
尊	zyun1	zeon1	0	108
尋	cam4		0	108
尌	syu6		0	148
對	deoi3		0	65
導	dou6		0	116
小	siu2		0	68
尐	dit1	zit3 zik1	1	138
少	siu2	siu3	1	81
尒	ji5		0	140
尓	ji5		0	138
尔	ji5		0	205
尕	gaa1		0	139
尖	zim1		0	102
尗	suk6		0	145
尘	can4		0	205
尙	soeng6		0	143
尚	soeng6		0	108
尛	mo1		0	140
尜	gaat3		0	141
尝	soeng4		0	205
尞	liu4		0	146
尟	sin2		0	148
尠	sin2		0	147
尡	kwan1		0	205
尢	wong1		0	147
尣	wong1		0	146
尤	jau4		0	118
尥	liu6		0	143
尦	liu6		0	205
尧	jiu4		0	205
尨	mong4	mung4 pong4	1	144
尩	wong1		0	146
尪	wong1		0	144
尫	wong1		0	146
尬	gaai3		0	127
尭	jiu4		0	147
尮	do3		0	205
尯	kwai3		0	144
尰	cung3	zung2 zung6	1	145
就	zau6		0	45
尲	gaam1		0	205
尳	gwat1	wat6	1	149
尴	gaam1	gaam3	1	205
尵	teoi4		0	149
尶	gaam1		0	149
尷	gaam3	gaam1	0	126
尸	si1		0	137
尹	wan5		0	113
尺	cek3	ce2	0	105
尻	haau1	hou1	0	127
尼	nei4		0	100
尽	zeon6	zeon2	1	205
尾	mei5		0	93
尿	niu6		0	102
局	guk6		0	103
屁	pei3		0	117
层	cang4		0	205
屃	ai3	ngai3 hei3	1	205
屄	bei1	hai1	1	149
居	geoi1		0	104
屆	gaai3		0	112
屇	tin4		0	146
屈	wat1	gwat6	0	107
屉	tai3		0	158
届	gaai3		0	163
屋	uk1		0	85
屌	diu2		0	83
屍	si1		0	102
屎	si2		0	98
屏	ping4	bing2	0	123
屐	kek6		0	160
屑	sit3		0	136
屒	zan2		0	151
屓	ai3	hei3	1	146
屔	nai4	nei4	1	151
展	zin2		0	104
屖	cai1	sai1	1	151
屗	cyun3		0	205
屘	mei1		0	127
屙	o1		0	98
屚	lau6		0	148
屛	bing1	ping4 bing2 bing3	1	145
屜	tai3		0	141
屝	fai6	fei2	1	189
属	suk6	zuk1	1	205
屟	sip3	sit3	1	149
屠	tou4	ceoi4	0	117
屡	leoi5		0	205
屢	leoi5		0	127
屣	saai2		0	144
層	cang4		0	93
履	lei5	leoi5	0	130
屦	geoi3		0	205
屧	sip3	sit3	1	147
屨	geoi3		0	144
屩	goek3		0	198
屪	liu4		0	150
屫	goek3		0	153
屬	suk6	zuk6	0	108
屭	ai3	hei3	0	148
屮	cit3		0	143
屯	tyun4	seon4	0	130
屰	jik6		0	146
山	saan1		0	78
屲	saan1		0	205
屳	sin1		0	149
屴	lak6	lik6	1	145
屵	ngon6		0	147
屶	wui6		0	143
屷	wui6		0	205
屸	lung4		0	147
屹	ngat6	gat1	0	136
屺	hei2		0	144
屻	jan6		0	146
屼	ngat6		0	143
屽	hon6		0	143
屾	san1		0	142
屿	zeoi6	jyu5 jyu4	1	205
岀	ceot1		0	142
岁	seoi3		0	205
岂	hei2	hoi2	1	205
岃	jan6		0	205
岄	jyut6		0	143
岅	baan2	faan2	1	148
岆	jiu2		0	144
岇	ngong4		0	146
岈	haa1	ngaa4	1	142
岉	mat6		0	148
岊	git3	zit3	1	146
岋	ngap6		0	146
岌	kap1	ngap6 gap6	0	120
岍	hin1		0	146
岎	fan4		0	150
岏	jyun4		0	149
岐	kei4		0	120
岑	sam4		0	121
岒	kim4		0	148
岓	kei4		0	151
岔	caa3		0	129
岕	gaai3		0	145
岖	keoi1		0	205
岗	gong1		0	205
岘	jin6		0	205
岙	aau3	ou3	1	205
岚	laam4	laam2	1	205
岛	dou2		0	205
岜	baa1		0	141
岝	zaak3	zok3 zaak6	1	148
岞	zok6		0	146
岟	joeng2		0	152
岠	geoi6	keoi5	1	144
岡	gong1		0	129
岢	ho2		0	140
岣	gau2		0	141
岤	hyut3		0	151
岥	po1		0	145
岦	laap6	lap6	1	148
岧	tiu4		0	147
岨	zeoi1	zeoi2	1	147
岩	ngaam4		0	106
岪	fat6		0	148
岫	zau6		0	140
岬	gaap3		0	141
岭	leng5	ling5 ling4	1	159
岮	to4		0	151
岯	pei4		0	151
岰	aau3	au3	1	150
岱	doi6		0	139
岲	fong3		0	148
岳	ngok6		0	112
岴	keoi1		0	150
岵	wu6		0	142
岶	paak3		0	150
岷	man4		0	140
岸	ngon6		0	107
岹	tiu4		0	150
岺	ling4		0	145
岻	ci4		0	148
岼	ping4		0	144
岽	dung1		0	205
岾	zim1		0	205
岿	kwai1		0	205
峀	bong1		0	149
峁	maau5		0	141
峂	tung4		0	205
峃	hok6		0	205
峄	jik6		0	205
峅	bin6		0	151
峆	gap3	hap6	1	149
峇	baa1	hap1 hap6	0	143
峈	lok6		0	146
峉	ngaak6		0	151
峊	fau6		0	148
峋	seon1		0	140
峌	dit6		0	150
峍	leot6		0	151
峎	gan3	jan2	1	146
峏	ji4		0	147
峐	goi1		0	151
峑	cyun1		0	147
峒	tung4	dung6	0	139
峓	ji4		0	149
峔	mou5		0	150
峕	si4		0	205
峖	on1		0	151
峗	ngai4	ngai5	1	149
峘	wun4		0	147
峙	zi6	ci5 si6	0	139
峚	mat6		0	149
峛	lei5		0	146
峜	gai3		0	145
峝	dung6		0	145
峞	ngai4	ngai5	1	149
峟	jau6		0	142
峠	kaa1		0	145
峡	haap6	haap3 hap6	1	205
峢	lit6		0	147
峣	jiu4		0	205
峤	giu6	kiu4	1	205
峥	zang1	zaang1	1	205
峦	lyun4		0	205
峧	gaau1		0	205
峨	ngo4		0	117
峩	ngo4		0	138
峪	juk6	jyu6	0	135
峫	je4		0	146
峬	bou1		0	149
峭	ciu3		0	136
峮	kwan1		0	148
峯	fung1		0	96
峰	fung1		0	116
峱	naau4	nau4 nou4	1	149
峲	lei5		0	147
峳	jau4		0	149
峴	jin6		0	141
峵	wing4		0	150
島	dou2		0	99
峷	san1		0	151
峸	sing4		0	144
峹	tou4		0	152
峺	gang2		0	149
峻	zeon3		0	112
峼	kuk1		0	150
峽	hap6	haap6	0	129
峾	ngan4		0	152
峿	jyu5	ng4	1	147
崀	long4	long6 long5	1	147
崁	ham3		0	144
崂	lou4		0	205
崃	loi4		0	205
崄	him2		0	205
崅	gok3		0	205
崆	hung1		0	141
崇	sung4		0	112
崈	sung4		0	146
崉	daap6		0	150
崊	lam4		0	147
崋	waa4	waa6	1	144
崌	geoi1		0	146
崍	loi4		0	142
崎	kei1	kei4	0	125
崏	man4		0	147
崐	gwan1		0	143
崑	kwan1	gwan1	0	116
崒	zeot1	zyut6	1	146
崓	gu3		0	151
崔	ceoi1	ceoi4	0	113
崕	ngaai4		0	144
崖	ngaai4		0	118
崗	gong1		0	118
崘	leon4		0	145
崙	leon4		0	117
崚	ling4		0	142
崛	gwat6		0	150
崜	do1		0	149
崝	zang1		0	147
崞	gwok3		0	142
崟	jam4		0	144
崠	dung3		0	189
崡	haam4		0	144
崢	zang1	zaang1 caang4	0	134
崣	wai2		0	148
崤	ngaau4		0	142
崥	bei2	pei4	1	145
崦	jim1		0	143
崧	sung1		0	141
崨	zit6		0	150
崩	bang1		0	118
崪	zeot1	zyut6	1	149
崫	fat1		0	151
崬	dung1		0	142
崭	zaam2	zaam3	1	205
崮	gu3		0	141
崯	jam4		0	148
崰	zi1		0	148
崱	sik6	zak1	1	145
崲	wong4		0	146
崳	jyu4		0	160
崴	wai1	waai1 waai2	0	139
崵	dong6	joeng4	1	149
崶	fung1		0	144
崷	cau4		0	149
崸	dan6		0	150
崹	tai4		0	148
崺	ji4	ji5	1	150
崻	zi6		0	151
崼	si6		0	145
崽	zai2	zoi2	0	136
崾	jiu5		0	141
崿	ngok6		0	147
嵀	cyu5		0	147
嵁	ham1		0	145
嵂	leot6		0	143
嵃	jin5	jin6	1	146
嵄	mei5		0	146
嵅	haam4	ham4	1	149
嵆	kai1		0	147
嵇	kai1	hai4	0	140
嵈	wun6		0	148
嵉	ting4		0	148
嵊	sing6		0	141
嵋	mei4		0	141
嵌	ham3	ham6 haam1 ham2	0	130
嵍	mou6		0	151
嵎	jyu4		0	145
嵏	zung1		0	150
嵐	laam4		0	126
嵑	hot3	kit3	1	151
嵒	ngaam4		0	167
嵓	ngaam4		0	148
嵔	wai3		0	146
嵕	zung1		0	147
嵖	caa4		0	143
嵗	seoi3		0	153
嵘	wing4		0	205
嵙	fo1		0	148
嵚	jam1		0	205
嵛	jyu4		0	142
嵜	kei1		0	147
嵝	lau5		0	205
嵞	tou4		0	147
嵟	deoi1		0	149
嵠	kai1		0	150
嵡	jung2		0	149
嵢	cong1		0	149
嵣	dong6	tong4	1	150
嵤	wing4		0	148
嵥	git6		0	147
嵦	hoi2		0	151
嵧	lau4		0	151
嵨	wu2		0	147
嵩	sung1		0	132
嵪	hiu1		0	151
嵫	zi1		0	143
嵬	ngai4		0	141
嵭	bang1		0	151
嵮	din1		0	151
嵯	co1	co4	1	142
嵰	him2		0	151
嵱	jung4		0	150
嵲	jit6		0	149
嵳	co1		0	150
嵴	zek3		0	142
嵵	zi6		0	205
嵶	joek6		0	149
嵷	sung2		0	151
嵸	zung1		0	149
嵹	koeng4		0	148
嵺	liu4		0	149
嵻	hong1		0	150
嵼	caan2		0	147
嵽	dai3	dit6 dai6	1	149
嵾	caam1	cam1	1	149
嵿	ding2		0	144
嶀	tou1		0	150
嶁	lau5		0	142
嶂	zoeng3		0	140
嶃	zaam2	zaam3	1	147
嶄	zaam2	zaam3 caam4 caam5	0	140
嶅	ngou4		0	143
嶆	cou4		0	143
嶇	keoi1		0	142
嶈	coeng1		0	143
嶉	ceoi1	zeoi1 zeoi2	1	144
嶊	zeoi2		0	148
嶋	dou2		0	149
嶌	dou2		0	144
嶍	zaap6		0	148
嶎	wai3		0	205
嶏	pui3		0	145
嶐	lung4		0	149
嶑	zoeng6		0	149
嶒	cang4		0	143
嶓	bo1		0	146
嶔	jam1		0	146
嶕	ciu4		0	148
嶖	jim1		0	153
嶗	lou4		0	142
嶘	zaan6		0	152
嶙	leon4		0	140
嶚	liu4		0	150
嶛	liu4		0	150
嶜	zam1		0	150
嶝	dang3		0	142
嶞	do6		0	148
嶟	zeon1		0	151
嶠	giu6	kiu4 giu2	0	141
嶡	gwai3	kyut3	1	151
嶢	jiu4		0	144
嶣	ciu4		0	148
嶤	jiu4		0	149
嶥	gwai3		0	205
嶦	zim1		0	148
嶧	jik6		0	142
嶨	hok6		0	146
嶩	naau4		0	153
嶪	jip6		0	146
嶫	jip6		0	150
嶬	ji4	ngai4 ngai5	1	151
嶭	jip6	jit6 sit3	1	150
嶮	him2		0	145
嶯	cap1		0	150
嶰	haai5		0	146
嶱	got3	ho1	1	151
嶲	kwai1	seoi5 seoi2	1	146
嶳	dei6		0	149
嶴	ou3		0	140
嶵	zeoi2		0	145
嶶	mei4		0	205
嶷	jik6	ji4	0	142
嶸	wing4	jing4 wang4	0	140
嶹	dou2		0	152
嶺	ling5	leng5	0	106
嶻	zit3		0	149
嶼	zeoi6	jyu5 jyu4	0	132
嶽	ngok6		0	100
嶾	jan2		0	149
嶿	seoi1		0	205
巀	zit3	zit6	1	150
巁	lai6		0	151
巂	kwai1	seoi5 sai1 seoi2	1	145
巃	lung4		0	146
巄	lung4		0	150
巅	din1		0	205
巆	jing4	wing4	1	150
巇	hei1	hei3	1	146
巈	guk1		0	150
巉	caam4		0	144
巊	jing2		0	148
巋	kwai1	kwai2	0	143
巌	ngaam4		0	146
巍	ngai4		0	133
巎	naau4		0	147
巏	kyun4		0	149
巐	ciu2		0	150
巑	cyun4		0	149
巒	lyun4		0	155
巓	din1		0	146
巔	din1		0	141
巕	jit6		0	148
巖	ngaam4	jim4	0	113
巗	ngaam4		0	147
巘	jin5		0	145
巙	laau4	naau4	1	148
巚	jin2		0	149
巛	cyun1		0	142
巜	kui2		0	144
川	cyun1		0	106
州	zau1		0	91
巟	fong1		0	145
巠	ging1		0	145
巡	ceon4		0	110
巢	caau4	dau3	0	118
巣	caau4		0	144
巤	lip6		0	149
工	gung1		0	91
左	zo2		0	63
巧	haau2		0	107
巨	geoi6		0	106
巩	gung2		0	159
巪	geoi6		0	205
巫	mou4		0	124
巬	gei1		0	205
巭	gung1		0	205
差	caa1	caai1 ci1	1	89
巯	kau4		0	205
巰	kau4		0	143
己	gei2		0	109
已	ji5		0	94
巳	zi6		0	153
巴	baa1		0	95
巵	zi1		0	148
巶	ciu1		0	147
巷	hong6		0	110
巸	ji4		0	151
巹	gan2		0	145
巺	seon3		0	145
巻	gyun2		0	142
巼	baa1		0	205
巽	seon3		0	139
巾	gan1		0	117
巿	fat1		0	132
帀	si1	zaap3	1	145
币	bai6		0	181
市	si5		0	98
布	bou3		0	93
帄	ding1		0	149
帅	seoi3	seot1	1	205
帆	faan4		0	123
帇	nip6		0	146
师	si1		0	205
帉	fan1		0	146
帊	paa3		0	147
帋	zi2		0	147
希	hei1		0	103
帍	wu6		0	150
帎	daam3		0	150
帏	wai4		0	205
帐	zoeng3	zoeng2	1	205
帑	nou4	tong2	1	143
帒	doi6		0	147
帓	mat6		0	147
帔	pei3	pei1	0	142
帕	paak3		0	119
帖	tip3		0	120
帗	fat1		0	150
帘	lim4		0	138
帙	dit6		0	142
帚	zaau2	zau2	0	142
帛	baak6		0	148
帜	ci3		0	205
帝	dai3		0	96
帞	mak6		0	145
帟	jik6		0	147
帠	ngai6		0	148
帡	ping4		0	145
帢	hap1		0	148
帣	gyun2	gyun3	1	150
帤	jyu4		0	147
帥	seoi3	seot1	0	110
带	daai3	daai2	1	205
帧	zing3		0	205
帨	ceoi3	seoi3	1	146
帩	ciu3		0	148
帪	zan1		0	147
師	si1		0	88
帬	kwan4		0	150
席	zik6	zek6	0	114
帮	bong1		0	205
帯	daai3		0	142
帰	gwai1		0	142
帱	cau4	dou6 tou4	1	205
帲	ping4		0	148
帳	zoeng3		0	116
帴	zin1	zin2	1	145
帵	jyun2		0	148
帶	daai3	daai2	0	73
帷	wai4		0	135
常	soeng4		0	100
帹	saap3		0	144
帺	kei4		0	146
帻	zik1	zaak3	1	205
帼	gwok3	gok3	1	205
帽	mou2	mou6	0	109
帾	dou2		0	147
帿	hau4		0	146
幀	zing3		0	157
幁	seoi1		0	148
幂	mik6		0	159
幃	wai4		0	141
幄	aak1	ak1	1	141
幅	fuk1		0	100
幆	ai3		0	146
幇	bong1		0	143
幈	ping4		0	146
幉	jip6		0	205
幊	gung1		0	148
幋	pun4		0	150
幌	fong2		0	142
幍	tou1		0	148
幎	mik6		0	149
幏	gaa3		0	145
幐	tang4		0	148
幑	fai1		0	147
幒	zung1		0	149
幓	saam1		0	145
幔	maan6		0	137
幕	mok6		0	109
幖	biu1		0	148
幗	gwok3		0	137
幘	zaak3	zik1	1	144
幙	mok6		0	146
幚	bong1		0	145
幛	zoeng3		0	143
幜	ging2		0	149
幝	cin2	zin2	1	150
幞	buk6	fuk6	1	205
幟	ci3		0	145
幠	fu1		0	146
幡	faan1		0	143
幢	zong6	tong4 dung6	1	142
幣	bai6		0	116
幤	bai6		0	148
幥	zoeng2		0	205
幦	mat6	mik6	1	151
幧	ciu1		0	149
幨	cim1	zim1	1	148
幩	fan4		0	149
幪	mung2	mung4 mung5	1	138
幫	bong1		0	70
幬	cau4	dou6 tou4	1	145
幭	mit6		0	151
幮	ceoi1	cyu4 ceoi4 cyu1	1	147
幯	zit3		0	148
幰	hin2		0	146
幱	laan4		0	205
干	gon1	gon3	0	131
平	ping4	peng4	1	88
年	nin4		0	69
幵	gin1	hin1	1	167
并	bing1	bing6 bing3 ping3	1	137
幷	bing6		0	155
幸	hang6		0	118
幹	gon3		0	98
幺	jiu1		0	123
幻	waan6		0	117
幼	jau3		0	109
幽	jau1		0	108
幾	gei2	gei1	0	67
广	am1	jim5 jim2	1	140
庀	pei2		0	142
庁	ting1		0	144
庂	zak1		0	198
広	gong2	gwong2	1	141
庄	zong1		0	159
庅	mo1		0	205
庆	hing3		0	205
庇	bei3		0	147
庈	kam4		0	147
庉	deon6	tyun4	1	148
床	cong4		0	94
庋	gei2	gwai2	1	141
庌	ngaa5		0	146
庍	baai3	jan3	1	151
庎	gaai3		0	150
序	zeoi6		0	127
庐	lou4		0	205
庑	mou5	mou4	1	205
庒	zong1		0	144
库	fu3		0	205
应	jing3	jing1	1	205
底	dai2		0	92
庖	paau4		0	157
店	dim3		0	93
庘	aap3		0	147
庙	miu6		0	205
庚	gang1		0	126
庛	ci3		0	146
府	fu2		0	92
庝	tung4		0	142
庞	pong4		0	205
废	fai3		0	205
庠	coeng4		0	141
庡	ji2		0	143
庢	zat1	zat6	1	143
庣	tiu1		0	144
庤	zi6		0	144
庥	jau1		0	141
度	dou6	dok6	1	61
座	zo6	zo2	0	90
庨	haau1		0	145
庩	tou4		0	150
庪	gei2	gwai2	1	149
庫	fu3		0	111
庬	mong4	pong4	1	150
庭	ting4	ting3	0	105
庮	jau4	jau5	1	148
庯	bou1		0	146
庰	bing2	bing3	1	150
庱	cing2		0	151
庲	loi4		0	148
庳	bei1	pei5	1	145
庴	zik1	zik6	1	150
庵	am1		0	125
庶	syu3		0	140
康	hong1		0	97
庸	jung4		0	120
庹	tok3		0	141
庺	cung4		0	153
庻	syu3		0	151
庼	king2		0	205
庽	jyu6		0	150
庾	jyu4	jyu5	0	140
庿	miu6		0	149
廀	sau1		0	151
廁	ci3	cak1 zak1	0	129
廂	soeng1		0	124
廃	fai3		0	144
廄	gau3		0	152
廅	hap6		0	149
廆	gwai1	wai2	1	144
廇	lau6		0	147
廈	haa6		0	144
廉	lim4		0	114
廊	long4		0	118
廋	sau1		0	149
廌	zaai6	zi6	1	146
廍	bou6		0	148
廎	king2		0	148
廏	gau3		0	149
廐	gau3		0	148
廑	gan2	kan4 gan6	1	145
廒	ngou4		0	145
廓	gwok3	kwok3 fok3	0	140
廔	lau4		0	148
廕	jam1	jam3	1	141
廖	liu6		0	111
廗	daai3		0	147
廘	luk6		0	147
廙	ji6	jik6	1	146
廚	cyu4	cyu2 ceoi4	1	126
廛	cin4		0	142
廜	tou4		0	152
廝	si1		0	140
廞	jam1		0	146
廟	miu2	miu6	0	97
廠	cong2		0	107
廡	mou5		0	141
廢	fai3		0	102
廣	gwong2		0	101
廤	fu3		0	205
廥	kui2	kui3	1	149
廦	bik1	pik1	1	149
廧	coeng4		0	149
廨	gaai3	haai6	1	144
廩	lam5		0	142
廪	lam5		0	205
廫	liu4		0	150
廬	lou4		0	132
廭	zik1		0	205
廮	jing2		0	148
廯	sin1	sin2	1	146
廰	teng1		0	145
廱	jung1		0	198
廲	lai4	lai6	1	147
廳	teng1		0	101
廴	jan5		0	140
廵	ceon4		0	148
延	jin4		0	106
廷	ting4		0	114
廸	dik6		0	141
廹	baak3	bik1	1	147
建	gin3		0	99
廻	wui4		0	143
廼	naai5		0	147
廽	wui4		0	147
廾	gung2		0	143
廿	jaa6	nim6 je6	1	96
开	hoi1		0	171
弁	bin6	pun4	1	141
异	ji4	ji6	1	159
弃	hei3		0	147
弄	lung6		0	109
弅	fan5		0	147
弆	geoi2		0	144
弇	jim2		0	144
弈	jik6		0	135
弉	zong6		0	148
弊	bai6		0	106
弋	jik6		0	138
弌	jat1		0	140
弍	ji6		0	142
弎	saam1		0	143
式	sik1		0	98
弐	ji6		0	144
弑	si3		0	205
弒	si3		0	160
弓	gung1		0	114
弔	diu3	dik1	0	150
引	jan5		0	100
弖	gung1		0	143
弗	fat1		0	123
弘	wang4		0	128
弙	wu1		0	150
弚	dai6	teoi4	1	143
弛	ci4	ci2	0	137
弜	koeng5		0	146
弝	baa3		0	145
弞	can2		0	151
弟	dai6	tai5	0	103
张	zoeng1	zoeng3	1	205
弡	gwat6		0	150
弢	tou1		0	142
弣	fu2		0	150
弤	dai2		0	152
弥	nei4	lei4 mei4	1	205
弦	jyun4	jin4	0	118
弧	wu4		0	141
弨	ciu1		0	147
弩	nou5		0	133
弪	ging3		0	205
弫	can2		0	150
弬	ji4		0	147
弭	mai5	mei5	1	142
弮	gyun2	hyun1 gyun3	1	148
弯	waan1		0	205
弰	saau1		0	146
弱	joek6		0	102
弲	hyun1		0	152
弳	ging3		0	145
弴	diu1		0	151
張	zoeng1		0	73
弶	goeng6	koeng5 zoeng3	1	145
強	koeng4	koeng5	1	90
弸	bang1	pang4	1	145
弹	daan6	daan2 taan4	1	205
强	koeng4	koeng5 goeng6	0	153
弻	bat6		0	146
弼	bat6		0	138
弽	sip3		0	147
弾	daan6		0	142
弿	gin2		0	148
彀	gau3		0	142
彁	go1		0	144
彂	faat3		0	143
彃	bat1		0	148
彄	kau1		0	148
彅	zin2		0	143
彆	bit3	bit6	1	135
彇	siu1		0	146
彈	daan6	daan2 taan4	1	93
彉	fok3	kwok3 gwok3	1	146
彊	goeng1	koeng4 koeng5 goeng6 koeng3	1	141
彋	gwang1	wang4	1	150
彌	nei4	mei4	0	125
彍	gwok3	kwok3	1	147
彎	waan1		0	104
彏	fok3	gwok3	1	151
彐	gai3		0	142
彑	gai3		0	144
归	gwai1		0	205
当	dong1	dong3	1	205
彔	luk6		0	142
录	luk6	luk2	1	171
彖	teon3		0	143
彗	seoi6	wai6	0	142
彘	zi6		0	153
彙	wui6	wai6 leoi6	1	122
彚	wai6		0	148
彛	ji4		0	145
彜	ji4		0	146
彝	ji4		0	136
彞	ji4		0	205
彟	wok6	wok3	1	205
彠	wok6		0	145
彡	saam1		0	140
形	jing4		0	101
彣	man4		0	146
彤	tung4		0	127
彥	jin6		0	121
彦	jin6		0	205
彧	juk1		0	160
彨	ci1		0	205
彩	coi2		0	101
彪	biu1		0	110
彫	diu1	tiu1	1	142
彬	ban1		0	126
彭	paang4	bong1 pong4	0	106
彮	jung5		0	146
彯	piu1		0	145
彰	zoeng1		0	135
影	jing2		0	89
彲	ci1		0	144
彳	cik1		0	142
彴	zoek3		0	145
彵	to5		0	141
彶	gap1		0	145
彷	pong4	fong2	0	137
彸	zung1		0	148
役	jik6		0	122
彺	wong4		0	145
彻	cit3		0	205
彼	bei2		0	124
彽	dai1		0	144
彾	ling4	ling5	1	147
彿	fat1		0	160
往	wong5		0	97
征	zing1		0	115
徂	cou4		0	143
徃	wong5		0	143
径	ging3	gaang3	1	205
待	doi6		0	104
徆	sai1		0	146
徇	seon1	seon6 ceon4	0	140
很	han2		0	82
徉	joeng4		0	142
徊	wui4		0	139
律	leot6		0	114
後	hau6		0	76
徍	wong5		0	146
徎	cing2		0	147
徏	zik1		0	148
徐	ceoi4		0	93
徑	ging3		0	126
徒	tou4		0	108
従	cung4		0	143
徔	zi1		0	205
徕	loi4	loi6	1	205
徖	cung4		0	152
得	dak1		0	58
徘	pui4		0	148
徙	saai2		0	145
徚	gaan2		0	205
徛	gei3	kei5	1	148
徜	soeng4		0	142
徝	zi3		0	145
從	cung4	sung1 zung6	0	80
徟	zau1		0	151
徠	loi4	loi6	0	140
御	jyu6	ngaa6	0	109
徢	sip3		0	151
徣	ze3		0	146
徤	gin6		0	147
徥	si6	zi6	1	143
徦	gaa2	haa4	1	142
徧	bin3	pin3	1	145
徨	wong4		0	140
復	fuk6	fau6	0	102
循	ceon4		0	129
徫	wai5		0	146
徬	bong6	pong4	1	164
徭	jiu4		0	142
微	mei4		0	92
徯	hai4	hai5	1	146
徰	zing1		0	146
徱	piu3		0	152
徲	ci4	tai4	1	149
徳	dak1		0	140
徴	zing1		0	143
徵	zing1	zi2	0	108
徶	pit3		0	149
德	dak1		0	91
徸	cung1		0	150
徹	cit3		0	124
徺	hiu1		0	205
徻	wai3	wui3	1	142
徼	giu1	giu3 hiu1 giu2 jiu1	1	143
徽	fai1		0	126
徾	mei4		0	150
徿	lung5	lung6	1	149
忀	nong5	soeng1	1	149
忁	bou3		0	148
忂	keoi4		0	149
心	sam1		0	75
忄	syu6		0	141
必	bit1		0	104
忆	jik1		0	205
忇	lak6		0	145
忈	jan4		0	143
忉	dou1	tou1	1	143
忊	ding6		0	146
忋	goi2		0	146
忌	gei6		0	100
忍	jan2		0	92
忎	jan4		0	145
忏	caam3	saam3	1	191
忐	taan2		0	142
忑	tik1		0	146
忒	tik1		0	133
忓	gon1		0	143
忔	hat1	ngat6	1	143
忕	si6	taai3	1	144
忖	cyun2		0	142
志	zi3		0	94
忘	mong4	mong6	0	106
忙	mong4		0	97
忚	hei1		0	143
忛	faan4		0	145
応	jing3		0	142
忝	tim2	tim5	1	140
忞	man4		0	145
忟	man4	mang2	1	147
忠	zung1		0	100
忡	cung1		0	143
忢	ng6		0	143
忣	gap1		0	147
忤	ng5	ng6	1	141
忥	hei3		0	147
忦	git3		0	150
忧	jau1		0	166
忨	jyun4	wun6	1	148
忩	cung1		0	151
忪	sung1	zung1	1	144
快	faai3		0	73
忬	jyu6		0	146
忭	bin6		0	145
忮	gei6	zi3	1	144
忯	kei4	si6	1	148
忰	seoi6		0	149
忱	sam4		0	140
忲	taai3		0	143
忳	tyun4	zeon1	1	146
忴	kam4	kim4	1	148
念	nim6		0	101
忶	wan4		0	150
忷	hung1		0	198
忸	nau2	nuk6 nau5	0	143
忹	kong4		0	146
忺	him1	hin1	1	147
忻	jan1		0	138
忼	hong2	kong2	1	147
忽	fat1		0	105
忾	koi3		0	161
忿	fan5	fan6 fan2	0	126
怀	waai4		0	183
态	taai3		0	205
怂	sung2		0	205
怃	mou5		0	198
怄	au3	ngau3 au1 ngau1	1	205
怅	coeng3	zoeng3	1	205
怆	cong3		0	205
怇	geoi6		0	145
怈	jai6		0	150
怉	baau2	pou5	1	148
怊	ciu1	tiu4	1	146
怋	man4	man5	1	149
怌	pei1		0	149
怍	zok6		0	144
怎	zam2		0	118
怏	joeng1	joeng2 joeng3	0	160
怐	hau6	kau3	1	146
怑	bun6		0	145
怒	nou6		0	107
怓	naau4		0	145
怔	zing1		0	137
怕	paa3		0	82
怖	bou3		0	144
怗	tip3	zim1	1	147
怘	gu3		0	147
怙	wu6		0	142
怚	cou1	zeoi6	1	149
怛	daat3		0	153
怜	lin4	ling4	1	160
思	si1	si3	0	83
怞	jau4	zau6	1	145
怟	dai3		0	150
怠	toi5		0	140
怡	ji4		0	108
怢	dat6		0	149
怣	jau4		0	146
怤	fu1		0	144
急	gap1		0	92
怦	ping1	paang1	0	148
性	sing3		0	87
怨	jyun3		0	105
怩	nei4		0	144
怪	gwaai3		0	86
怫	bui6	fat6 fai3	1	144
怬	hei3		0	151
怭	bit1		0	145
怮	jau1		0	146
怯	hip3		0	129
怰	jyun6		0	149
怱	cung1		0	144
怲	bing2	bing3	1	150
怳	fong2		0	145
怴	hyut3		0	149
怵	zeot1	ceot1 seot1	0	140
怶	bei3		0	144
怷	seot6		0	148
怸	sik1		0	152
怹	taa1		0	142
怺	wing5		0	142
总	zung2		0	205
怼	deoi6	zeoi6	1	205
怽	mei6		0	150
怾	ci3	sik1	1	205
怿	jik6		0	205
恀	ci2		0	147
恁	jam6	jam5 nam2	0	138
恂	seon1		0	142
恃	ci5	si5	0	122
恄	hat1		0	150
恅	lou5		0	145
恆	hang4	gang2	0	114
恇	hong1		0	147
恈	mau4		0	151
恉	zi2		0	145
恊	hip6		0	147
恋	lyun2	lyun5	1	205
恌	tiu1		0	149
恍	fong2		0	141
恎	dit6		0	150
恏	hou2		0	139
恐	hung2		0	116
恑	gwai2		0	150
恒	hang4	gang2	0	155
恓	sai1		0	145
恔	haau6		0	148
恕	syu3		0	120
恖	si1		0	146
恗	fu1		0	152
恘	cau4		0	149
恙	joeng6		0	137
恚	wai6	waai6 wai3	0	141
恛	wui4		0	143
恜	cik1	sik1	1	151
恝	aat3	gaat3 git3	1	145
恞	ji4		0	150
恟	hung1		0	198
恠	gwaai3		0	141
恡	leon6		0	149
恢	fui1		0	136
恣	zi3	ci3 zi1 ci1	0	141
恤	seot1		0	130
恥	ci2		0	125
恦	hoeng2		0	150
恧	nuk6		0	145
恨	han6		0	100
恩	jan1		0	97
恪	kok3		0	138
恫	dung6	tung1	1	142
恬	tim5	tim4	0	146
恭	gung1		0	116
恮	cyun4		0	148
息	sik1	sak1	0	106
恰	hap1		0	117
恱	jyut6		0	148
恲	paang1		0	149
恳	han2		0	205
恴	dak1		0	141
恵	wai6		0	141
恶	ok3	ngok3 wu3 wu1	1	205
恷	jau1		0	149
恸	dung6		0	205
恹	jim1		0	205
恺	hoi2		0	205
恻	cak1	caak1	1	205
恼	nou5	lou5	1	205
恽	wan6		0	205
恾	mong4		0	147
恿	jung2	jung5	1	153
悀	jung5		0	147
悁	gyun1	gyun3 jyun1	1	147
悂	pei1		0	149
悃	kwan2		0	143
悄	ciu2	ciu3 ciu5	1	130
悅	jyut6		0	125
悆	jyu6		0	144
悇	tou4		0	145
悈	gaai3	hak1	1	145
悉	sik1		0	141
悊	zit3		0	143
悋	leon6		0	148
悌	dai6	tai5 tai6	1	142
悍	hon5	hon6	0	138
悎	gaau3	hou6	1	144
悏	hip3		0	148
悐	tik1		0	149
悑	bou3		0	151
悒	jap1		0	144
悓	jin5		0	145
悔	fui3		0	121
悕	hei1		0	143
悖	bui6	bui3 but6	0	138
悗	mun4	mun5	1	144
悘	ji1		0	146
悙	hang1		0	147
悚	sung2		0	135
悛	cyun1	syun1	1	144
悜	cing2		0	146
悝	fui1	lei5	1	143
悞	ng6		0	148
悟	ng6		0	112
悠	jau4		0	122
悡	lei4		0	145
悢	loeng6	long5	1	144
患	waan6		0	115
悤	cung1		0	149
悥	ji3		0	146
悦	jyut6		0	126
悧	lei4		0	145
您	nei5		0	85
悩	lou5	nou5	1	143
悪	ok3		0	142
悫	kok3		0	205
悬	jyun4		0	205
悭	haan1		0	205
悮	ng6	m6	1	205
悯	man5		0	205
悰	cung4	cung6	1	145
悱	fei2		0	143
悲	bei1		0	112
悳	dak1		0	140
悴	seoi6	seoi5	0	140
悵	coeng3	zoeng3	0	140
悶	mun6		0	105
悷	lai6	leoi6	1	149
悸	gwai3	gwai6	1	147
悹	gun2		0	147
悺	gun2	gun3	1	148
悻	hang6	hang5	0	142
悼	dou6		0	137
悽	cai1		0	122
悾	hung1		0	143
悿	tim2	tin2	1	149
惀	leon4	leon6	1	144
惁	sik3		0	147
惂	ham2		0	147
惃	gwan2		0	147
惄	nik6		0	147
情	cing4		0	91
惆	cau4		0	142
惇	deon1		0	125
惈	gwo2		0	144
惉	zim1		0	146
惊	ging1	loeng6	1	160
惋	wun2	jyun2	0	150
惌	jyun3		0	146
惍	gam1		0	146
惎	gei3	gei6	1	146
惏	laam4	lam4	1	146
惐	wik6		0	150
惑	waak6		0	127
惒	wo4		0	145
惓	gyun3	kyun4	1	160
惔	daam6	taam4	1	143
惕	tik1		0	151
惖	tik1		0	149
惗	nam2		0	142
惘	mong5		0	151
惙	zyut3		0	146
惚	fat1		0	140
惛	fan1	man5	1	145
惜	sik1	sek3	0	123
惝	cong2	tong2	1	145
惞	jan1		0	145
惟	wai4		0	142
惠	wai6		0	116
惡	ok3	wu3 fu1	1	94
惢	so2		0	141
惣	zung2		0	144
惤	gin1		0	147
惥	jung2		0	149
惦	dim3		0	116
惧	geoi6		0	205
惨	caam2		0	205
惩	cing4		0	205
惪	dak1		0	141
惫	bei6	baai6	1	205
惬	hip3	hip6	1	205
惭	caam4		0	205
惮	daan6		0	205
惯	gwaan3		0	205
惰	do6		0	151
惱	nou5		0	138
惲	wan6	wan2	0	141
想	soeng2		0	63
惴	zeoi3	cyun2	0	142
惵	dip6		0	146
惶	wong4		0	134
惷	ceon2	cyun2	1	154
惸	king4		0	148
惹	je5		0	110
惺	sing1		0	137
惻	cak1	caak1	0	150
惼	bin2	pin2	1	150
惽	man5		0	150
惾	sau3	zung1	1	151
惿	si6	tai4	1	144
愀	ciu2	cau5	0	141
愁	sau4		0	106
愂	bui6		0	150
愃	hyun1	syun1 syun2	1	149
愄	wui4		0	148
愅	gaak3		0	149
愆	hin1		0	143
愇	wai5		0	148
愈	jyu6		0	101
愉	jyu6	jyu4	0	146
愊	bik1		0	147
愋	hyun1		0	150
愌	wun6		0	146
愍	man5		0	142
愎	bik1	fuk1	1	142
意	ji3		0	92
愐	min5		0	146
愑	jung5		0	146
愒	hei3	koi3 kai3 hot3	1	147
愓	dong6	soeng1	1	147
愔	jam1		0	143
愕	ngok6		0	124
愖	sam4		0	148
愗	mau6		0	149
愘	kok3		0	147
愙	kok3		0	144
愚	jyu4		0	129
愛	oi3		0	79
愜	hip3	hip6	1	160
愝	jin2		0	149
愞	jyun5	no6	1	149
感	gam2		0	94
愠	wan3		0	172
愡	zung2		0	150
愢	soi1		0	146
愣	ling6	ling4 leng1	0	133
愤	fan5		0	205
愥	jing1		0	205
愦	kui2	kwui2	1	205
愧	kwai5	kwai3	0	125
愨	kok3		0	143
愩	gung1	gung3 hung2	1	146
愪	wan4		0	144
愫	sou3		0	137
愬	saak3	sou3	1	143
愭	kei4		0	144
愮	jiu4		0	144
愯	sung2		0	145
愰	fong2		0	144
愱	zat6		0	147
愲	gwat1		0	146
愳	geoi6		0	146
愴	cong3	cong2	0	151
愵	nik6		0	150
愶	hip3		0	146
愷	hoi2		0	136
愸	zing2		0	153
愹	jung5		0	151
愺	cou2		0	143
愻	seon3		0	148
愼	san6		0	147
愽	bok3		0	144
愾	koi3	hei3	0	141
愿	jyun6		0	137
慀	haai4	hai6	1	151
慁	wan6		0	145
慂	jung2		0	147
慃	ong2		0	151
慄	leot6		0	142
慅	cou2	sou1	1	149
慆	tou1		0	146
慇	jan1		0	205
慈	ci4		0	111
慉	cuk1	huk1	1	160
慊	him2	him3 hip3	1	142
態	taai3		0	118
慌	fong1	fong2	0	115
慍	wan2	wan3	1	140
慎	san6		0	137
慏	ming5		0	150
慐	gung1		0	205
慑	sip3	zip3	1	205
慒	cung4	zou1	1	147
慓	piu5	piu3	0	145
慔	mou6		0	150
慕	mou6		0	110
慖	gwok3		0	146
慗	cik1		0	152
慘	caam2		0	98
慙	caam4		0	148
慚	caam4		0	136
慛	ceoi4		0	148
慜	man5		0	144
慝	nik1	tik1	1	144
慞	zoeng1		0	148
慟	dung6		0	160
慠	ngou6		0	146
慡	song2		0	146
慢	maan6		0	98
慣	gwaan3		0	105
慤	kok3		0	198
慥	cou3	zou6	1	144
慦	gau3		0	146
慧	wai6	wai3	0	108
慨	koi3	koi2	0	143
慩	lin4		0	147
慪	au1	au3	1	143
慫	sung2		0	134
慬	kan4		0	143
慭	jan6		0	146
慮	leoi6	lou4 luk6	0	124
慯	soeng1		0	142
慰	wai3		0	133
慱	tyun4		0	148
慲	mun4		0	144
慳	haan1		0	110
慴	sip3	zip3	1	147
慵	jung4		0	144
慶	hing3		0	102
慷	hong2	kong2 hong1	0	139
慸	dai3		0	151
慹	zap1	zip3	1	145
慺	lau4		0	148
慻	gyun3		0	148
慼	cik1		0	149
慽	cik1		0	147
慾	juk6		0	112
慿	pang4		0	147
憀	liu4		0	147
憁	zung2		0	152
憂	jau1		0	105
憃	cung1	zung1	1	149
憄	zi3		0	146
憅	dung6		0	144
憆	caang1		0	153
憇	hei3		0	144
憈	keoi1		0	149
憉	paang4		0	149
憊	bei6	baai6	0	159
憋	bit3		0	128
憌	king4		0	152
憍	giu1		0	143
憎	zang1		0	104
憏	cai3	zai3	1	152
憐	lin4		0	132
憑	pang4	bang6	0	100
憒	kui2	kui3	1	142
憓	wai6		0	145
憔	ciu4		0	139
憕	cing4		0	146
憖	jan6	ngan6	1	147
憗	jan6		0	149
憘	hei2		0	146
憙	hei2		0	144
憚	daan6		0	140
憛	taam4		0	150
憜	do6		0	146
憝	deoi3	deoi6	1	146
憞	deoi6		0	148
憟	suk1		0	146
憠	kyut3		0	151
憡	caak3		0	144
憢	hiu1		0	149
憣	faan1		0	149
憤	fan5		0	121
憥	lou4		0	149
憦	lou6		0	151
憧	cung1	tung4 zung1	0	136
憨	ham1		0	130
憩	hei3		0	141
憪	haan4	haan6 haan5	1	147
憫	man5		0	133
憬	ging2		0	137
憭	liu4	liu5	1	147
憮	mou5		0	143
憯	caam2		0	147
憰	gwat1	kyut3	1	150
憱	cau3	cuk1	1	145
憲	hin3		0	126
憳	taam2		0	144
憴	sing4		0	151
憵	pik1		0	151
憶	jik1		0	126
憷	zeot1		0	142
憸	cim1		0	147
憹	nung4		0	147
憺	daam6		0	145
憻	taan2		0	150
憼	ging2		0	150
憽	sung1		0	150
憾	ham6		0	133
憿	gik1	giu1 giu2	1	147
懀	wai3		0	149
懁	gyun3	hyun1	1	147
懂	dung2		0	101
懃	kan4		0	191
懄	kan4		0	148
懅	geoi6	keoi4	1	148
懆	cou2	cou3	1	145
懇	han2		0	140
懈	haai6	haai5 gaai3	0	137
應	jing1	jing3	1	92
懊	ou3		0	141
懋	mau6		0	140
懌	jik6		0	142
懍	lam5		0	141
懎	sik1		0	150
懏	zeon3		0	150
懐	waai4		0	143
懑	mun6		0	205
懒	laan5		0	205
懓	oi3		0	205
懔	lam5		0	205
懕	jim1		0	147
懖	kut3		0	152
懗	haa3		0	147
懘	cit3	dai3 ding3	1	149
懙	jyu4	jyu5	1	147
懚	jan3		0	148
懛	daai1		0	151
懜	mung5		0	145
懝	ngoi6		0	149
懞	mung4	mung5	1	153
懟	deoi6	zeoi6	0	120
懠	cai4	zai6	1	145
懡	mo5		0	146
懢	laam4		0	148
懣	mun6	mun5	0	143
懤	cau4		0	151
懥	zi3		0	149
懦	no6		0	136
懧	no6		0	149
懨	jim1		0	143
懩	joeng5		0	148
懪	bok3	bok6	1	146
懫	zi3		0	149
懬	kong3	kwong3	1	152
懭	kong3	kwong3	1	150
懮	jau1	jau2	1	144
懯	fu1		0	150
懰	lau4	lau5	1	147
懱	mit6		0	148
懲	cing4		0	135
懳	wai6		0	145
懴	caam3		0	148
懵	mung2	mung4 mung5	0	110
懶	laan5		0	103
懷	waai4		0	101
懸	jyun4		0	127
懹	joeng6		0	149
懺	caam3	cim3	0	140
懻	gei3		0	149
懼	geoi6	geoi2	0	132
懽	fun1		0	146
懾	sip3	zip3	0	143
懿	ji3		0	108
戀	lyun2	lyun5	0	105
戁	naan5		0	144
戂	mei4		0	152
戃	cong2	tong2	1	151
戄	fok3		0	152
戅	ngong6	zong3	1	148
戆	zong3	ngong6 ong6	1	205
戇	ngong6	zong3	1	115
戈	gwo1		0	128
戉	jyut6		0	147
戊	mou6		0	137
戋	zin1		0	205
戌	seot1		0	137
戍	syu3		0	138
戎	jung4		0	132
戏	hei3	hei1 fu1	1	205
成	sing4	seng4	0	72
我	ngo5		0	37
戒	gaai3		0	109
戓	gap3		0	142
戔	caan4	zin1	1	142
戕	coeng4		0	143
或	waak6		0	98
戗	coeng1	coeng3	1	205
战	zin3		0	205
戙	dung6	dong6	0	144
戚	cik1	cuk1	0	118
戛	aat3	gaat3 git3	1	153
戜	dit6		0	144
戝	caak3		0	142
戞	gaat3		0	143
戟	gik1		0	127
戠	zik1		0	142
戡	ham1	zam3	0	143
戢	cap1	zap1	1	143
戣	kwai4		0	143
戤	koi3		0	147
戥	dang6	dang2	0	136
戦	zin3		0	140
戧	coeng1	coeng3	1	143
戨	go1		0	144
戩	zin2		0	138
截	zit6		0	110
戫	juk1	wik6	1	148
戬	zin2		0	205
戭	jan5	jin2	1	144
戮	luk6		0	149
戯	fu1	hei3	1	205
戰	zin3		0	92
戱	fu1	hei3	1	142
戲	hei3		0	95
戳	coek3	cok3 zoek3	1	126
戴	daai3		0	88
戵	keoi4		0	152
戶	wu6		0	105
户	wu6		0	106
戸	wu6		0	142
戹	aak1	ak1	1	149
戺	si6		0	147
戻	dai6		0	142
戼	maau5		0	149
戽	fu3		0	145
戾	leoi6	lit6 lai2 lai6	0	140
房	fong4	fong2 pong4	0	83
所	so2		0	79
扁	bin2	pin1	0	109
扂	dim3	dim6 tim5	1	144
扃	gwing1	gwing2	1	143
扄	soeng2		0	205
扅	ji4		0	148
扆	ji2		0	144
扇	sin3		0	113
扈	wu6		0	137
扉	fei1		0	150
扊	jim5		0	148
手	sau2		0	72
扌	sau2		0	140
才	coi4		0	90
扎	zaat3	zaap3	0	106
扏	kau4		0	150
扐	lak6	lik1	1	123
扑	bok1		0	105
扒	paa4	paa2 paa1 baat3	1	120
打	daa2	daa1	1	68
扔	jing4	wing1	0	111
払	faan2		0	144
扖	jap6		0	205
扗	zoi6		0	150
托	tok3		0	106
扙	zoeng6		0	147
扚	dik1	tiu2 diu2 joek6 lik6	1	144
扛	gong1	kong1	0	128
扜	jyu1		0	148
扝	fu1		0	150
扞	hon6	gon2 hon2 hon5	0	144
扟	san1		0	151
扠	caa1	zaa3	1	145
扡	ci2	to1	1	147
扢	goi3	gwat1 ngat6 hei3	1	147
扣	kau3		0	100
扤	at1	ngaat6 ngat6 wat6 ngat1	1	148
扥	deon6		0	145
扦	cin1	cin2	0	142
执	zap1		0	205
扨	jan6		0	149
扩	kwok3	kok3 kong3 kwong3	1	205
扪	mun4		0	205
扫	sou3	sou2	1	205
扬	joeng4	joeng2	1	205
扭	nau2	nau5	0	104
扮	baan6	fan5	0	92
扯	ce2		0	93
扰	jiu5		0	160
扱	kap1	caap3	1	152
扲	ngam4	gam6	0	147
扳	paan1	baan2 baan1	0	134
扴	git3		0	149
扵	jyu1	wu1	1	149
扶	fu4	pou4	0	96
扷	ou3		0	150
扸	sik1		0	151
批	pai1		0	100
扺	zi2		0	189
扻	ham2	ham6 zit3	1	144
扼	aak1	ak1	0	141
扽	dan3	dan6 deon6	1	139
找	zaau2		0	99
承	sing4		0	114
技	gei6		0	114
抁	jin5		0	151
抂	kong4	kwong4	1	148
抃	bin6		0	145
抄	caau1	caau3	0	102
抅	keoi1		0	146
抆	man2	man5	1	127
抇	wat6		0	147
抈	jyut6		0	147
抉	kyut3		0	142
把	baa2		0	77
抋	cam3		0	149
抌	dam2	zam2	0	96
抍	sing1		0	149
抎	sin6	wan5	1	147
抏	jyun4	waan4 wun6	1	150
抐	neot6		0	148
抑	jik1		0	122
抒	syu1		0	136
抓	zaau2	zaa1 aau1	0	110
抔	pau4		0	143
投	tau4		0	103
抖	dau2		0	106
抗	kong3		0	108
折	zit3		0	108
抙	pau4		0	147
抚	fu2		0	205
抛	paau1		0	140
抜	bat6		0	143
抝	aau3		0	145
択	zaak6		0	145
抟	tyun4	zyun1	1	205
抠	kau1		0	205
抡	leon4		0	205
抢	coeng2	coeng1	1	205
抣	gwan1		0	205
护	wu6		0	205
报	bou3		0	205
抦	bing2		0	145
抧	zi2		0	145
抨	paang1	ping1 ping4	1	140
抩	naam4		0	151
抪	bo3	bou3	1	149
披	pei1		0	113
抬	toi4		0	102
抭	jiu5		0	149
抮	can2	zan2 hin2	1	146
抯	zaa1		0	144
抰	joeng2		0	144
抱	pou5	bou6 paau1	0	88
抲	ho1		0	148
抳	nei5	ni4	1	145
抴	jai6		0	205
抵	dai2		0	105
抶	cik1		0	160
抷	pei1		0	147
抸	zaap3		0	151
抹	maat3	mut3 mut6	0	86
抺	mui6		0	144
抻	can2		0	140
押	aat3	aap3 haap6	0	118
抽	cau1		0	95
抾	gip3	keoi1	1	147
抿	man5	man4	0	150
拀	zuk1		0	149
拁	ke2		0	150
拂	fat1	bat6	1	137
拃	zaa3	zaa6	1	133
拄	zyu2		0	140
担	daam1		0	159
拆	caak3		0	97
拇	mou5		0	132
拈	nim1	nin2 nim4	0	134
拉	laai1	laa1	0	82
拊	fu2	fu1	0	142
拋	paau1		0	107
拌	bun6	pun3 pun1	0	133
拍	paak3		0	82
拎	ling1	ning1 ling4	0	78
拏	naa4		0	149
拐	gwaai2		0	116
拑	kim4		0	153
拒	keoi5		0	127
拓	tok3	taap3 zek3	0	132
拔	bat6		0	107
拕	to1		0	148
拖	to1		0	89
拗	aau3	aau2 juk6	0	107
拘	keoi1		0	133
拙	zyut6	zyut3	0	140
拚	pun3	pun2 ping1 faan1 fan3 ping3 pun1	0	137
招	ziu1		0	90
拜	baai3		0	95
拝	baai3		0	144
拞	dai2		0	148
拟	ji5	ji4	1	205
拠	geoi3		0	144
拡	kok3	kwok3	1	145
拢	lung5	lung2	1	205
拣	gaan2		0	205
拤	kaa1		0	148
拥	jung2		0	205
拦	laan4		0	205
拧	ning6	ling6 ning2 ling2 ning4 ling4	1	205
拨	but6	but2	1	205
择	zaak6		0	205
拪	cin1		0	152
拫	han4	hang4 han6	1	144
括	gwaat3	kut3 gwat3	1	134
拭	sik1		0	144
拮	gat1	git3 gaat3	0	123
拯	cing2		0	127
拰	nam5		0	144
拱	gung2		0	113
拲	gung2		0	149
拳	kyun4		0	100
拴	saan1	cyun4	0	137
拵	cyun4		0	147
拶	zaat3	zaan2	0	144
拷	haau1	haau2	0	143
拸	ci2	ji4	1	147
拹	hip3	hip6	1	147
拺	caak3	cuk1 saak3	1	148
拻	fui1		0	147
拼	ping3	ping1 pun3 pun2	0	111
拽	jai6		0	143
拾	sap6	sip3 gip3	0	130
拿	naa4		0	94
挀	baak3		0	146
持	ci4		0	109
挂	gwaa3		0	135
挃	zat6		0	147
挄	kok3	kwok3	1	149
挅	do2		0	149
挆	do2		0	150
指	zi2		0	90
挈	hit3	kit3	1	142
按	on3		0	98
挊	lung6		0	151
挋	zan3		0	148
挌	gaak3		0	191
挍	gaau3	haau6	1	146
挎	kwaa3	fu1	0	137
挏	dung6		0	150
挐	jyu4	naau4 naa4 naa1	1	146
挑	tiu1		0	107
挒	lit6		0	145
挓	zaa1		0	147
挔	leoi5		0	149
挕	dip6	zip3	1	149
挖	waat3	waa1	0	105
挗	kyut3		0	147
挘	lyut3		0	205
挙	geoi2		0	145
挚	zi3		0	205
挛	lyun4	lyun1	1	205
挜	aa3	ngaa6 aa6 ngaa3	1	205
挝	zaa1	wo1	1	205
挞	taat3	taat1	1	205
挟	hip3	haap6 gaap3 hip6	1	205
挠	naau4	laau4 naau2 laau2 naau5 laau5	1	205
挡	dong2	dong3	1	205
挢	giu2		0	205
挣	zang1	zaang1 zaang6	1	205
挤	zai1		0	205
挥	fai1		0	205
挦	cam4	cim4	1	205
挧	jyu5		0	148
挨	aai1	ngaai4 oi2	1	102
挩	seoi3	tyut3	1	150
挪	no4		0	134
挫	co3		0	137
挬	but6		0	149
挭	gaang3		0	147
挮	tai2		0	148
振	zan3		0	108
挰	caang4		0	149
挱	so1		0	205
挲	so1	saa1	0	144
挳	hang1	hin1	1	148
挴	mui5		0	147
挵	lung6		0	145
挶	guk1	guk6	1	172
挷	pong3		0	147
挸	gaan2		0	146
挹	jap1		0	141
挺	ting5	ting2	0	102
挻	saan1	sin1	1	144
挼	no4		0	145
挽	waan5		0	121
挾	hip3	haap6 gaap3 hip6	0	129
挿	caap3		0	144
捀	fung4	fung6	1	149
捁	gaau2		0	148
捂	ng6	wu2	0	137
捃	gwan3	kwan2 kwan3	1	144
捄	gau3	kau4 geoi1	1	147
捅	tung2		0	120
捆	kwan2		0	130
捇	cik3	waak6	1	147
捈	caa4	tou4 syu1	1	148
捉	zuk1	zuk3	0	83
捊	pau4		0	145
捋	lyut3	lyut6	1	141
捌	baat3		0	160
捍	hon5	hon6 hon2	0	140
捎	saau1	siu1	0	145
捏	nip6		0	115
捐	gyun1		0	101
捑	sik6		0	151
捒	cuk1		0	148
捓	je4		0	152
捔	gok3		0	145
捕	bou6		0	125
捖	gwaat3	jyun4	1	146
捗	bou6	pou4 zik1	1	147
捘	zeoi3	zyun3 zeon3	1	150
捙	jai6		0	151
捚	zaai1		0	151
捛	leoi5		0	149
捜	sau1		0	144
捝	seoi3	tyut3	1	150
捞	laau4	laau1 lou1 lou4	1	205
损	syun2		0	205
捠	bang1		0	205
捡	gim2		0	205
换	wun6		0	153
捣	dou2		0	205
捤	mei5		0	205
捥	wun2		0	147
捦	kam4		0	151
捧	pung2	bung2 fung2	1	105
捨	se2		0	115
捩	lai2	lit6 lai6 leoi6	1	143
捪	man4		0	150
捫	mun4	mun1	0	140
捬	fu2		0	150
捭	baai2		0	144
据	geoi3	geoi1	0	135
捯	dou2	dou3	1	143
捰	wo2		0	146
捱	ngaai4		0	105
捲	gyun2		0	111
捳	ngok6		0	147
捴	zung2		0	147
捵	can2	din2	1	149
捶	ceoi4		0	135
捷	zit6	zit3 cip3	0	125
捸	dat6		0	149
捹	fing6		0	151
捺	naat6		0	142
捻	nip6	nim2 nin2 nan2 nim1 nim5	0	121
捼	no4		0	150
捽	cyut3	zeot1 zyut6 zyut3	1	114
捾	wut6		0	153
捿	cai1		0	150
掀	hin1	hin3	0	134
掁	caang4		0	146
掂	dim6	dim3	1	96
掃	sou3	sou2	0	100
掄	leon4		0	143
掅	cing3		0	147
掆	gong1		0	148
掇	dyut3	zyut3	1	142
授	sau6		0	126
掉	diu6	deu6	0	92
掊	fau2	pau2 pau4	1	144
掋	dai2		0	147
掌	zoeng2		0	94
掍	gwan2	wan6	1	146
掎	gei2		0	145
掏	tou4		0	141
掐	haap3		0	144
掑	kei4		0	143
排	paai4		0	94
掓	suk1		0	145
掔	haan1	hin1	1	145
掕	ling4		0	144
掖	jik6	jip3 jat6	0	138
掗	aa2	aa3 ngaa6	1	148
掘	gwat6	fat1	0	111
掙	zang1	zaang1 zaang6	0	120
掚	loeng5		0	152
掛	gwaa3	kwaa3	0	94
掜	ngai5	nip6	1	148
掝	kwik1	waak6	1	148
掞	jim5	sim3	1	146
掟	deng3	deng6	1	105
掠	loek6		0	123
採	coi2		0	111
探	taam3		0	99
掣	zai3		0	107
掤	bing1		0	144
接	zip3		0	85
掦	tik1		0	148
控	hung3		0	111
推	teoi1		0	91
掩	jim2		0	113
措	cou3		0	130
掫	zau1		0	146
掬	guk1		0	140
掭	tim2	tim5 tim3 tim6	1	144
掮	kin4		0	145
掯	kang3		0	149
掰	maak3	baai1 baai2 mak3	0	132
掱	paa4		0	160
掲	kit3		0	153
掳	lou5		0	205
掴	gwaak3	gwok3 gok3	1	205
掵	ming6		0	142
掶	zit6		0	205
掷	zaak6		0	205
掸	daan6	sin6	1	205
掹	mang1	mang3	1	106
掺	caam1	saam1 cam1 cam3	1	205
掻	sou1		0	146
掼	gwaan3		0	205
掽	pung3		0	150
掾	jyun6		0	142
掿	nok6		0	149
揀	gaan2		0	88
揁	zing1		0	151
揂	jau4	zau1	1	147
揃	zin1	zin2	1	145
揄	jau4	jyu4 jiu5	1	149
揅	jin4		0	147
揆	kwai4	kwai5	1	142
揇	naam5	naam3	0	148
揈	fang3	fang4 gwang1 fing6	1	123
揉	jau4	jau6	0	124
揊	bik1		0	147
揋	wui1		0	148
揌	sak1		0	148
揍	zau3	cau3	0	138
揎	syun1		0	145
描	miu4		0	138
提	tai4	si4	0	91
揑	nip6		0	145
插	caap3		0	90
揓	ci3	to1	1	150
揔	zung2		0	148
揕	zam3		0	148
揖	jap1	cap1	0	125
揗	seon5	tan4 seon6 tang4	1	147
揘	waang4	wing4	1	150
揙	pin1	pin4	1	147
揚	joeng4		0	108
換	wun6		0	89
揜	jim2	am2	0	153
揝	zaan6	zyut3	1	146
揞	am2		0	112
揟	seoi1	zeoi1	1	148
揠	aat3		0	146
握	aak1	ak1	0	105
揢	kaa1	kik1 kak1	1	149
揣	cyun2	ceoi2	0	140
揤	zat1	zeot1	1	147
揥	dai3	tai3	1	148
揦	laa2	laa5	1	145
揧	laat6		0	151
揨	caang4		0	150
揩	haai1		0	125
揪	zau1		0	116
揫	zau1		0	151
揬	dat6		0	150
揭	kit3	kai3 gai6 hei3	0	103
揮	fai1		0	106
揯	gang1	gang3	1	152
揰	cung3		0	148
揱	siu1	sok3	1	151
揲	dip6	sit3 jip6 sip3 sit6	1	145
揳	gaat3	sit3 sip3 git3 kit3	1	147
援	wun4	jyun4 jyun6	0	123
揵	gin6	kin4	1	145
揶	je4		0	143
揷	caap3		0	145
揸	zaa1		0	90
揹	bui3		0	117
揺	jiu4		0	143
揻	wai1		0	205
揼	dam1	dam3 dam2 dap6	1	119
揽	laam5	laam2	1	205
揾	wan2	wan3	1	92
揿	gam6		0	205
搀	caam1		0	205
搁	gok3		0	205
搂	lau1	lau2 lau5 lau4	1	205
搃	zung2		0	205
搄	gang1		0	205
搅	gaau2		0	205
搆	kau3	gau3	0	194
搇	kam2	gam6	0	150
搈	jung4		0	151
搉	gok3	kok1 kok3	1	147
搊	cau1		0	147
搋	caai1	ci2	1	146
搌	zin2		0	145
損	syun2		0	111
搎	syun1		0	150
搏	bok3		0	107
搐	caau1	cuk1	1	145
搑	jung4		0	152
搒	bong2	pong3 paang4 bong3 pang4	1	146
搓	co1		0	111
搔	sou1		0	135
搕	ap1	hap6 hap1	1	148
搖	jiu4		0	102
搗	dou2		0	132
搘	zi1		0	148
搙	luk6	nuk6	1	148
搚	hip6	lap6	1	151
搛	gim1	lim4	1	144
搜	sau2		0	118
搝	hau2		0	151
搞	gaau2		0	77
搟	hin2		0	205
搠	sok3		0	144
搡	song2		0	142
搢	zeon3		0	145
搣	mit1	mit6	1	92
搤	ak1		0	148
搥	ceoi4		0	136
搦	nik1	nok6	1	128
搧	sin3		0	142
搨	taap3		0	147
搩	git6		0	147
搪	tong4		0	138
搫	po4	pun4	1	148
搬	bun1		0	95
搭	daap3	taap3	0	85
搮	leot6		0	148
搯	tou1	tou4	1	160
搰	fat1	wat6	1	147
搱	zi6		0	148
搲	waa2	we2	1	131
搳	hat6	waak6 waa1	1	149
搴	gin2	hin1	1	142
搵	wan2	wan3 man5	0	72
搶	coeng2		0	92
搷	tin4		0	147
搸	zeon1		0	149
搹	ak1	gaak3	1	150
携	kwai4		0	159
搻	nik1	nok6	1	147
搼	kyun4		0	150
搽	caa4		0	98
搾	zaa3		0	133
搿	gaap3	gap3	1	143
摀	ng6	wu2	1	141
摁	jan1	on3	1	128
摂	sip3		0	146
摃	gong1		0	182
摄	sip3	zip3 nip6 lip6	1	205
摅	syu1		0	205
摆	baai2	bei1	1	205
摇	jiu4		0	205
摈	ban3		0	205
摉	sau1		0	205
摊	taan1		0	205
摋	saat3		0	145
摌	caan2		0	151
摍	suk1		0	150
摎	gau1	lau4	1	148
摏	zung1		0	151
摐	coeng1	cung1	1	146
摑	gwaak3	gwok3	1	119
摒	bing2	bing3	1	140
摓	fung4		0	148
摔	seot1		0	125
摕	dai3		0	151
摖	cai3		0	146
摗	cuk1		0	150
摘	zaak6		0	112
摙	lin2	lin5 lin4	1	142
摚	tong3		0	150
摛	ci1		0	153
摜	gwaan3		0	142
摝	luk6		0	148
摞	lo3	lo4	1	156
摟	lau2	lau1 lau5 lau4 lau3	0	112
摠	zung2		0	148
摡	goi3	hei3	1	147
摢	wu6		0	148
摣	zaa1		0	148
摤	coeng2		0	147
摥	tong3		0	147
摦	waa6		0	149
摧	ceoi1	ceoi4	0	136
摨	zi6		0	149
摩	mo1	mo4	1	107
摪	zoeng1		0	146
摫	kwai1		0	149
摬	jing2		0	148
摭	zek3		0	136
摮	ngou4		0	148
摯	zi3		0	137
摰	jit6		0	145
摱	maan1		0	146
摲	caam3	saam3 saan3	1	148
摳	kau1		0	132
摴	syu1		0	147
摵	cik1	saak3 sik1	1	147
摶	tyun4		0	141
摷	caau3	ziu6	1	115
摸	mo2	mou4 mo1 mok3 mok6	1	89
摹	mou4		0	138
摺	zip3	zaap3	0	111
摻	caam1	saam1 cam1 cam3 saam2	0	134
摼	hang1		0	147
摽	biu1	piu1 piu5 piu3	1	144
摾	koeng5		0	151
摿	jiu4		0	149
撀	gau3		0	150
撁	hin1		0	144
撂	liu1	loek6	0	139
撃	gik1		0	142
撄	jing1		0	205
撅	kyut3	gwat6 gwai3 zyut6	0	146
撆	pit3		0	150
撇	pit3		0	122
撈	lou1	laau4 laau1	1	103
撉	dan3	deon1	1	150
撊	haan5	haan6	1	149
撋	jeon6	jyun4 no4 lo4	1	148
撌	gwai6		0	148
撍	cim4		0	148
撎	ji3		0	148
撏	cam4	cim4	1	148
撐	caang1	caang3	1	101
撑	caang1		0	159
撒	saat3		0	115
撓	naau4	naau5 jaau1 naau6	0	125
撔	wang6		0	149
撕	si1	sai1	0	113
撖	ham1	hon6 ham5	1	146
撗	gwong3		0	148
撘	daap3	dap6	1	144
撙	zyun2		0	145
撚	nan2	lan2 nim2 nin2 nin5	1	84
撛	leon5		0	150
撜	caang4	cing2	1	149
撝	fai1		0	191
撞	zong6	zong2 cong4	0	86
撟	giu2	giu6	0	142
撠	gik1		0	150
撡	cou1		0	150
撢	daan6	taam3 taam2 ngam4 taam1	1	194
撣	daan6	sin6	0	152
撤	cit3		0	115
撥	but6	but3 put3	0	107
撦	ce2		0	173
撧	zyut3		0	145
撨	siu1		0	148
撩	liu4	liu1 liu2 liu6	0	108
撪	ban6		0	150
撫	fu2		0	123
撬	giu6	hiu3	0	124
播	bo3		0	94
撮	cyut3	caai2	0	141
撯	zoek3		0	146
撰	zaan3	zaan6	0	153
撱	to2	wai5	1	147
撲	pok3		0	95
撳	gam6		0	98
撴	dan3	deon1	1	144
撵	lin5		0	205
撶	waa1		0	205
撷	kit3	git3	1	205
撸	lou5		0	205
撹	gaau2		0	144
撺	cyun3	cyun2	1	205
撻	taat1	taat3	0	122
撼	ham6	ham2	0	129
撽	gik1	haau3	1	149
撾	gwo1	zaa1 wo1	1	140
撿	gim2		0	133
擀	gon2		0	139
擁	jung2	ung2	0	108
擂	leoi4		0	139
擃	nong5		0	151
擄	lou5		0	145
擅	sin6		0	132
擆	zoek3		0	150
擇	zaak6		0	123
擈	pok3		0	150
擉	cok3	cuk1 zuk1	1	150
擊	gik1		0	105
擋	dong2	dong3	0	101
擌	saak3		0	154
操	cou1	cou3	0	93
擎	king4		0	129
擏	geng6	king4	1	147
擐	gwaan3	waan6	1	145
擑	zip3		0	153
擒	kam4		0	98
擓	kwaai5		0	205
擔	daam1	daam3	1	101
擕	kwai4		0	146
擖	gaa3	kaa1 kaat3 gaat3 jip6	1	149
擗	pek6	pik1 bik1	1	142
擘	maak3	baai1	0	104
擙	ngou1	ou1	0	150
據	geoi3		0	108
擛	jip6		0	150
擜	ngaat6	aat6	1	205
擝	mang1		0	205
擞	sau2	sau3	1	205
擟	mei4		0	148
擠	zai1		0	96
擡	toi4		0	109
擢	zok6		0	134
擣	dou2		0	198
擤	sang3		0	142
擥	laam2	laam5	1	148
擦	caat3		0	105
擧	geoi2		0	146
擨	je4		0	152
擩	jau4	jyu5 jeoi5 jyu4	1	148
擪	aap3	jip3 ngaap3 jaap3	1	150
擫	jip3		0	147
擬	ji4	ji5	1	137
擭	wok6		0	145
擮	zit6		0	148
擯	ban3		0	142
擰	ning6	ling6 ling2 ning4 ning1	1	94
擱	gok3		0	131
擲	zaak6		0	117
擳	zit1	zit3	1	147
擴	kwong3	kwok3	0	130
擵	mo1		0	148
擶	zin3		0	149
擷	kit3	git3	0	141
擸	laap3	lip6 laap6	1	142
擹	taan1		0	152
擺	baai2		0	77
擻	sau2	sau3	0	141
擼	lou5		0	139
擽	lik1	lik6 loek6	1	148
擾	jiu2	jiu5	0	117
擿	tik1	zaak6 zek3	1	145
攀	paan1		0	123
攁	joeng5		0	148
攂	leoi4		0	151
攃	caat3	saat3	1	153
攄	syu1		0	145
攅	cyun4		0	149
攆	lin5		0	132
攇	hin2		0	150
攈	kwan2	kwan3	1	149
攉	fok3	kok3 wok6	1	145
攊	lik6		0	150
攋	laai6		0	145
攌	waan5	waan6	1	152
攍	jing4		0	150
攎	lo4	lou4	1	150
攏	lung5	lung4	0	135
攐	hin1		0	152
攑	hin1		0	152
攒	cyun4	zaan2 zyun2	1	205
攓	hin1		0	152
攔	laan4		0	105
攕	cim1	saam1	1	149
攖	jing1		0	143
攗	kwan2	mei4	1	151
攘	joeng4	joeng5 joeng6	0	146
攙	caam1		0	149
攚	jing4		0	205
攛	cyun1	cyun3	1	144
攜	kwai4		0	132
攝	sip3		0	112
攞	lo2		0	78
攟	kwan2	kwan3	1	146
攠	mei4		0	145
攡	ci1		0	149
攢	cyun4	zaan2 zaan6 zyun1 zyun6	0	129
攣	lyun1	lyun4	0	130
攤	taan1		0	110
攥	zaan6	zyut3	0	138
攦	lai6		0	147
攧	din1		0	147
攨	waa2		0	149
攩	dong2	dong3	1	148
攪	gaau2		0	105
攫	fok3	gwok3	0	142
攬	laam2	laam5	0	93
攭	lai5		0	149
攮	nong5		0	144
支	zi1		0	85
攰	gui6		0	94
攱	gwai2		0	146
攲	kei1		0	146
攳	cam4		0	152
攴	bok1	pok3	1	141
攵	pok3		0	141
收	sau1		0	83
攷	haau2		0	158
攸	jau4		0	139
改	goi2		0	96
攺	goi2	ji5	1	144
攻	gung1		0	100
攼	gon1	hon6	1	148
攽	baan1	ban1	1	146
放	fong3	fong2	0	77
政	zing3		0	96
敀	baak3		0	149
敁	dim1	dim6	1	147
敂	kau3		0	147
敃	man5		0	148
敄	mou6		0	150
故	gu3		0	100
敆	gap3		0	150
敇	caak3		0	148
效	haau6		0	114
敉	mai5	mei5	1	143
敊	cuk1		0	145
敋	gok3		0	148
敌	dik6		0	187
敍	zeoi6		0	127
敎	gaau3	gaau1	0	138
敏	man5		0	101
敐	san4		0	148
救	gau3		0	85
敒	san1		0	151
敓	dyut6		0	138
敔	jyu5		0	145
敕	cik1		0	139
敖	ngou4	ngou6	0	126
敗	baai6		0	103
敘	zeoi6		0	126
教	gaau3	gaau1	0	81
敚	dyut6		0	138
敛	lim5	lim6	1	205
敜	nip6		0	148
敝	bai6		0	139
敞	cong2		0	148
敟	din2		0	147
敠	zyut3		0	146
敡	ji6		0	148
敢	gam2		0	83
散	saan3	saan2	0	95
敤	fo2	fo3	1	143
敥	gaau2	jim6	1	149
敦	deon1	deoi1 deoi3 tyun4 deoi6 deon6 diu1	0	121
敧	gei1	ji2	1	147
敨	dau2	tau2	1	148
敩	haau6	hok6	1	205
敪	zyut3		0	150
敫	giu2	giu3	1	142
敬	ging3		0	103
敭	joeng4		0	145
敮	hap1		0	145
敯	fan1	man5 man4	1	147
数	sou3	sou2 sok3 cuk1	1	205
敱	ngoi4		0	145
敲	haau1		0	105
敳	ngoi4	zuk1	1	146
整	zing2		0	79
敵	dik6		0	98
敶	zan6		0	148
敷	fu1		0	121
數	sou3	sou2 sok3	1	93
敹	liu1	liu4	1	145
敺	au2	keoi1	1	145
敻	hing3	hyun3	1	146
敼	hei2		0	146
敽	giu2		0	205
敾	sin6		0	145
敿	giu2		0	149
斀	doek3	zoek3 zuk1	1	150
斁	dou3	jik6	1	145
斂	lim5	lim6	0	132
斃	bai6		0	131
斄	lei4	toi4	1	148
斅	haau6	hok6	1	147
斆	haau6		0	205
文	man4	man2 man1	0	82
斈	hok6		0	147
斉	cai4		0	143
斊	cai4		0	148
斋	zaai1		0	205
斌	ban1		0	109
斍	gok3		0	149
斎	zaai1		0	143
斏	loeng4		0	205
斐	fei2		0	135
斑	baan1		0	121
斒	baan1		0	149
斓	laan4	laan6	1	205
斔	jyu5		0	151
斕	laan4		0	156
斖	mei5		0	149
斗	dau2		0	119
斘	sing1		0	150
料	liu2	liu6	1	105
斚	gaa2		0	150
斛	huk6	fuk6	0	140
斜	ce4	ce3	1	105
斝	gaa2		0	145
斞	jyu5		0	151
斟	zam1		0	108
斠	gaau3	gok3	1	146
斡	gun2	waat3 wo1	1	141
斢	tau2	tau3	1	150
斣	dau3		0	149
斤	gan1	gan3	0	104
斥	cik1		0	121
斦	ngan4		0	150
斧	fu2		0	120
斨	coeng1		0	148
斩	zaam2		0	205
斪	keoi4		0	150
斫	zoek3		0	141
斬	zaam2		0	92
断	dyun6	tyun5 dyun3	1	205
斮	doek3	zoek3	1	147
斯	si1		0	90
新	san1		0	77
斱	zoek3		0	151
斲	doek3	zoek3	1	146
斳	kan4		0	147
斴	leon4		0	151
斵	zoek3		0	148
斶	cuk1	zuk1	1	147
斷	tyun5	dyun6 dyun3	1	97
斸	zuk1		0	148
方	fong1		0	86
斺	cin2		0	145
斻	hong4		0	148
於	jyu1	wu1 jyu4	0	80
施	si1		0	106
斾	pui3		0	145
斿	jau4	lau4 jau6	1	143
旀	ji5		0	144
旁	pong4	bong6	0	105
旂	kei4		0	143
旃	zin1		0	141
旄	mou4	mou6	1	142
旅	leoi5		0	111
旆	bui3	pui3	1	141
旇	pei1		0	145
旈	lau4		0	146
旉	fu1		0	147
旊	fong2		0	146
旋	syun4		0	121
旌	zing1	sing1	0	138
旍	sing1	zing1	1	146
旎	nei5		0	157
族	zuk6		0	103
旐	siu6		0	147
旑	ji2		0	149
旒	lau4		0	142
旓	saau1		0	147
旔	gin3		0	147
旕	jyu1		0	205
旖	ji2		0	140
旗	kei4		0	101
旘	ci3		0	150
旙	faan1		0	150
旚	piu1		0	153
旛	faan1		0	191
旜	zin1		0	151
旝	kui2	kui3	1	152
旞	seoi6		0	151
旟	jyu4		0	147
无	mou4		0	159
旡	gei3		0	142
既	gei3		0	60
旣	gei3		0	194
旤	wo6		0	149
日	jat6	mik6	0	74
旦	daan3	daan2 daan6	0	125
旧	gau6		0	205
旨	zi2		0	118
早	zou2		0	82
旪	hip3		0	144
旫	tiu1		0	151
旬	ceon4		0	135
旭	juk1		0	118
旮	go1	kaa3 kaa1	0	142
旯	lo1	laa1	0	134
旰	gon3	hon6 hon5	1	143
旱	hon5		0	127
旲	jing2	toi4	1	149
旳	dik1		0	137
旴	heoi1		0	147
旵	caam2	caam3	1	148
时	si4	si2	1	205
旷	kwong3	kong3	1	205
旸	joeng4		0	205
旹	si4		0	148
旺	wong6		0	111
旻	man4		0	139
旼	man4		0	145
旽	tan1	zan3	1	147
旾	ceon1		0	148
旿	ng5		0	147
昀	wan4		0	139
昁	bui3		0	150
昂	ngong4	ngong5	0	116
昃	zak1		0	142
昄	baan2	baan6	1	146
昅	gip3		0	149
昆	kwan1	gwan1	0	123
昇	sing1		0	115
昈	wu6		0	149
昉	fong2		0	142
昊	hou6		0	129
昋	gwai3		0	148
昌	coeng1		0	106
昍	hyun1		0	146
明	ming4		0	80
昏	fan1		0	115
昐	fan1		0	145
昑	jam2		0	147
昒	fat1		0	149
易	ji6	jik6	1	98
昔	sik1		0	139
昕	jan1		0	135
昖	jyun4		0	148
昗	zak1		0	149
昘	fong2		0	144
昙	taam4		0	187
昚	san6		0	145
昛	geoi6		0	145
昜	joeng4		0	144
昝	zaam2	zaan2	1	142
昞	bing2	fong2	1	147
星	sing1	seng1	0	93
映	jing2		0	126
昡	jyun6		0	146
昢	pui3		0	148
昣	can2		0	146
昤	ling4		0	149
春	ceon1		0	97
昦	hou6		0	148
昧	mui6		0	138
昨	zok3	zok6	0	129
昩	mut6		0	147
昪	bin6		0	144
昫	heoi2	heoi3	1	146
昬	fan1		0	146
昭	ciu1		0	119
昮	cung6		0	148
是	si6		0	67
昰	si6		0	139
昱	juk1		0	138
昲	fai3		0	151
昳	dit6	jat6	1	144
昴	maau5	mau5	0	141
昵	nik1	nik6	1	158
昶	cong2	coeng3	0	140
昷	wan1		0	148
昸	dung1		0	146
昹	oi2		0	147
昺	bing2		0	144
昻	ngong4		0	145
昼	zau3		0	205
昽	lung4		0	205
显	hin2		0	205
昿	kong3	kwong3	1	149
晀	tiu2		0	150
晁	ciu4	siu6	1	133
時	si4		0	77
晃	fong2		0	122
晄	fong2		0	145
晅	hyun1	hyun2	1	146
晆	kwai1		0	151
晇	heoi1	kwaa1	1	150
晈	gaau2		0	148
晉	zeon3		0	104
晊	zat1		0	146
晋	zeon3		0	154
晌	hoeng2		0	130
晍	tung4		0	147
晎	hung2		0	147
晏	aan3		0	113
晐	goi1		0	148
晑	hoeng2		0	147
晒	saai3		0	84
晓	hiu2		0	205
晔	jip6		0	205
晕	wan4	wan6	1	205
晖	fai1		0	205
晗	ham4		0	138
晘	waan5		0	152
晙	zeon3		0	145
晚	maan5		0	86
晛	jin5	nin6	1	145
晜	gwan1	kwan1	1	148
晝	zau3		0	135
晞	hei1		0	114
晟	sing4	sing6	0	136
晠	cou4		0	146
晡	bou1		0	143
晢	zai3	zit3	1	137
晣	zai3		0	146
晤	ng6		0	136
晥	wun5		0	145
晦	fui3		0	135
晧	hou6		0	144
晨	san4		0	119
晩	maan5		0	143
晪	tin2		0	150
晫	zoek3		0	144
晬	zeoi3		0	146
晭	zau2		0	149
普	pou2		0	103
景	ging2	jing2	0	102
晰	sik1	cik1	0	145
晱	sim2		0	148
晲	ngai6		0	146
晳	sik1		0	143
晴	cing4		0	97
晵	kai2		0	147
晶	zing1		0	112
晷	gwai2		0	142
晸	zing2		0	146
晹	jik6	sik1	1	145
智	zi3		0	105
晻	am2	jim2 am3	1	146
晼	jyun2	wun2	1	147
晽	lam4		0	145
晾	long6		0	119
晿	coeng1		0	144
暀	wong5	wong6	1	143
暁	hiu2		0	143
暂	zaam6		0	205
暃	fei1		0	148
暄	hyun1		0	138
暅	gang3	hyun1 syun2	1	145
暆	ji4		0	152
暇	haa4	haa6	0	138
暈	wan4	wan6 jan3	0	102
暉	fai1		0	140
暊	fu2		0	149
暋	man5		0	146
暌	kwai4		0	143
暍	hot3	jit3	1	145
暎	jing2		0	145
暏	syu6		0	146
暐	wai5		0	144
暑	syu2		0	128
暒	cing4		0	143
暓	mau6		0	153
暔	naam4		0	146
暕	gaan2	laan4	1	146
暖	nyun5		0	99
暗	am3		0	97
暘	joeng4		0	142
暙	ceon1		0	147
暚	jiu4		0	149
暛	so2		0	150
暜	pou2		0	146
暝	ming4	ming6 ming5	1	153
暞	giu2		0	152
暟	hoi2		0	145
暠	gou2	hou6	1	144
暡	jung2		0	149
暢	coeng3		0	130
暣	hei3		0	144
暤	hou6		0	147
暥	aan3		0	148
暦	lik6		0	145
暧	oi3	ngoi3 oi2 ngoi2	1	205
暨	kei3	gei6	0	139
暩	gwai3	zai3	1	146
暪	mun5		0	125
暫	zaam6		0	123
暬	sit3		0	152
暭	hou6		0	148
暮	mou6		0	133
暯	mok6		0	148
暰	cung1		0	148
暱	nik1	nik6	1	138
暲	zoeng1		0	148
暳	wai3		0	149
暴	bou6	buk6 bok3	0	109
暵	hon2	hon3	1	148
暶	syun4		0	148
暷	cyun4		0	150
暸	liu4	liu5	1	147
暹	cim3	cim1	0	142
暺	daan6		0	153
暻	ging2		0	146
暼	pit3		0	146
暽	leon4		0	152
暾	tan1		0	142
暿	hei2		0	147
曀	ai3		0	145
曁	kei3		0	145
曂	wong6		0	146
曃	doi6		0	150
曄	jip6		0	138
曅	jip6		0	149
曆	lik6		0	124
曇	taam4		0	137
曈	tung4		0	142
曉	hiu2		0	104
曊	fai3	fei1	1	146
曋	cam2		0	150
曌	ziu3		0	143
曍	hou6		0	152
曎	jik6		0	153
曏	hoeng3		0	136
曐	sing1		0	145
曑	sam1		0	149
曒	giu2		0	148
曓	bou6		0	147
曔	ging6		0	150
曕	jim6		0	147
曖	oi2	oi3	0	145
曗	jip6		0	148
曘	jyu4		0	147
曙	cyu5	syu5 syu6	0	146
曚	mung4		0	115
曛	fan1		0	142
曜	jiu6		0	136
曝	bou6	buk6	0	134
曞	lai6		0	143
曟	san4		0	143
曠	kwong3	kong3	0	142
曡	dip6		0	144
曢	liu4		0	205
曣	jin3		0	148
曤	fok3		0	148
曥	lou4		0	150
曦	hei1		0	106
曧	jung4		0	149
曨	lung4		0	146
曩	nong5		0	160
曪	lo2		0	145
曫	lyun4		0	152
曬	saai3		0	74
曭	tong2		0	152
曮	jim5		0	149
曯	zuk1		0	150
曰	joek6	jyut6	0	122
曱	gaat6	gat6	1	110
曲	kuk1		0	103
曳	jai5	jai6	0	99
更	gang3	gang1 gaang1 ngang3	1	81
曵	jai6		0	145
曶	fat1		0	148
曷	aat3	hot3 hot6	1	142
書	syu1		0	82
曹	cou4		0	88
曺	cou4		0	145
曻	cyun2		0	148
曼	maan6	maan4	0	104
曽	zang1		0	144
曾	cang4	zang1	1	100
替	tai3		0	108
最	zeoi3		0	71
朁	caam2		0	148
朂	juk1		0	205
會	wui5	wui6 wui2 wui3	1	57
朄	jan5		0	148
朅	kit3		0	146
朆	fan1		0	149
朇	pei4		0	147
月	jyut6		0	81
有	jau5	jau6	0	49
朊	jyun2	gun2	0	142
朋	pang4		0	121
朌	baan1	fan4	1	148
服	fuk6		0	101
朎	ling4		0	151
朏	fei2		0	146
朐	keoi4		0	142
朑	sai3		0	205
朒	nuk1	nuk6	1	148
朓	tiu2	tiu3 tiu5	1	144
朔	sok3		0	128
朕	zam6		0	104
朖	long5		0	152
朗	long5		0	98
朘	syun1	zeoi1 zyun1 zeon1 zeon3 zoe1	1	147
朙	ming4		0	142
朚	fong1		0	149
望	mong6		0	74
朜	tan1		0	152
朝	ziu1	ciu4	1	94
朞	gei1		0	148
期	kei4	gei1	0	97
朠	jing1		0	147
朡	zung1		0	151
朢	mong4	mong6	1	145
朣	tung4		0	147
朤	long5		0	144
朥	lou4		0	205
朦	mung4		0	129
朧	lung4		0	131
木	muk6		0	89
朩	muk6		0	142
未	mei6		0	70
末	mut6		0	111
本	bun2		0	83
札	zaat3		0	136
朮	seot6		0	137
术	seot6		0	205
朰	zaat3		0	151
朱	zyu1	syu4	0	92
朲	jan4		0	140
朳	baat3	paa4	1	147
朴	pok3	po1 piu4	0	137
朵	do2	doe2	1	106
朶	do2		0	142
朷	dou1		0	148
朸	lak6	lik6	1	145
朹	gwai2	kau4	1	146
机	gei1	gei2	1	148
朻	gau1		0	150
朼	bei2		0	149
朽	nau2	nau5	0	136
朾	caang4	ting1	1	151
朿	ci3		0	145
杀	saat3	saai3	1	171
杁	jan4		0	149
杂	zaap6	zaap2	1	181
权	kyun4		0	181
杄	cin1		0	147
杅	jyu1	jyu4	1	146
杆	gon1		0	117
杇	wu1		0	198
杈	caa1	caa3	1	141
杉	caam3	saam1	0	130
杊	ceon4		0	148
杋	faan4		0	148
杌	ngat6		0	143
杍	zi2		0	145
李	lei5		0	80
杏	hang6		0	117
材	coi4		0	123
村	cyun1		0	93
杒	jan6		0	151
杓	biu1	soek3 zoek3	1	160
杔	tok3		0	150
杕	dai6		0	146
杖	zoeng6		0	119
杗	mong4		0	150
杘	ci3		0	147
杙	dak6	jik6	1	147
杚	gwat1	koi3	1	151
杛	gung1		0	150
杜	dou6		0	105
杝	ci2	ji4 zi2 lei4 to4	1	149
杞	gei2	hei2	0	106
束	cuk1		0	118
杠	gong1	gong3	1	138
条	tiu4	tiu2 tiu5	1	198
杢	gong3		0	150
杣	min4		0	147
杤	maan6		0	147
来	loi4	loi2 loi6 lai4 lai2	1	153
杦	gau2		0	148
杧	mong1		0	205
杨	joeng4	joeng2	1	205
杩	maa5	maa6	1	205
杪	miu5		0	141
杫	ci3		0	146
杬	jyun4	laam5 laam2 wun6	1	146
杭	hong4		0	129
杮	ci5	fai3	1	145
杯	bui1		0	90
杰	git6		0	111
東	dung1		0	87
杲	gou2		0	142
杳	miu5	jiu2	0	140
杴	hin1	hin3	1	142
杵	cyu5	cyu2	0	152
杶	ceon1		0	149
杷	paa4		0	143
杸	syu4		0	150
杹	faa3		0	148
杺	sam1		0	141
杻	cau2	nau2 nau5	1	145
杼	cyu5		0	142
杽	cau2		0	147
松	cung4	sung1	0	101
板	baan2		0	99
枀	cung4	sung1	1	150
极	gik6	kap1	1	147
枂	wut6		0	144
枃	zeon3		0	143
构	kau3		0	159
枅	gai1		0	148
枆	mou4		0	149
枇	pei4		0	158
枈	bei3		0	148
枉	wong2		0	107
枊	ngong6		0	145
枋	fong1		0	141
枌	fan4		0	146
枍	jai6		0	148
枎	fu4		0	150
枏	naam4		0	146
析	sik1		0	134
枑	wu6		0	147
枒	aa1	ngaa1 ngaa4	1	145
枓	dau2	zyu2	1	146
枔	cam4		0	149
枕	zam2	zam3	0	116
枖	jiu1		0	148
林	lam4		0	82
枘	jeoi6		0	144
枙	ak1	ngo4	1	145
枚	mui4		0	124
枛	zaau3		0	149
果	gwo2	gu2	0	89
枝	zi1		0	108
枞	cung1	zung1	1	198
枟	taan4		0	145
枠	zyut6		0	145
枡	sing1		0	142
枢	syu1		0	205
枣	zou2		0	205
枤	dai6		0	205
枥	lik1		0	205
枦	lou4		0	151
枧	gaan2		0	205
枨	caang4		0	205
枩	cung4		0	147
枪	coeng1		0	205
枫	fung1		0	205
枬	zin1		0	205
枭	hiu1		0	205
枮	cim1	zam1	1	148
枯	fu1		0	120
枰	ping4		0	140
枱	toi2	toi4	0	113
枲	saai2	sai2	1	146
枳	zi2	zik1 zat1 zeot1	0	141
枴	gwaai2		0	134
枵	hiu1		0	144
架	gaa3		0	82
枷	gaa1		0	149
枸	gau2	geoi2 gau1	0	142
枹	baau1	fu1 fau4	1	145
枺	mut6		0	149
枻	jai6	ji6	1	146
枼	jip6		0	144
枽	jip6		0	147
枾	si6		0	149
枿	jip6	jit6	1	148
柀	bei2		0	147
柁	taai5	to4 to5	1	143
柂	ji4	to4	1	146
柃	ling4		0	144
柄	beng3	bing3	0	115
柅	nei5		0	146
柆	laap6		0	146
柇	wo4		0	147
柈	bun6		0	144
柉	faan4		0	145
柊	dung1	zung1	1	142
柋	doi6		0	146
柌	ci4		0	149
柍	joeng1	joeng2	1	148
柎	fu1	fu2	1	145
柏	paak3	baak3	0	102
某	mau5		0	90
柑	gam1	kim4	0	132
柒	cat1		0	110
染	jim5		0	115
柔	jau4		0	110
柕	mau6		0	147
柖	siu4		0	150
柗	cung4		0	148
柘	ze3		0	141
柙	haap6	gaap3	0	143
柚	jau2	jau4 jau6 zuk6	0	128
柛	san1		0	147
柜	geoi2	gwai6	1	153
柝	tok3		0	143
柞	zaa3	zok6 zaak3 zaa6 zok3	1	142
柟	jim4	naam4 naam1	1	143
柠	ning4	ling4	1	152
柡	wing5		0	146
柢	dai2		0	143
柣	cit3	dit6	1	148
柤	zaa1	zo2	1	147
查	caa4	zaa1	0	97
柦	daan6		0	144
柧	gu1		0	148
柨	bou3		0	148
柩	gau6		0	142
柪	aau1	aau3	1	149
柫	fat1		0	151
柬	gaan2		0	138
柭	baat3	bat6 but6 fat1	1	147
柮	deot1	zyut3	1	148
柯	o1		0	110
柰	noi6		0	142
柱	cyu5		0	105
柲	bei3		0	147
柳	lau5		0	102
柴	caai4	zaai6	0	101
柵	caak3	saan1 zaap3	0	137
柶	sei3	si3	1	147
柷	cuk1	zuk1	1	144
柸	pui1		0	144
柹	ci5		0	149
柺	gwaai2		0	128
査	caa4	zaa1	1	160
柼	jiu2		0	152
柽	cing1		0	187
柾	gau6		0	147
柿	ci2	ci5	0	136
栀	zi1		0	159
栁	lau5		0	145
栂	mui4		0	149
栃	lai6		0	145
栄	wing4		0	143
栅	caak3	saan1	1	159
栆	zou2		0	205
标	biu1		0	205
栈	zaan6	zaan2	1	205
栉	zit3		0	205
栊	lung4		0	205
栋	dung6	dung3	1	205
栌	lou4		0	205
栍	sang1		0	205
栎	lik1	joek6	1	205
栏	laan4	laan1	1	205
栐	wing5		0	205
树	syu6		0	205
栒	ceon4	seon2 seon1	1	172
栓	saan1		0	151
栔	kai3		0	147
栕	san4		0	151
栖	cai1	sai1	1	143
栗	leot6	leot2	0	134
栘	ji4		0	146
栙	hong4		0	150
栚	zam6		0	150
栛	lai6		0	148
栜	saak3		0	150
栝	gwaa1	kut3	1	144
栞	hon1		0	145
栟	ban1	bing1 ping1	1	146
栠	jam5		0	147
校	haau6	gaau3	0	107
栢	baak3		0	144
栣	jam6		0	149
栤	bing6		0	143
栥	zi1		0	147
栦	cau4		0	145
栧	jai6		0	143
栨	ci3		0	144
栩	heoi2		0	141
株	zyu1		0	127
栫	zin3		0	144
栬	zeoi3		0	145
栭	ji4		0	144
栮	ji5		0	147
栯	jau5	juk1	1	145
栰	fat6		0	149
栱	gung2		0	160
栲	haau2		0	142
栳	lou5		0	143
栴	zin1		0	144
栵	lai6		0	147
栶	jan1		0	146
样	joeng6	joeng2 joeng4	1	159
核	hat6	wat6	1	103
根	gan1		0	102
栺	ngai6	zi1 zi2	1	144
栻	cik1	sik1	1	144
格	gaak3		0	95
栽	zoi1		0	128
栾	lyun4		0	205
栿	fuk6		0	146
桀	git6		0	150
桁	haang4	hang4 hong4 hong6	0	142
桂	gwai3		0	103
桃	tou4		0	112
桄	gwong1	gwong3 waang6 kwong3	1	144
桅	ngai4	wai4	0	141
框	kwaang1	hong1	0	116
桇	jyu4		0	149
案	on3		0	99
桉	on1	on3	0	140
桊	gyun3		0	146
桋	ji4		0	150
桌	coek3	zoek3 zaau6	0	125
桍	fu1		0	150
桎	zat1	zat6	1	143
桏	kung4		0	153
桐	tung4		0	134
桑	song1		0	114
桒	song1		0	148
桓	wun4		0	114
桔	gat1	git3 kit3	0	132
桕	kau5		0	145
桖	hyut3		0	143
桗	do3		0	205
桘	ceoi4		0	151
桙	jyu4		0	153
桚	zaat3		0	205
桛	lung6		0	205
桜	jing1		0	141
桝	git6		0	148
桞	lau5		0	205
桟	zaan6		0	147
桠	aa1	ngaa1	1	205
桡	naau4	laau4 jiu4	1	205
桢	zing1		0	205
档	dong2	dong3	1	205
桤	hei2	kei1 hei1	1	205
桥	kiu4	kiu2	1	205
桦	waa4	waa6	1	205
桧	kui2	kwui2	1	205
桨	zoeng2		0	205
桩	zong1		0	205
桪	cam4		0	205
桫	so1		0	145
桬	saa1		0	148
桭	san4		0	147
桮	bui1		0	198
桯	ting1		0	146
桰	kut3		0	149
桱	ging3		0	149
桲	but6		0	146
桳	ban6		0	146
桴	fau4	fu1	1	143
桵	jeoi4		0	148
桶	tung2		0	103
桷	gok2	gok3	1	143
桸	hei1		0	146
桹	long4		0	149
桺	lau5		0	146
桻	fung1		0	148
桼	cat1		0	148
桽	wan2		0	149
桾	gwan1		0	148
桿	gon3	gon2 gon1	1	133
梀	jan3	saak3 suk1	1	148
梁	loeng4		0	92
梂	kau4		0	149
梃	ting5		0	143
梄	jau5		0	150
梅	mui4	mui2	0	97
梆	bong1		0	138
梇	lung6		0	151
梈	paang1		0	149
梉	zong1		0	149
梊	dai3	dai6	1	151
梋	hyun1		0	150
梌	tou4		0	149
梍	zou6		0	149
梎	au1		0	153
梏	gok3	guk1	1	144
梐	bai6		0	149
梑	dik6		0	149
梒	ham4		0	148
梓	zi2		0	125
梔	zi1		0	140
梕	jan6		0	147
梖	bui3		0	147
梗	gang2	gwaang2	0	98
梘	gaan2		0	140
梙	waan6		0	152
梚	maan5		0	146
梛	no4		0	146
梜	gaap3	zit6	1	149
條	tiu4		0	72
梞	gei6		0	149
梟	hiu1		0	134
梠	leoi5		0	146
梡	fun2		0	147
梢	saau1		0	142
梣	sam4	zam1	1	146
梤	fan4		0	149
梥	cung4		0	149
梦	mung6		0	205
梧	ng4	ng6	1	130
梨	lei4		0	119
梩	lei4		0	147
梪	dau6		0	148
梫	caam1	cam2 cam1	1	147
梬	jing5		0	150
梭	so1		0	131
梮	guk1	guk6	1	148
梯	tai1	tai2	0	114
械	haai6		0	135
梱	kwan2		0	198
梲	jeoi6	zyut3 tyut3	1	146
梳	so1		0	94
梴	cin1		0	149
梵	faan6	faan4	1	121
梶	mei5		0	142
梷	zing6		0	152
梸	lei4		0	151
梹	ban1		0	148
梺	haa6		0	144
梻	fat6		0	205
梼	tou4		0	205
梽	zi3		0	205
梾	loi4		0	205
梿	lin4	lin2	1	205
检	gim2		0	205
棁	zyut3		0	146
棂	ling4		0	205
棃	lei4		0	146
棄	hei3		0	117
棅	beng3	bing3	1	149
棆	leon4		0	147
棇	cung1		0	149
棈	sin3		0	145
棉	min4		0	120
棊	kei4		0	194
棋	kei4		0	114
棌	coi3		0	144
棍	gwan3		0	101
棎	sim4		0	146
棏	dak6		0	142
棐	fei2		0	145
棑	paai4		0	160
棒	paang5		0	100
棓	bui6	paang5 pui5 pui4 paan5 pau2	1	145
棔	fan1		0	148
棕	zung1		0	142
棖	caang4		0	142
棗	zou2		0	125
棘	gik1	kik1	0	132
棙	lai6	lit6	1	149
棚	paang4		0	112
棛	juk6		0	152
棜	jyu3		0	149
棝	gu3		0	146
棞	wan4		0	151
棟	dung6	dung3	0	106
棠	tong4		0	122
棡	gong1	gong3	1	191
棢	mong5		0	150
棣	dai6		0	128
棤	coek3	sik1	1	145
棥	faan4		0	149
棦	caang1	zaang1 zang1	1	147
棧	zaan6	zaan2	0	132
棨	kai2		0	145
棩	jyun1		0	143
棪	jim5		0	146
棫	wik6		0	145
棬	gyun3	hyun1	1	144
棭	jik6		0	148
森	sam1		0	113
棯	nim1	nim6 nin2	1	147
棰	ceoi4	zeoi1	1	141
棱	ling4		0	140
棲	cai1	sai1	0	139
棳	zyut3		0	148
棴	fuk6	suk1	1	145
棵	po1	fo2	1	97
棶	loi4		0	145
棷	sau2	zau1	1	148
棸	zau1		0	147
棹	coek3	zaau6 zoek3	1	141
棺	gun1		0	121
棻	fan1		0	144
棼	fan1	fan4	1	144
棽	cam1	cam4 sam1	1	146
棾	king4		0	150
棿	ngai4		0	144
椀	wun2		0	144
椁	gwok3		0	152
椂	luk6		0	144
椃	hou4		0	148
椄	zip3		0	144
椅	ji2	ji1	0	110
椆	cau4	diu1 zau3	1	146
椇	geoi2		0	145
椈	guk1		0	144
椉	sing4	sing6	1	150
椊	cyut3	zyut6	1	148
椋	loeng4		0	141
椌	hong1		0	146
植	zik6		0	125
椎	zeoi1	ceoi4	0	136
椏	aa1	ngaa1 ngaa6	0	140
椐	geoi1		0	142
椑	bei1	pei4 pik1	1	145
椒	ziu1		0	126
椓	doek3		0	147
椔	zi1		0	150
椕	ban1		0	150
椖	paang4		0	205
椗	ding3		0	153
椘	co2		0	146
椙	coeng1		0	148
椚	haan4		0	144
椛	waa4		0	143
検	gim2		0	143
椝	kwai1		0	205
椞	sap1		0	152
椟	duk6		0	205
椠	cim3		0	205
椡	dou3		0	143
椢	gui3		0	151
椣	din2		0	149
椤	lo4		0	205
椥	zi1		0	143
椦	hyun1		0	150
椧	ming6		0	205
椨	fu2		0	147
椩	gang1		0	205
椪	pung3		0	146
椫	sin6	zin2	1	205
椬	ji4		0	205
椭	to5		0	205
椮	sam1		0	149
椯	cyun4	do2 syun4	1	150
椰	je4		0	122
椱	fuk6		0	149
椲	fai1	wai5	1	151
椳	wui1		0	149
椴	dyun6		0	141
椵	gaa1	gaa2	1	147
椶	zung1		0	150
椷	gaam1		0	148
椸	ji4		0	147
椹	zam1	sam6 zam3	0	143
椺	hat6		0	150
椻	jin2		0	149
椼	jin2	jin5	1	146
椽	cyun4	jyun4	0	141
椾	zin1		0	144
椿	ceon1		0	152
楀	jyu5		0	143
楁	haak6	hat6	1	143
楂	zaa1	caa4	0	93
楃	ak1		0	144
楄	pin4		0	164
楅	bik1		0	145
楆	jiu1		0	144
楇	go2	gwo2	1	147
楈	seoi1		0	152
楉	joek6		0	147
楊	joeng4		0	83
楋	laat6		0	145
楌	ngaan4		0	150
楍	bun2		0	147
楎	fai1	wan4	1	150
楏	fui1	kwai1	1	151
楐	gaai3		0	145
楑	kwai4	kwai5	1	151
楒	si1		0	147
楓	fung1		0	126
楔	sit3		0	160
楕	to5		0	149
楖	zat1	zit3 zik1	1	148
楗	gin6		0	144
楘	mou6	muk6	1	148
楙	mau6		0	191
楚	co2		0	97
楛	fu2	wu6	1	143
楜	wu4		0	148
楝	lin6		0	153
楞	ling4	ling6	0	120
楟	ting4		0	147
楠	naam4		0	117
楡	jyu4		0	147
楢	jau4		0	144
楣	mei4		0	140
楤	sung2		0	145
楥	hyun3	jyun4	1	148
楦	hyun3		0	142
楧	joeng1		0	149
楨	zing1		0	138
楩	pin4		0	145
楪	dip6	jip6	1	146
楫	zip3		0	142
楬	git6	hat6 kit3 hap1 hat1	1	147
業	jip6		0	100
楮	cyu2	cyu5	1	141
楯	seon5	teon5	1	144
楰	jyu4		0	149
楱	cau3		0	145
楲	wai1		0	148
楳	mui4		0	145
楴	dai3	tai3 sai3	1	147
極	gik6		0	93
楶	zit3		0	147
楷	kaai2	gaai1	0	151
楸	cau1		0	141
楹	jing4		0	140
楺	jau2	jau4	1	149
楻	hang4	wong4	1	149
楼	lau4	lau2	1	205
楽	lok6		0	139
楾	cyun4		0	151
楿	hoeng1		0	205
榀	ban2		0	143
榁	sat1		0	149
概	koi3	goi3	0	122
榃	dam4	taan4	1	147
榄	laam5	laam2	1	205
榅	wan1	wat1	1	146
榆	jyu4		0	136
榇	can3		0	205
榈	leoi4	leoi3	1	205
榉	geoi2		0	205
榊	san4		0	142
榋	song1		0	205
榌	fei1		0	205
榍	sit3		0	143
榎	gaa2		0	144
榏	jik6		0	149
榐	cin2	zin2 nin6 zan6	1	205
榑	fu4		0	148
榒	lik1	nik1	1	152
榓	mat6		0	148
榔	long4		0	139
榕	jung4		0	133
榖	guk1		0	143
榗	zeon3	zin3	1	152
榘	geoi2		0	173
榙	daap3	hap6	1	150
榚	jiu5		0	147
榛	zeon1		0	140
榜	bong2	pong3 bong3 pang4	0	113
榝	saat3		0	148
榞	jyun4		0	148
榟	zi2		0	148
榠	ming4		0	147
榡	sou3		0	150
榢	gaa3		0	147
榣	jiu4		0	148
榤	git6		0	147
榥	fong2		0	148
榦	gon3	hon4	1	142
榧	fei2		0	142
榨	zaa3		0	132
榩	kin4		0	152
榪	maa5	maa6	1	141
榫	seon2		0	141
榬	jyun4		0	150
榭	ze6		0	153
榮	wing4		0	96
榯	si4		0	145
榰	zi1		0	151
榱	ceoi1	seoi1	1	142
榲	wan1	wat1	1	146
榳	ting4		0	150
榴	lau4		0	136
榵	jung4		0	153
榶	tong4		0	146
榷	kok3	gok3	0	141
榸	zaai1		0	152
榹	si1		0	152
榺	sing3		0	150
榻	taap3		0	148
榼	hap1	hap6	1	146
榽	haai4	hai4	1	152
榾	gwat1		0	147
榿	hei1	hei2 kei1	1	143
槀	gou2		0	148
槁	gou2		0	142
槂	san1	syun1	1	153
槃	pun4		0	159
槄	tou1		0	146
槅	gaak3		0	146
槆	seon1		0	153
槇	din1		0	143
槈	lau6	nau6	1	147
槉	zat6		0	151
槊	sok3		0	142
構	kau3	gau3	1	133
槌	ceoi4		0	139
槍	coeng1		0	91
槎	caa4		0	140
槏	lim4		0	151
槐	waai4		0	135
槑	mui4		0	142
槒	cuk1		0	151
槓	gung3	lung5 gong3	0	129
槔	gou1		0	142
槕	zoek3		0	148
槖	tok3		0	149
槗	kiu4		0	146
様	joeng4		0	140
槙	can2	zan2	1	144
槚	gaa2		0	205
槛	laam6	haam5 kaam5	1	205
槜	zeoi3		0	178
槝	dou2		0	145
槞	lung4		0	148
槟	ban1		0	205
槠	zyu1		0	205
槡	song1		0	148
槢	zaap6		0	147
槣	gei1		0	150
槤	lin4		0	144
槥	seoi6	wai6	1	149
槦	jung4		0	145
槧	cim3	cim5	1	144
槨	gwok3		0	142
槩	koi3		0	147
槪	koi3		0	142
槫	tyun4		0	148
槬	waa6		0	147
槭	cik1	saak3 zuk1	1	141
槮	sam1	sam2	1	147
槯	ceoi4		0	150
槰	bung6		0	150
槱	jau5		0	147
槲	huk6		0	142
槳	zoeng2		0	145
槴	wu6		0	147
槵	waan6		0	148
槶	kui3		0	151
槷	jit6	sit3	1	150
槸	ngai6		0	143
槹	gou1		0	149
槺	hong1		0	147
槻	kwai1		0	144
槼	kwai1		0	146
槽	cou4		0	124
槾	maan4	maan6	1	148
槿	gan2		0	138
樀	dik1		0	148
樁	zong1		0	123
樂	lok6	ngok6 ngaau6	1	94
樃	long5		0	149
樄	can4		0	147
樅	cung1	zung1	0	142
樆	ci1	lei4	1	147
樇	sau1		0	150
樈	king4		0	151
樉	song2		0	146
樊	faan4	faan6	0	124
樋	tung1		0	143
樌	gun3		0	149
樍	zaak3	zik1	1	151
樎	suk1		0	147
樏	leoi4		0	149
樐	lou5		0	149
樑	loeng4		0	115
樒	mat6		0	148
樓	lau4	lau2	0	91
樔	caau4	ziu2	1	150
樕	cuk1		0	148
樖	po1		0	129
樗	syu1		0	142
樘	tong4		0	142
標	biu1		0	103
樚	luk6		0	152
樛	gau1	kau1	1	146
樜	ze3		0	150
樝	caa4	zaa1	1	149
樞	syu1		0	138
樟	zoeng1		0	138
樠	mun4		0	148
模	mou4	mou2	0	116
樢	niu5		0	146
樣	joeng6	joeng2	0	79
樤	tiu4		0	148
樥	pung4		0	152
樦	cyu5		0	149
樧	saat3		0	148
樨	sai1		0	144
権	kyun4		0	143
横	waang4	waang6	1	153
樫	gin1		0	145
樬	sung2		0	153
樭	kei4		0	205
樮	jim5		0	150
樯	coeng4		0	205
樰	syut3		0	145
樱	jing1		0	205
樲	ji6		0	148
樳	cam4		0	150
樴	dak6	zik1	1	149
樵	ciu4		0	132
樶	zeoi1		0	143
樷	cung4		0	148
樸	pok3	buk6 buk1	0	123
樹	syu6		0	85
樺	waa4	waa6	0	136
樻	gwai6		0	143
樼	zeon1		0	144
樽	zeon1		0	99
樾	jyut6		0	140
樿	sin6	zin2	1	145
橀	hei1	hoi2	1	145
橁	ceon1		0	147
橂	din6		0	145
橃	fat6		0	145
橄	gam2	gaam3	0	141
橅	mou4		0	149
橆	mou4		0	144
橇	hiu1	ceoi3 zyut3	0	140
橈	naau4	jiu4 ling4 naau6	0	141
橉	leon6		0	150
橊	lau4		0	147
橋	kiu4		0	98
橌	haan5		0	148
橍	jeon6		0	149
橎	faan2		0	152
橏	gin2	zin2	1	152
橐	tok3	lok6	0	141
橑	liu4	lou5	1	148
橒	wan4		0	147
橓	seon3		0	145
橔	deon1		0	150
橕	caang1		0	153
橖	tong4		0	148
橗	mang4		0	148
橘	gwat1	gat1	0	136
橙	caang2		0	101
橚	suk1		0	146
橛	kyut3	gyut6 kyut6	0	134
橜	kyut3		0	152
橝	taam4		0	148
橞	wai6		0	147
機	gei1		0	91
橠	no4	no5	1	151
橡	zoeng6		0	133
橢	to5	to2	0	141
橣	ning5		0	151
橤	jeoi5		0	148
橥	zyu1		0	205
橦	cong4	tung4	1	187
橧	zang1		0	147
橨	fan4	fan5	1	152
橩	king4		0	153
橪	jim5	jin4	1	145
橫	waang4	gwong1	0	102
橬	cim4		0	152
橭	fu1	gu1	1	150
橮	lau5		0	153
橯	lou6		0	149
橰	gou1		0	151
橱	ceoi4	cyu4	1	161
橲	hei2		0	150
橳	sing3		0	152
橴	zi2		0	205
橵	saan3		0	205
橶	gik1		0	152
橷	dau1		0	205
橸	zing1		0	145
橹	lou5		0	205
橺	gaan3		0	205
橻	cau2		0	205
橼	jyun4		0	205
橽	taat3		0	149
橾	ciu1	syu1 sou1	1	147
橿	goeng1		0	147
檀	taan4		0	136
檁	lam5		0	143
檂	lung4	nung4	1	152
檃	jan2		0	146
檄	hat6		0	142
檅	seoi6	wai6	1	151
檆	caam3		0	149
檇	kwai4	zeoi3	1	147
檈	syun4		0	147
檉	cing1		0	144
檊	gon1		0	148
檋	guk6		0	149
檌	zeoi6		0	145
檍	jik1		0	148
檎	kam4		0	143
檏	pok3		0	150
檐	jam4	jim4 sim4	1	136
檑	leoi4	leoi6	1	144
檒	fung1		0	145
檓	wai2		0	147
檔	dong3	dong2	0	108
檕	hai6		0	149
檖	seoi6		0	150
檗	baak3	paak3	1	145
檘	ping4		0	153
檙	caang4		0	149
檚	co2		0	145
檛	zaa1		0	147
檜	kui2	kui3	0	128
檝	zip3		0	147
檞	gaai2	haai5	1	144
檟	gaa2		0	145
檠	king4		0	141
檡	sik1	tou4 zaak6	1	149
檢	gim2		0	121
檣	coeng4		0	141
檤	dou6		0	141
檥	ngai5		0	149
檦	biu2		0	148
檧	sung1		0	149
檨	ce1		0	150
檩	lam5		0	205
檪	lik1		0	150
檫	caat3		0	141
檬	mung1	mung4	0	144
檭	ngan4		0	147
檮	tou4		0	147
檯	toi2	toi4	0	99
檰	min4		0	144
檱	kei4		0	149
檲	tyun4		0	148
檳	ban1	bing1	0	138
檴	wok6		0	151
檵	gai3		0	145
檶	him1		0	150
檷	lai5	nai5 nei5	1	191
檸	ning4	ling4	0	142
檹	ji1		0	151
檺	gou2		0	144
檻	haam5	laam6 kaam5	1	138
檼	jan2		0	148
檽	nau6		0	146
檾	gwing2		0	140
檿	jim2		0	148
櫀	kei4		0	150
櫁	mat6		0	147
櫂	zaau6		0	177
櫃	gwai6	geoi2	0	108
櫄	ceon1		0	147
櫅	zai1		0	150
櫆	fui1		0	147
櫇	po4		0	151
櫈	dang3		0	144
櫉	ceoi4		0	205
櫊	gok3		0	205
櫋	min4		0	150
櫌	jau1		0	145
櫍	zat1		0	149
櫎	fong2		0	146
櫏	cin1		0	149
櫐	leoi5		0	198
櫑	leoi4	leoi5	1	147
櫒	saat3		0	145
櫓	lou5		0	140
櫔	lai6		0	145
櫕	cyun4		0	145
櫖	leoi6		0	151
櫗	mit6		0	152
櫘	seoi6		0	146
櫙	au1		0	146
櫚	leoi4	leoi3	0	140
櫛	zit3		0	141
櫜	gou1		0	147
櫝	duk6		0	143
櫞	jyun4		0	143
櫟	joek6	lik1 lik6 ngok6	1	139
櫠	fai3		0	147
櫡	zoek3	zyu6	1	150
櫢	sau2		0	152
櫣	lin4		0	147
櫤	zin3		0	148
櫥	cyu4	ceoi4 cyu1	0	138
櫦	hing3		0	205
櫧	zyu1		0	143
櫨	lou4		0	142
櫩	jim4		0	150
櫪	lik1	lik6	1	142
櫫	zyu1		0	142
櫬	can3		0	143
櫭	git6		0	148
櫮	ngok6		0	152
櫯	sou1		0	149
櫰	waai4		0	150
櫱	baak3	jit6 jip6 paak3	1	141
櫲	jyu6		0	152
櫳	lung4		0	142
櫴	laai6		0	149
櫵	ciu4		0	205
櫶	hin2		0	151
櫷	gwai1		0	205
櫸	geoi2		0	141
櫹	siu1		0	149
櫺	ling4		0	142
櫻	jing1		0	137
櫼	cim1	zim1	1	150
櫽	jan2		0	148
櫾	jau2	jau6 jau4	1	151
櫿	jing4		0	151
欀	soeng1		0	149
欁	lung4	nung4	1	154
欂	bok3	bok6	1	148
欃	caam4		0	148
欄	laan4		0	115
欅	geoi2		0	205
欆	soeng1		0	148
欇	sip3		0	149
欈	wai4	zeoi3	1	152
欉	cung3	cung4	1	147
權	kyun4		0	96
欋	keoi4		0	148
欌	cong4		0	148
欍	kau5		0	205
欎	wat1		0	205
欏	lo4		0	140
欐	lai6		0	144
欑	cyun4		0	144
欒	lyun4		0	137
欓	dong2		0	145
欔	fok3		0	150
欕	jim4		0	205
欖	laam5	laam2	0	131
欗	laan4		0	148
欘	zuk1		0	151
欙	leoi4		0	146
欚	lai5		0	152
欛	baa3		0	150
欜	nong4		0	153
欝	wat1		0	149
欞	ling4		0	157
欟	gun1		0	147
欠	him3		0	110
次	ci3		0	75
欢	fun1		0	205
欣	jan1		0	104
欤	jyu4		0	205
欥	jat6	jyut6	1	145
欦	him1		0	149
欧	au1	ngau1 au2 ngau2	1	205
欨	heoi2		0	153
欩	ciu1		0	152
欪	ceot1		0	148
欫	kik1		0	151
欬	haai1	kat1 hoi4 koi3	1	146
欭	jan1	ji3	1	150
欮	kyut3		0	149
欯	hat1	koi3	1	151
欰	seot1		0	151
欱	hap1	hap6 hot3	1	148
欲	juk6		0	101
欳	faai3		0	151
欴	long4		0	148
欵	fun2		0	147
欶	cuk1	sok3	1	149
欷	hei1		0	143
欸	e6	ei6 ei3 oi1 aai2 ai2 oi2	1	125
欹	ji1	kei1	1	142
欺	hei1		0	116
欻	caa3	fat1 caat3 cuk1	1	145
欼	zyut3		0	151
欽	jam1		0	125
款	fun2		0	99
欿	ham2		0	149
歀	fun2		0	146
歁	ham2	ham3	1	147
歂	cyun2	cyun4 syun4	1	149
歃	saap3	sip3	0	145
歄	gwaa1		0	153
歅	jan1		0	146
歆	jam1		0	138
歇	hit3		0	126
歈	jyu4		0	148
歉	hip3	him3	0	128
歊	hiu1		0	148
歋	je4	ji4	1	152
歌	go1		0	85
歍	wu1		0	148
歎	taan3		0	131
歏	gan6		0	152
歐	au1		0	105
歑	fu1		0	153
歒	tik1		0	153
歓	fun1		0	143
歔	heoi1		0	144
歕	fan5	pan3 pan1	1	151
歖	hei2		0	145
歗	siu3		0	149
歘	caat3	fat1	1	146
歙	kap1	sip3 hap1 jap1	0	142
歚	sin6		0	205
歛	lim5	lim6	1	149
歜	cuk1		0	148
歝	jik6		0	151
歞	ngap6		0	151
歟	jyu4		0	141
歠	cyut3	zyut3	1	147
歡	fun1		0	106
止	zi2		0	102
正	zing3	zing1 zeng3	1	79
此	ci2		0	93
步	bou6	fau6	0	94
武	mou5		0	88
歧	kei4		0	133
歨	bou6		0	145
歩	bou6		0	140
歪	waai1	me2	1	111
歫	geoi6		0	147
歬	cin4		0	153
歭	ci4	zi6	1	144
歮	gip3		0	147
歯	ci2		0	144
歰	saap3		0	147
歱	zung2		0	151
歲	seoi3		0	82
歳	seoi3		0	142
歴	lik6		0	160
歵	zaak6		0	152
歶	jyu4		0	152
歷	lik6		0	111
歸	gwai1		0	98
歹	daai2	aat3 ngaat6	0	131
歺	aat3	ngaat6	1	145
死	sei2	si2	0	71
歼	cim1		0	205
歽	zit3		0	152
歾	man5	mut6	1	148
歿	mut6		0	141
殀	jiu2		0	198
殁	mut6		0	205
殂	cou4		0	143
殃	joeng1		0	134
殄	tin5		0	142
殅	sang1		0	146
殆	toi5	doi6	0	140
殇	soeng1		0	205
殈	gwik1		0	145
殉	seon1	seon6	0	135
殊	syu4		0	126
残	caan4		0	205
殌	kyut3		0	151
殍	piu5		0	145
殎	hap1		0	149
殏	kau4		0	147
殐	suk1		0	150
殑	cing4	king4 ging6	1	140
殒	wan5		0	205
殓	lim5	lim6	1	205
殔	ji6		0	154
殕	ak1	fau2 baak6 fu2	1	147
殖	zik6		0	137
殗	jip3		0	146
殘	caan4		0	109
殙	fan1		0	145
殚	daan1		0	205
殛	gik1		0	153
殜	dip6	jip6	1	147
殝	zeon1		0	150
殞	wan5		0	158
殟	wan1		0	150
殠	cau3		0	144
殡	ban3		0	205
殢	tai3		0	145
殣	gan2	gan6	1	147
殤	soeng1		0	136
殥	jan4		0	152
殦	diu1		0	150
殧	zau6	zuk1	1	144
殨	kui2		0	205
殩	cyun3		0	148
殪	ai3	ji3	1	144
殫	daan1		0	142
殬	dou3		0	153
殭	goeng1		0	160
殮	lim5	lim6	0	142
殯	ban3		0	132
殰	duk6		0	173
殱	cim1		0	151
殲	cim1		0	135
殳	syu4		0	142
殴	au2	ngau2 au1 ngau1	1	205
段	dyun6		0	85
殶	zyu3		0	151
殷	jan2	jan1 jin1 aan1	1	115
殸	hing3		0	144
殹	ai3		0	149
殺	saat3		0	78
殻	hok3		0	134
殼	hok3		0	112
殽	haau6	ngaau4	1	164
殾	seon3		0	150
殿	din6		0	101
毀	wai2		0	115
毁	wai2		0	160
毂	guk1	gu1 gwu1	1	205
毃	haau1	kok3	1	148
毄	gik1	hek3	1	149
毅	ngai6		0	116
毆	au2	au1	0	129
毇	wai2		0	147
毈	dyun6		0	151
毉	ji1		0	148
毊	hiu1	kiu4	1	146
毋	mou4		0	131
毌	gun3		0	194
母	mou5		0	100
毎	mui5		0	141
每	mui5		0	78
毐	aai2	oi2	1	143
毑	ze2		0	145
毒	duk6	dou6	0	91
毓	juk1	juk6	0	144
比	bei2	bei6	0	69
毕	bat1		0	205
毖	bei3		0	142
毗	pei4	bei2	0	139
毘	bei2	pei4	1	143
毙	bai6		0	205
毚	caam4		0	146
毛	mou4		0	96
毜	hou4		0	205
毝	coi2		0	205
毞	pei4		0	145
毟	siu2		0	149
毠	gaa1		0	150
毡	zin1		0	205
毢	soi1		0	149
毣	muk6		0	146
毤	to3		0	152
毥	seon1		0	152
毦	ji6	nei6	1	145
毧	jung2	jung4	1	150
毨	sin2		0	149
毩	guk1		0	150
毪	mau4		0	145
毫	hou4		0	119
毬	kau4		0	142
毭	dau6		0	149
毮	caau1		0	205
毯	taan2	taam2	0	144
毰	pui4		0	151
毱	guk1		0	149
毲	zyut3		0	152
毳	ceoi3	zyut3	1	144
毴	bei1		0	150
毵	saam1		0	205
毶	saam1		0	205
毷	mou6		0	148
毸	seoi1	soi1	1	150
毹	jyu4	syu1	1	146
毺	jyu4	syu1	1	153
毻	teoi3	to3	1	153
毼	hot3	hot6	1	150
毽	jin2	gin3	0	142
毾	taap3		0	150
毿	saam1		0	144
氀	leoi4		0	147
氁	mou4		0	152
氂	lei4	mou4	1	146
氃	tung4		0	151
氄	jung2	jung5	1	150
氅	cong2		0	143
氆	pou2		0	148
氇	lou5		0	205
氈	zin1		0	131
氉	cou3	sou3	1	150
氊	zin1		0	148
氋	mung4		0	152
氌	lou5		0	145
氍	keoi4		0	146
氎	dip6		0	205
氏	si6	zi1	0	99
氐	dai1	dai2	0	160
民	man4		0	94
氒	kyut3		0	151
氓	man4	maang4 mang4 mong4 mong5	0	140
气	hei3		0	205
氕	pit3		0	145
氖	naai5		0	139
気	hei3		0	145
氘	dou1		0	142
氙	sin1		0	143
氚	cyun1		0	142
氛	fan1		0	135
氜	joeng4		0	142
氝	noi6		0	147
氞	bing2		0	205
氟	fat1		0	134
氠	san1		0	148
氡	dung1		0	141
氢	hing1		0	205
氣	hei3		0	85
氤	jan1		0	142
氥	sai1		0	146
氦	hoi6		0	139
氧	joeng5		0	131
氨	on1		0	134
氩	aa3	ngaa3	1	205
氪	hak1		0	141
氫	hing1		0	139
氬	aa3		0	140
氭	dung1		0	144
氮	daam6		0	144
氯	luk6		0	134
氰	cing1	cing4	0	138
氱	joeng4		0	144
氲	wan1		0	178
氳	wan1		0	140
水	seoi2		0	77
氵	seoi2		0	140
氶	cing2	sing4 zing3	1	144
氷	bing1		0	141
永	wing5		0	102
氹	tam5	tam3 dam4	0	104
氺	seoi2		0	205
氻	lak6		0	144
氼	nik6		0	144
氽	cyun1	tan1	1	140
氾	faan3	faan4	0	142
氿	gau2	gwai2	1	144
汀	ding1	ting1	0	134
汁	zap1		0	101
求	kau4		0	92
汃	ban1	paak3	1	148
汄	zak1		0	147
汅	min5		0	150
汆	cyun1	mei6 tan2	1	151
汇	wui6		0	205
汈	diu1		0	205
汉	hon3		0	198
汊	caa3		0	141
汋	coek3	joek6 zoek3	1	146
汌	cyun3	zyun6	1	146
汍	jyun4		0	191
汎	faan3	faan4	1	138
汏	daai6	taai3	1	141
汐	zik6		0	136
汑	tok3		0	151
汒	mong4		0	145
汓	cau4		0	148
汔	hat1	ngat6	1	143
汕	saan3		0	140
汖	pan3		0	149
汗	hon6	hon4	0	100
汘	cim4		0	148
汙	waa1	wu1	1	153
汚	wu1		0	160
汛	seon3		0	140
汜	ci5		0	141
汝	jyu5		0	133
汞	gung3	hung3 hung6	0	136
江	gong1		0	88
池	ci4		0	99
污	wu1		0	121
汢	tou2		0	145
汣	gwai2		0	205
汤	tong1	soeng1 tong3 joeng4	1	205
汥	kei3	zi1	1	146
汦	zi2		0	149
汧	hin1		0	144
汨	mik6		0	142
汩	gwat1	wat6	0	143
汪	wong1		0	110
汫	zeng2		0	147
汬	zing6		0	148
汭	jeoi6		0	144
汮	gwan1		0	148
汯	wang4		0	147
汰	taai3		0	152
汱	gyun2		0	149
汲	kap1		0	139
汳	bin6		0	149
汴	bin6		0	128
汵	gam3		0	148
汶	man4	man6	0	133
汷	zung1		0	151
汸	fong1	pong4	1	143
汹	hung1		0	159
決	kyut3		0	110
汻	fu2	gon1 hong5	1	143
汼	ngau4		0	145
汽	hei3		0	128
汾	fan4		0	137
汿	zeoi6		0	151
沀	zeoi6		0	154
沁	sam3		0	133
沂	ji4		0	138
沃	juk1		0	129
沄	wan4		0	145
沅	jyun4		0	139
沆	hong4	hong6	0	143
沇	jin5		0	146
沈	sam2		0	105
沉	cam4	zam6	0	102
沊	dam2		0	145
沋	jau4		0	144
沌	deon6	cyun5	0	144
沍	wu6		0	198
沎	fo3		0	151
沏	cai1	cai3 cit3 keoi1	1	140
沐	muk6		0	126
沑	nuk6		0	147
沒	mut6		0	92
沓	daap6		0	122
沔	min5		0	142
沕	mat6		0	144
沖	cung1		0	81
沗	tim1		0	150
沘	bei2		0	146
沙	saa1		0	92
沚	zi2		0	144
沛	pui3		0	120
沜	pun3		0	148
沝	ceoi4	zeoi2	1	145
沞	zaap3		0	153
沟	kau1	gau1	1	181
沠	paai3		0	151
没	mut6		0	153
沢	zaak6		0	141
沣	fung1		0	205
沤	au3	ngau3 au1 ngau1	1	205
沥	lik6	lik1 lek6	1	205
沦	leon4		0	205
沧	cong1		0	205
沨	fung1	fung4	1	205
沩	gwai1		0	205
沪	wu6		0	205
沫	mut6	mut3	1	130
沬	mui6		0	160
沭	seot6		0	142
沮	zeoi1	zeoi2 zeoi3 ceoi1 zeoi6	0	140
沯	zaat3		0	152
沰	tok3		0	150
沱	to4		0	139
沲	to4		0	145
河	ho4		0	94
沴	lai6	leoi6	1	144
沵	leoi6	mei4 mei5 nei4	1	139
沶	ci4	ji4 si6	1	147
沷	faat3	fat3	1	146
沸	fai3	fat1	0	136
油	jau4		0	94
沺	tin4		0	146
治	zi6	ci4	0	104
沼	ziu2		0	133
沽	gu1	gu2 gu3	0	133
沾	zim1	tip3	0	117
沿	jyun4		0	115
泀	si1		0	149
況	fong3		0	126
泂	gwing2		0	145
泃	gau1	keoi1 geoi3	1	146
泄	sit3	jai6	0	122
泅	cau4	jau4	0	142
泆	jat6		0	145
泇	gaa1		0	145
泈	zung1		0	150
泉	cyun4		0	111
泊	paak3	bok6 baak3	0	121
泋	wai3		0	149
泌	bei3	bat6 bai3 bat1	0	139
泍	ban1	ban6	1	145
泎	zaak6		0	150
泏	fat1	zeot1 zyut3	1	151
泐	lak6		0	143
泑	jau2	jau3	1	147
泒	gu1		0	147
泓	wang4		0	137
泔	gam1		0	142
法	faat3		0	85
泖	maau5		0	142
泗	si3	sei3	0	137
泘	fu1		0	145
泙	paang1		0	145
泚	cai2	ci2	1	142
泛	faan6	faan3	1	123
泜	ci4	zi6 zi1	1	148
泝	sou3		0	146
泞	ning6		0	159
泟	zaa1		0	147
泠	ling4		0	160
泡	pou5	paau1 paau3 paau4	1	108
波	bo1		0	87
泣	jap1		0	128
泤	ci5		0	147
泥	nai4		0	103
泦	guk1		0	145
泧	jyut6	kut3 wut6	1	149
注	zyu3		0	119
泩	sang1		0	141
泪	leoi6		0	138
泫	jyun5		0	142
泬	hyut3	kyut3 jyut6	1	147
泭	fu1		0	146
泮	pun3	bun6	0	139
泯	man5		0	146
泰	taai3		0	108
泱	joeng1	ong1	0	140
泲	zai2	zai3 zi2	1	147
泳	wing6		0	119
泴	gun3		0	149
泵	bam1		0	127
泶	hok6		0	205
泷	lung4	soeng1	1	205
泸	lou4		0	205
泹	daan6		0	142
泺	lok6	bok6 lik1	1	205
泻	se3	se2	1	205
泼	put3	but3	1	205
泽	zaak6	sik1	1	205
泾	ging1		0	205
泿	ngan4		0	149
洀	pun4	zau1	1	145
洁	git3		0	160
洂	jik6		0	146
洃	fui1		0	144
洄	wui4		0	142
洅	zoi3		0	141
洆	sing4		0	150
洇	jan1		0	141
洈	gwai2	ngai4	1	145
洉	hau6		0	145
洊	zin3	zin6	1	143
洋	joeng4		0	112
洌	lit6		0	141
洍	ci5	ji4	1	148
洎	gei3	gei6 kei3	1	141
洏	ji4		0	142
洐	hang4		0	145
洑	fu3	fuk6 fu4	1	144
洒	ceoi1	saa2 sai2 sin2	1	205
洓	saak3		0	145
洔	zi2		0	152
洕	jan5		0	149
洖	ng4		0	145
洗	sai2	sin2	0	76
洘	haau2		0	145
洙	syu4	zyu1	1	138
洚	gong3	hung4 hong4	1	145
洛	lok6	lok3	0	106
洜	lok3		0	146
洝	aan3	on3 aat3	1	146
洞	dung6		0	94
洟	ji4	tai3	1	183
洠	maau4	mau4	1	148
洡	leoi6		0	150
洢	ji1		0	144
洣	mai5		0	143
洤	cyun4		0	144
津	zeon1		0	118
洦	paak3		0	147
洧	fui2	wai5	1	140
洨	haau4	ngaau4	1	146
洩	sit3	jai6	0	127
洪	hung4		0	96
洫	gwik1	kwik1	0	143
洬	sok3	suk1	1	147
洭	hong1		0	148
洮	tou4	jiu4 tou1	0	141
洯	git3	kit3	1	144
洰	geoi6		0	144
洱	ji5	nei5 nei2	0	139
洲	zau1		0	107
洳	jyu6		0	141
洴	ping4		0	147
洵	hyun3	seon1	1	140
洶	hung1		0	139
洷	dit6	zat6 zi3	1	149
洸	gwong1		0	160
洹	wun4	jyun4	0	141
洺	ming4		0	142
活	wut6	kut3	0	98
洼	gwai1	waa1	1	205
洽	hap1	hap6 ap1 haap6	0	154
派	paai3		0	82
洿	wu1		0	144
浀	kuk1		0	144
流	lau4		0	89
浂	jat6		0	149
浃	zip3	gaap3	1	205
浄	zeng6	zing6	1	144
浅	cin2	zin1	1	205
浆	zoeng1		0	205
浇	hiu1	giu1 ngou6 ou6	1	205
浈	zing1		0	205
浉	si1		0	205
浊	zuk6		0	198
测	cak1	caak1	1	205
浌	fat6		0	205
浍	kui2	kwui2	1	205
济	zai3	zai2	1	205
浏	lau4		0	205
浐	caan2		0	205
浑	wan4	wan6	1	205
浒	wu2	heoi2	1	205
浓	nung4	lung4	1	205
浔	cam4		0	205
浕	zeon6		0	205
浖	lyut6		0	149
浗	kau4		0	142
浘	mei5		0	144
浙	zit3		0	128
浚	zeon3	seon3	0	145
浛	ham4		0	145
浜	bong1	ban1	0	130
浝	mong4		0	153
浞	zok6	zuk1	1	142
浟	dik6	jau4	1	146
浠	hei1		0	140
浡	but6		0	145
浢	dau6		0	146
浣	wun2		0	137
浤	wang4		0	146
浥	aap3	jap1	1	143
浦	pou2	pou4	0	120
浧	cing2	jing5	1	148
浨	lam5		0	149
浩	hou6		0	101
浪	long6	long4	0	103
浫	hon2		0	149
浬	lei5		0	187
浭	gaang3	gang1	1	143
浮	fau4		0	108
浯	ng4		0	142
浰	lei6	lin6	1	147
浱	seon4		0	149
浲	fung4		0	150
浳	jik6		0	151
浴	juk6		0	126
浵	tung4		0	145
浶	lou4		0	152
海	hoi2		0	87
浸	zam3	cam1	0	101
浹	gaap3	zip3	1	144
浺	cung1		0	147
浻	gwing2		0	148
浼	mui5		0	141
浽	neoi5	seoi1	1	151
浾	zaa1		0	152
浿	bui3		0	147
涀	gaan2	jin6 gin2	1	145
涁	sam3		0	150
涂	tou4	ceoi4	0	135
涃	kwan3		0	146
涄	ping1		0	153
涅	nip6		0	138
涆	hon6		0	151
涇	ging1		0	137
消	siu1		0	113
涉	sip3	dip6	0	120
涊	nan2	nin5	1	145
涋	teot1	tuk1	1	151
涌	cung1		0	135
涍	haau1	haau3	1	148
涎	jin4		0	139
涏	ting5		0	148
涐	ngo4		0	139
涑	cuk1	suk1	1	142
涒	tan1		0	146
涓	gyun1		0	131
涔	sam4		0	140
涕	tai3		0	148
涖	lei6		0	146
涗	seoi3		0	143
涘	zi6		0	143
涙	leoi6		0	153
涚	seoi3		0	143
涛	tou4		0	205
涜	duk6		0	144
涝	lou6	lou4	1	205
涞	loi4		0	205
涟	lin4		0	205
涠	wai4		0	205
涡	wo1	gwo1 go1	1	205
涢	wan4		0	205
涣	wun6		0	205
涤	dik6		0	205
涥	hang1		0	205
润	jeon6	jeon2	1	205
涧	gaan3	gaan2	1	205
涨	zoeng2	zoeng3	1	205
涩	gip3	sik1 sap1	1	205
涪	fau4		0	142
涫	gun1	gun3	1	141
涬	hang5	hang6	1	144
涭	sau6		0	145
涮	saan3	hyun1 syun3	0	152
涯	ngaai4	ji4	0	133
涰	zyut3		0	149
涱	zoeng2		0	146
液	jik6		0	115
涳	hung1		0	142
涴	jyun1	wo3 jyun2	1	144
涵	haam4		0	132
涶	to1		0	149
涷	dung1	dung3	1	138
涸	hok6	kok3	1	159
涹	wo1		0	148
涺	geoi1		0	146
涻	se3		0	145
涼	loeng4		0	86
涽	fan1		0	147
涾	daap6	taap3	1	150
涿	doek3		0	140
淀	din6		0	139
淁	cip3		0	151
淂	dak1		0	141
淃	gyun6		0	150
淄	zi1		0	140
淅	sik1		0	139
淆	ngaau4		0	135
淇	kei4		0	132
淈	gwat1		0	148
淉	go2	gwo2 gun3	1	142
淊	ham5	jim1	1	149
淋	lam4		0	104
淌	tong2		0	132
淍	zau1		0	145
淎	fung2		0	150
淏	hou6		0	144
淐	coeng1		0	147
淑	suk6		0	117
淒	cai1		0	138
淓	fong1		0	144
淔	cik1	zik6	1	146
淕	luk6		0	148
淖	coek3	naau6 zoek3	0	140
淗	guk1		0	150
淘	tou4		0	126
淙	cung4	zung1 cung6	0	140
淚	leoi6		0	103
淛	zit3		0	145
淜	paang1	pang4 ping1	1	146
淝	fei4	fai6	0	141
淞	sung1		0	138
淟	tin2		0	149
淠	pei3	pui3	1	142
淡	daam6	taam5	1	101
淢	gwik1	wik6 kwik1	1	148
淣	ngaai4	ngai4	1	146
淤	jyu1	jyu2 jyu3	0	132
淥	luk6		0	140
淦	gam3	gaam3	0	140
淧	mat6		0	148
淨	zing6	zeng6	0	101
淩	ling4		0	131
淪	leon4		0	143
淫	jam4		0	104
淬	ceoi3	seoi6	1	139
淭	keoi4		0	149
淮	waai4		0	117
淯	juk6		0	145
淰	naam5	nam6 nam4 sam2 nim2	0	143
深	sam1		0	90
淲	piu4		0	147
淳	seon4		0	131
淴	fat1		0	147
淵	jyun1		0	107
淶	loi4		0	140
混	wan6		0	110
淸	cing1		0	143
淹	jim1		0	129
淺	cin2	zin1	0	107
添	tim1		0	82
淼	miu5		0	132
淽	zi2		0	146
淾	jam2		0	152
淿	bok6		0	149
渀	ban1	ban3	1	142
渁	jyun1		0	143
渂	man6		0	149
渃	joek6		0	145
渄	fei1		0	147
清	cing1	ceng1	0	87
渆	jyun1		0	151
渇	hot3		0	145
済	zai3		0	142
渉	sip3		0	144
渊	jyun1		0	205
渋	gip3		0	143
渌	luk6		0	205
渍	zi3	zik1	1	205
渎	duk6	dau6	1	205
渏	ji1		0	205
渐	zim6	zim2 zim1	1	205
渑	man5	sing4	1	205
渒	bei1		0	148
渓	kai1		0	145
渔	jyu4		0	205
渕	jyun1		0	145
渖	sam2		0	205
渗	sam3		0	205
渘	jau4		0	145
渙	wun6		0	134
渚	zyu2		0	138
減	gaam2		0	108
渜	nyun5	nyun6	1	149
渝	jyu4		0	143
渞	cau4		0	145
渟	ting4		0	143
渠	keoi4		0	121
渡	dou6		0	119
渢	fung1	fung4	1	143
渣	zaa1		0	104
渤	but6		0	138
渥	ak1		0	139
渦	wo1	gwo1	0	137
渧	dai3	dik6	1	144
渨	wui1		0	149
温	wan1		0	106
渪	jyu4		0	149
渫	dip6	sit3	1	143
測	caak1	cak1	0	111
渭	wai6		0	129
渮	go1	ho4	1	146
港	gong2		0	97
渰	jim1	jim2	1	148
渱	gung3	hung4	1	145
渲	hyun1	syun3 syun1	0	140
渳	mai5		0	151
渴	hot3	kit3	0	122
渵	maau4		0	148
渶	jing1		0	144
渷	jin5		0	145
游	jau4	jau6	0	98
渹	gwang1		0	150
渺	miu5		0	130
渻	saang2	sing2	1	147
渼	mei5		0	143
渽	zoi1		0	147
渾	wan6	wan4 gwan2	0	128
渿	noi6		0	148
湀	gwai2	kwai1 kwai5	0	144
湁	cap1		0	143
湂	ngok6		0	152
湃	baai3	paai3	0	140
湄	mei4		0	137
湅	lin6		0	144
湆	jap1		0	148
湇	jap1		0	145
湈	mui4		0	144
湉	tim4		0	143
湊	cau3		0	110
湋	wai4	wai5	1	146
湌	caan1		0	150
湍	teon1	cyun2 tyun1 zyun2	0	139
湎	min5		0	142
湏	mui6		0	146
湐	paak3		0	147
湑	seoi1	seoi2	1	146
湒	cap1	zap1	1	150
湓	pun4	pun6	1	142
湔	zin1	zin3	1	142
湕	gin2		0	147
湖	wu4		0	96
湗	fung6		0	146
湘	soeng1		0	116
湙	jik6		0	149
湚	jan6		0	150
湛	zaam3	daam1 cam4 taam4	0	125
湜	sat6	zik6	1	140
湝	gaai1		0	142
湞	zing1		0	143
湟	wong4		0	141
湠	taan3		0	149
湡	jyu4		0	143
湢	bik1	seon4	1	142
湣	fan1	man5	1	169
湤	si1		0	147
湥	dat6		0	144
湦	sang1		0	146
湧	jung2	jung5	0	103
湨	gwik1		0	149
湩	dung3	dung6 zung3	1	146
湪	teon3		0	143
湫	zau1	cau1 ziu2	0	141
湬	zau1		0	146
湭	cau4		0	146
湮	jin1	jan1	0	153
湯	tong1	tong3 joeng4	0	93
湰	lung4		0	144
湱	waak6		0	149
湲	jyun4	wun4	0	144
湳	naam5		0	144
湴	baan6		0	143
湵	jau5		0	149
湶	cyun4		0	145
湷	ceoi4		0	147
湸	loeng6		0	144
湹	cin4		0	149
湺	jin4		0	145
湻	seon4		0	149
湼	nip6		0	147
湽	zi1		0	150
湾	waan1	wan1 waan4	1	205
湿	sap1		0	205
満	mun5		0	141
溁	jing4		0	205
溂	laat6		0	145
溃	kui2	kwui2	1	205
溄	fung4		0	205
溅	zin3	zin1	1	205
溆	zeoi6		0	205
溇	lau4		0	205
溈	gwai1		0	141
溉	koi3	goi3	0	141
溊	bo1		0	205
溋	jing4		0	205
溌	put3		0	149
溍	zeon3		0	145
溎	gwai3		0	147
溏	tong4		0	141
源	jyun4		0	106
溑	so2		0	150
溒	jyun4		0	149
溓	lim4	lim5	1	146
溔	jiu5	ngaau5	1	147
溕	mung4		0	148
準	zeon2		0	96
溗	sing4		0	149
溘	hap6	hap1	0	145
溙	taai3		0	148
溚	daap3	taap3	1	146
溛	waa1		0	152
溜	lau6	liu1 lau4	1	115
溝	kau1	gau1	0	108
溞	sou1		0	145
溟	ming4	ming5	0	137
溠	zaa3		0	149
溡	si4		0	141
溢	jat6		0	138
溣	leon6		0	147
溤	maa5		0	148
溥	pou2		0	134
溦	mei4	mei1	0	143
溧	leot6		0	142
溨	zoi1		0	149
溩	wu2		0	150
溪	kai1		0	111
溫	wan1		0	103
溬	goeng1		0	155
溭	zik1		0	148
溮	si1		0	144
溯	sou3		0	133
溰	ji4		0	149
溱	ceon1	zeon1 ceon4	1	142
溲	sau1	sau2	1	142
溳	wan4		0	150
溴	cau3		0	138
溵	jan1		0	148
溶	jung4		0	119
溷	wan6		0	143
溸	sou3		0	150
溹	sok3		0	147
溺	nik1	nik6 niu6	0	137
溻	taap3		0	143
溼	sap1		0	94
溽	juk6		0	145
溾	aai1	waai1 wui6	1	149
溿	pun3		0	146
滀	cuk1		0	144
滁	cyu4	ceoi4	0	141
滂	pong4	pong1	0	160
滃	jung1	jung2	1	143
滄	cong1		0	124
滅	mit6		0	106
滆	gaak3		0	143
滇	tin4	din1	0	135
滈	hou6		0	143
滉	fong2		0	144
滊	hei3	hit3 kit3	1	143
滋	zi1		0	124
滌	dik6		0	138
滍	zi3	zi6	1	147
滎	jing4		0	143
滏	fu2		0	143
滐	git6		0	145
滑	waat6	gwat1	0	102
滒	go1		0	143
滓	zi2		0	160
滔	tou1		0	121
滕	tang4		0	145
滖	seoi1		0	147
滗	bei3		0	205
滘	gaau3		0	144
滙	wui6		0	135
滚	gwan2		0	157
滛	jam4		0	145
滜	gou1		0	150
滝	lung4		0	143
滞	zai6		0	205
滟	jim6		0	205
滠	sip3		0	205
满	mun5	mun2	1	205
滢	jing4	jing6	1	205
滣	seon4		0	145
滤	leoi6		0	205
滥	laam6	laam5	1	205
滦	lyun4		0	205
滧	haau6		0	205
滨	ban1		0	205
滩	taan1		0	205
滪	jyu6		0	205
滫	saau3	sau1 sau2 sau3	1	147
滬	wu6		0	115
滭	bat1		0	146
滮	biu1	piu4	1	147
滯	zai6		0	126
滰	koeng5		0	152
滱	kau3		0	149
滲	sam3		0	120
滳	soeng1		0	148
滴	dik6	dik1	0	100
滵	mat6		0	145
滶	ngou4		0	149
滷	lou5		0	132
滸	wu2	heoi2 fu2	0	138
滹	fu1		0	142
滺	dik6	jau4	1	145
滻	caan2		0	144
滼	faan6		0	149
滽	jung4		0	148
滾	gwan2		0	106
滿	mun5		0	92
漀	hing1	king1 king2	1	147
漁	jyu4		0	120
漂	piu1	piu3	0	130
漃	zik6		0	143
漄	ngaai4		0	146
漅	caau4	ziu2	1	149
漆	cat1	cit3	0	124
漇	saai2		0	151
漈	zai3		0	142
漉	luk6		0	141
漊	lau4		0	149
漋	lung4		0	148
漌	gan2		0	152
漍	gwok3		0	147
漎	cung4	sung2	1	146
漏	lau6		0	106
漐	zap6		0	149
漑	koi3		0	146
漒	koeng4		0	147
漓	lei4		0	129
演	jin2	jin5	0	101
漕	cou4		0	150
漖	gaau3		0	143
漗	cung1		0	153
漘	seon4		0	148
漙	tyun4		0	147
漚	au1	au3	1	149
漛	tang4		0	151
漜	je5		0	150
漝	zaap6		0	147
漞	mik6		0	149
漟	tong4		0	145
漠	mok6		0	124
漡	soeng1		0	148
漢	hon3		0	96
漣	lin4		0	139
漤	laam5	laam6	1	205
漥	waa1		0	144
漦	ci4	lei4 toi1	1	148
漧	gon1		0	147
漨	fung4		0	146
漩	syun4		0	149
漪	ji2	ji1	0	138
漫	maan6		0	113
漬	zik1	zi3 zi6	0	139
漭	mong5		0	144
漮	hong1		0	149
漯	taap3	leoi5 lok3 lo6 lo4	0	143
漰	paang1	peng1	1	148
漱	sau3	sou3	0	157
漲	zoeng3	zoeng2	0	118
漳	zoeng1		0	134
漴	zong6		0	147
漵	zeoi6		0	142
漶	waan6	wun6	1	146
漷	fok3	gwok3 kwok3	1	142
漸	zim6	zim1 caam4	0	122
漹	jin1	jin4	1	148
漺	song2		0	148
漻	lau4	liu4	1	145
漼	ceoi1	ceoi2	1	146
漽	tai4		0	152
漾	joeng6		0	140
漿	zoeng1		0	119
潀	cung4	zung1	1	142
潁	wing6		0	142
潂	hung4		0	152
潃	sau1	sau2	1	144
潄	sau3	sou3	1	147
潅	gun3		0	146
潆	jing4		0	205
潇	siu1		0	205
潈	zung1		0	205
潉	wan6		0	205
潊	zeoi6		0	150
潋	lim6		0	205
潌	zat6		0	205
潍	wai4		0	205
潎	pik1	pit3 piu3	1	146
潏	jyut6	kyut3 wat6 seot6	1	146
潐	ciu4	ziu3 ziu2	1	146
潑	put3	but3	0	117
潒	dong6		0	143
潓	wai6		0	147
潔	git3		0	122
潕	mou5		0	144
潖	paa4		0	147
潗	cap1	zap1	1	144
潘	pun1		0	100
潙	gwai1		0	141
潚	siu1	suk1	1	145
潛	cim4		0	117
潜	cim4		0	159
潝	hap1	kap1 jap1	1	149
潞	lou6		0	139
潟	sik1		0	145
潠	seon3		0	148
潡	deon6		0	147
潢	wong4		0	141
潣	man5	mui5	1	146
潤	jeon6		0	113
潥	suk1		0	147
潦	liu2	lou5 liu4 liu5 lou6	1	132
潧	zeon1		0	144
潨	zung1		0	142
潩	ji6		0	145
潪	zi3	zik6	1	144
潫	waan1		0	148
潬	sin5	taan1	1	146
潭	taam4		0	115
潮	ciu4		0	111
潯	cam4		0	136
潰	kui2	kui3	0	130
潱	jan1		0	148
潲	saau3	siu6	1	144
潳	tou4	zaa1	1	148
潴	zyu1		0	205
潵	saat3		0	143
潶	hak1		0	142
潷	bat1	bei3	1	141
潸	saan1	saan2 sim2	0	160
潹	saan4		0	147
潺	saan4		0	134
潻	syu2		0	147
潼	tung4		0	127
潽	pou1	pou2	1	146
潾	leon4		0	146
潿	wai4		0	141
澀	gip3	sik1 sap1 saap3	0	130
澁	saap3		0	148
澂	cing4		0	178
澃	gwing3		0	147
澄	cing4	dang6	0	112
澅	waa6		0	150
澆	giu1	hiu1 ngou6 jiu6	0	150
澇	lou6	lou4	0	138
澈	cit3		0	123
澉	gam2		0	144
澊	cyun1		0	145
澋	ging2	wang6	1	150
澌	si1	si3	1	144
澍	syu6		0	140
澎	paang4	paang1	0	142
澏	ham4		0	149
澐	wan4		0	143
澑	lau6		0	147
澒	hung6		0	147
澓	fuk6		0	149
澔	hou6		0	143
澕	wo4		0	144
澖	haan4		0	148
澗	gaan3	gaan2	0	131
澘	saan1		0	146
澙	sik1		0	147
澚	jyut6		0	205
澛	lou5		0	205
澜	laan4		0	205
澝	ning6		0	205
澞	jyu4		0	150
澟	lam5		0	147
澠	man5	sing4 min5	0	143
澡	zou2	cou3	0	143
澢	dong1		0	146
澣	wun5		0	146
澤	zaak6		0	105
澥	haai5		0	143
澦	jyu6		0	146
澧	lai5		0	128
澨	sai6		0	147
澩	hok6		0	142
澪	ling4		0	143
澫	maan4	maan6 ngaau5	1	145
澬	ci4	zi1	1	144
澭	jung1		0	148
澮	kui2	kui3	1	141
澯	caan3		0	150
澰	lim6		0	151
澱	din6		0	147
澲	jip6		0	147
澳	ou3		0	118
澴	waan4		0	146
澵	zeon1		0	153
澶	sin4	sim4 daan6	0	140
澷	maan6		0	146
澸	dam2		0	147
澹	daam6	taam4 taam5	0	140
澺	jik1		0	147
澻	seoi6		0	151
澼	pik1		0	146
澽	geoi3	geoi6	1	149
澾	taat3		0	198
澿	kam4		0	149
激	gik1		0	104
濁	zuk6		0	132
濂	lim4		0	139
濃	nung4	jung4	0	108
濄	wo1		0	141
濅	zam3		0	144
濆	fan4	pan3	1	143
濇	gip3	sik1 sap1 saap3	1	144
濈	cap1	zap1	1	144
濉	seoi1		0	142
濊	kut3	wai3	1	144
濋	co2		0	144
濌	daap6	taap3	1	148
濍	sung1		0	150
濎	ding2	ting5	1	148
濏	sat1		0	148
濐	zyu2		0	148
濑	laai6		0	205
濒	ban1	pan4	1	205
濓	lim4		0	145
濔	mei4	mei5	1	146
濕	sap1		0	108
濖	syu6		0	152
濗	mik6		0	151
濘	ning6		0	143
濙	jing4		0	145
濚	jing4		0	152
濛	mung4		0	116
濜	zeon6		0	150
濝	kei4		0	150
濞	bai3	pei3	1	143
濟	zai3	zai2	0	112
濠	hou4		0	139
濡	jyu4		0	153
濢	zeoi2		0	148
濣	waat3		0	149
濤	tou4		0	117
濥	jan5		0	148
濦	jan2		0	151
濧	deoi6		0	145
濨	ci4		0	148
濩	wok6	wu6	1	146
濪	cing3		0	147
濫	laam6	laam5 haam5	1	116
濬	seon3	zeon3 zeon6	1	182
濭	hap1	oi3 koi3	1	151
濮	buk6	buk1	0	135
濯	zok6	zaau6	0	140
濰	wai4		0	140
濱	ban1		0	124
濲	guk1		0	150
濳	cim4		0	147
濴	jing4		0	150
濵	ban1		0	149
濶	fut3		0	146
濷	fai3		0	149
濸	cong1		0	205
濹	mak6		0	205
濺	zin3	zin1	0	127
濻	wai5		0	152
濼	baak3	lok6 bok6 lik1 pok3	1	141
濽	zaan3		0	148
濾	leoi6		0	145
濿	lai6		0	148
瀀	jau1		0	147
瀁	joeng5	joeng6	1	198
瀂	lou5		0	150
瀃	ci3		0	151
瀄	zit1	zit3	1	149
瀅	jing4	jing3	0	124
瀆	duk6	dau6	0	139
瀇	wong2		0	205
瀈	fai1		0	153
瀉	se3	se2	0	125
瀊	pun4		0	149
瀋	sam2		0	140
瀌	biu1	piu4	1	147
瀍	cin4		0	145
瀎	mit6	mut3 mut6	1	148
瀏	lau4		0	154
瀐	zim1		0	151
瀑	buk6	bou6	0	133
瀒	gip3		0	151
瀓	cing4		0	149
瀔	guk1		0	151
瀕	ban1	pan4	1	147
瀖	fok3		0	151
瀗	hin3		0	153
瀘	lou4		0	131
瀙	can3		0	144
瀚	hon6		0	136
瀛	jing4		0	138
瀜	jung4		0	146
瀝	lik1	lik6 lek6	0	139
瀞	zing6		0	142
瀟	siu1		0	129
瀠	jing4		0	142
瀡	seoi5	soe4	0	142
瀢	wai5		0	151
瀣	haai6		0	145
瀤	waai1	waai4	1	149
瀥	hou6		0	153
瀦	zyu1		0	140
瀧	lung4	soeng1 long4	0	140
瀨	laai6		0	130
瀩	deoi6		0	152
瀪	faan4		0	147
瀫	huk6		0	149
瀬	laai6		0	141
瀭	syu1		0	205
瀮	lam4		0	205
瀯	jing4		0	146
瀰	nei4	mei4 mei5	0	141
瀱	gai3		0	152
瀲	lim6	lim5	0	142
瀳	zin1	zin6	1	150
瀴	jing1	jing2	1	150
瀵	fan3		0	143
瀶	lam4		0	148
瀷	jik6		0	144
瀸	cim1	zim1	1	148
瀹	joek3	joek6	1	141
瀺	caam4	zaam6	1	147
瀻	daai3		0	146
瀼	joeng4	joeng6	1	143
瀽	zin2		0	146
瀾	laan4	laan6	1	138
瀿	faan4		0	146
灀	soeng1		0	146
灁	jyun1		0	150
灂	coek3	zok6 ziu3	1	148
灃	fung1		0	139
灄	sip3		0	144
灅	leoi5		0	147
灆	laam4		0	144
灇	cung4		0	151
灈	keoi4		0	148
灉	jung1		0	144
灊	cam4	cim4	1	146
灋	faat3		0	146
灌	gun3		0	119
灍	kyut3		0	151
灎	jim6		0	205
灏	hou6		0	205
灐	jing4		0	148
灑	saa2		0	119
灒	zaan3		0	149
灓	lyun4		0	151
灔	jim6		0	147
灕	lei4		0	141
灖	mei5		0	151
灗	sin5		0	150
灘	taan1		0	115
灙	dong2		0	149
灚	gaau2		0	146
灛	cin2	zin2	1	149
灜	jing4		0	205
灝	hou6		0	137
灞	baa3		0	140
灟	zuk1		0	150
灠	laam5	laam6	1	146
灡	laan4		0	145
灢	nong5		0	149
灣	waan1	waan4	0	105
灤	lyun4		0	141
灥	ceon4	cyun1 cyun4	1	146
灦	hin2		0	147
灧	jim6		0	205
灨	gam3		0	148
灩	jim6		0	140
灪	wat1		0	148
火	fo2		0	87
灬	biu1		0	138
灭	mit6		0	205
灮	gwong1		0	148
灯	dang1		0	160
灰	fui1		0	100
灱	haau1		0	149
灲	haau1		0	149
灳	fai1		0	150
灴	hung3	hung4	1	148
灵	ling4	ling2 leng4	1	181
灶	zou3		0	136
灷	zyun6		0	152
灸	gau3		0	129
灹	zaa3		0	151
灺	ce2	se3 se2	1	145
灻	cek3		0	151
灼	coek3	zoek3	0	130
災	zoi1		0	119
灾	zoi1		0	136
灿	caan3		0	205
炀	joeng4	joeng6	1	205
炁	hei3		0	142
炂	zung1		0	154
炃	ban6	fan4	1	148
炄	nau5		0	152
炅	gwing2	gwai3	0	141
炆	man1		0	134
炇	pok3		0	152
炈	jik6		0	153
炉	lou4	lou2	1	205
炊	ceoi1	ceoi3	0	132
炋	pui1		0	153
炌	kaai3		0	150
炍	pun3		0	151
炎	jim4		0	114
炏	kaai3		0	147
炐	pong3		0	149
炑	muk6		0	147
炒	caau2		0	98
炓	liu6	tau3	1	148
炔	kyut3	gai3 gwai3	0	141
炕	kong3	hong3	0	133
炖	dan6	deon6	1	205
炗	gong1	gwong1	1	152
炘	jan1	jan3	1	144
炙	zek3	zik3	0	150
炚	gwong1		0	150
炛	gong1	gwong1	1	148
炜	wai5		0	205
炝	coeng3		0	205
炞	bin6		0	205
炟	daat3		0	146
炠	saap6		0	151
炡	zing1		0	148
炢	seot6		0	152
炣	ho2		0	147
炤	ciu1	ziu1 ziu3	1	142
炥	fat6		0	152
炦	bat6		0	153
炧	ce2	se3 ce5	1	149
炨	se3		0	151
炩	ling6		0	148
炪	dyut3		0	143
炫	jyun4	jyun6	0	144
炬	geoi6		0	138
炭	taan3		0	119
炮	paau3	paau4 baau3 baau1	0	101
炯	gwing2		0	131
炰	paau3	paau4	1	145
炱	toi4		0	142
炲	toi4		0	144
炳	bing2		0	109
炴	joeng2		0	144
炵	dung1	tung1	1	144
炶	sim2		0	145
炷	zyu3		0	138
炸	zaa3		0	101
点	dim2		0	205
為	wai4	wai6	1	78
炻	sek6		0	142
炼	lin6	lin2	1	205
炽	ci3		0	205
炾	fong2		0	149
炿	zau1		0	205
烀	fu1		0	143
烁	soek3	lik1	1	205
烂	laan6	laan2	1	205
烃	ting1		0	205
烄	gaau2		0	148
烅	kwik1		0	149
烆	hang4		0	146
烇	cyun3		0	146
烈	lit6		0	106
烉	wun6		0	152
烊	joeng4	joeng6	1	141
烋	haau1	jau1	1	147
烌	jau1		0	152
烍	sin2		0	148
烎	jam4		0	143
烏	wu1		0	102
烐	zau1		0	153
烑	jiu4		0	150
烒	sik1		0	150
烓	gwing2		0	150
烔	tung4		0	144
烕	hyut3	kyut3 mit6	1	148
烖	zoi1		0	148
烗	hoi1		0	150
烘	hung3	hung1 hong3 hung4	1	129
烙	lok3	lok6	0	132
烚	saap6	hap6 saap3	1	147
烛	zuk1		0	160
烜	hyun1	hyun2	1	143
烝	zing1		0	144
烞	pok3		0	152
烟	jin1		0	136
烠	wui4		0	145
烡	gwong1		0	153
烢	caak3	zaak6	1	151
烣	fui1		0	146
烤	haau1	haau2	0	114
烥	geoi6		0	205
烦	faan4		0	205
烧	siu1		0	205
烨	jip6		0	205
烩	wui6		0	205
烪	gwaan1		0	205
烫	tong3		0	205
烬	zeon6	zeon2	1	205
热	jit6	jit2	1	205
烮	lit6		0	145
烯	hei1		0	137
烰	fau4		0	149
烱	gwing2		0	146
烲	hit3		0	148
烳	pou2		0	151
烴	ting1	ging2	0	139
烵	zoek3		0	151
烶	ting5		0	151
烷	jyun2		0	153
烸	hoi2		0	143
烹	paang1		0	129
烺	long5		0	144
烻	jin3		0	150
烼	fat1		0	153
烽	fung1		0	138
烾	cek3		0	148
烿	jung4		0	152
焀	huk6		0	147
焁	hei1		0	150
焂	suk1		0	150
焃	haak1		0	151
焄	fan1		0	146
焅	guk6		0	148
焆	gyun1		0	150
焇	siu1		0	150
焈	hei1		0	153
焉	jin1	jin4	1	133
焊	hon2	hon6	0	144
焋	zong3		0	147
焌	ceot1	zeon3 zeot1 keoi1	1	145
焍	dai6		0	149
焎	cit3		0	152
焏	gik1		0	150
焐	ng6		0	141
焑	jin1		0	205
焒	leoi5		0	205
焓	ham4		0	141
焔	jim6		0	145
焕	wun6		0	205
焖	mun6		0	205
焗	guk6		0	106
焘	tou4	dou6	1	205
焙	bui6		0	139
焚	fan4	fan3	0	121
焛	leon6		0	150
焜	kwan1	gwan1 wan6	0	142
焝	fan3		0	151
焞	seon4	tan1 teoi1	1	147
焟	sik1		0	147
焠	ceoi3	seoi6	1	146
無	mou4	mo4	0	68
焢	hung1		0	148
焣	caau2	zeoi6	1	152
焤	fu6		0	150
焥	oi3	waat3	1	153
焦	ziu1		0	114
焧	cung1		0	154
焨	fung3		0	153
焩	pang4		0	205
焪	hung3		0	148
焫	naat3		0	148
焬	sik1		0	148
焭	king4		0	152
焮	jan1	jan3	0	149
焯	zoek3	coek3	0	142
焰	jim6		0	135
焱	jim6		0	138
焲	jik6		0	151
焳	zoek3		0	153
焴	juk1		0	149
焵	gong3		0	150
然	jin4		0	90
焷	pei4		0	151
焸	hing2		0	148
焹	gong3		0	205
焺	sing1		0	150
焻	coeng3		0	205
焼	siu1		0	142
焽	ming4		0	205
焾	nam4		0	205
焿	gang1		0	205
煀	wat1		0	205
煁	nam4	sam4	1	149
煂	haak1		0	153
煃	kwai2		0	149
煄	zung2		0	144
煅	dyun3		0	141
煆	haa1	haa6	1	147
煇	wai1	wan6 fai1	0	144
煈	fung3		0	145
煉	lin6		0	113
煊	hyun1		0	140
煋	sing1		0	142
煌	wong4		0	134
煍	ciu2	ziu2	1	149
煎	zin1		0	107
煏	bik1		0	149
煐	jing1		0	147
煑	zyu2		0	148
煒	wai5		0	149
煓	tyun1		0	146
煔	sim2		0	151
煕	hei1		0	145
煖	hyun1	nyun5	1	164
煗	nyun5		0	149
煘	gaam2	tim4	1	149
煙	jin1		0	92
煚	gwing2		0	146
煛	gwing2		0	148
煜	juk1	jap6	0	132
煝	mei6		0	150
煞	saat3		0	122
煟	wai6		0	147
煠	saap6	zaa3	1	148
煡	zeon6		0	144
煢	king4		0	142
煣	jau2	jau5	1	148
煤	mui4		0	126
煥	wun6		0	119
煦	heoi2	heoi3 jyu2 jyu3	0	148
照	ziu3		0	90
煨	wui1		0	143
煩	faan4		0	101
煪	cau4		0	152
煫	seoi6		0	152
煬	joeng4	joeng6	0	128
煭	lit6		0	145
煮	zyu2		0	89
煯	gaai1		0	151
煰	cou3		0	151
煱	wo1		0	205
煲	bou1		0	101
煳	wu4		0	142
煴	wan1	wan6	1	147
煵	naam4		0	205
煶	zik6		0	205
煷	fo2		0	205
煸	pin1	bin1	0	140
煹	gau3		0	148
煺	teoi3		0	142
煻	tong4		0	146
煼	caau2		0	150
煽	sin3		0	136
煾	jan1		0	147
煿	bok3		0	146
熀	fong2		0	145
熁	hip3		0	147
熂	hei3		0	148
熃	mou6		0	150
熄	sik1		0	98
熅	wan1	wan2 wan6 wat1	1	147
熆	hap6		0	148
熇	haau2	huk6 kok3 hok3 hiu1 hok6	1	146
熈	hei1		0	146
熉	wan4		0	150
熊	hung4		0	97
熋	noi4		0	145
熌	sim3		0	147
熍	hung3		0	152
熎	jiu3		0	151
熏	fan1	fan3	0	149
熐	mik6		0	151
熑	lim4		0	149
熒	jing4		0	136
熓	wat1		0	205
熔	jung4		0	136
熕	gung3		0	150
熖	jim6		0	205
熗	coeng3		0	141
熘	lau6	liu1	1	141
熙	hei1		0	104
熚	bat1		0	150
熛	biu1		0	147
熜	cung1	zung2	1	146
熝	luk6		0	149
熞	gin1		0	149
熟	suk6		0	96
熠	jap1	saap6 jap6	0	138
熡	lau4		0	150
熢	pung4		0	150
熣	seoi1		0	148
熤	jik6		0	148
熥	tung1		0	146
熦	zoek3		0	147
熧	zung1		0	153
熨	tong3	wan6 wat1 wai3	0	152
熩	wu6		0	154
熪	ji4		0	151
熫	zek3		0	151
熬	ngou4	ngaau4	0	120
熭	wai6		0	150
熮	lau5		0	153
熯	hon2	hon3 jin5 naan5	1	147
熰	au1	au3	1	149
熱	jit6		0	89
熲	gwing2		0	144
熳	maan6		0	140
熴	kwan1		0	205
熵	soeng1		0	160
熶	cyun3		0	144
熷	zang1		0	143
熸	zim1		0	143
熹	hei1		0	131
熺	hei1		0	144
熻	jap1		0	144
熼	jik6		0	145
熽	siu3		0	148
熾	ci3		0	139
熿	fong2	wong4	1	149
燀	cin2	daan6 zin2	1	147
燁	jip6		0	129
燂	cam4	taam4 cim4	1	145
燃	jin4		0	128
燄	jim6	jim4	0	140
燅	cam4	cim4	1	152
燆	hiu1		0	150
燇	zeon3		0	147
燈	dang1		0	91
燉	dan6	deon6	0	121
燊	san1		0	132
燋	ciu4	ziu1	1	145
燌	fan4		0	149
燍	si1		0	150
燎	liu4	liu6 liu5	0	136
燏	jyut6	wat6 leot6	1	146
燐	leon4		0	144
燑	tung4		0	147
燒	siu1		0	93
燓	fan4		0	149
燔	faan4		0	143
燕	jin3	jin1	0	93
燖	cam4		0	150
燗	laan6		0	148
燘	fui2	mui5	1	150
燙	tong3		0	119
燚	jik6	ngai6	1	142
燛	gwing2		0	148
燜	mun6	man1	0	123
燝	ging2		0	205
燞	ziu3		0	205
營	jing4		0	98
燠	juk1	ou2 jyu3 jau1 ou3	0	144
燡	jik6		0	148
燢	hok6		0	150
燣	laam4		0	152
燤	lit6	taai3	1	150
燥	cou3		0	123
燦	caan3		0	119
燧	seoi6		0	141
燨	hei1		0	149
燩	kok3		0	150
燪	zung2		0	150
燫	lim4		0	149
燬	wai2		0	136
燭	zuk1		0	122
燮	sip3	sit3	1	139
燯	ling4		0	149
燰	wui1		0	147
燱	jik1		0	146
燲	hip3		0	152
燳	ziu3		0	145
燴	wui6		0	136
燵	daat6		0	149
燶	lung1	nung1	1	205
燷	laam4		0	205
燸	jyu4	nyun6	1	150
燹	sin2		0	145
燺	huk6		0	153
燻	fan1		0	127
燼	zeon6	zeon2	0	141
燽	cau4		0	152
燾	dou6	tou4	1	140
燿	jiu6	soek3	1	143
爀	haak1		0	145
爁	laam6		0	147
爂	biu1		0	151
爃	wing4		0	149
爄	lai6		0	150
爅	mak6		0	149
爆	baau3	paau3	0	96
爇	joek6	jyut3 jyut6	1	145
爈	leoi4		0	152
爉	laap6		0	148
爊	ngaau4	ngou4 ou1	1	148
爋	fan1		0	151
爌	kong3	kwong3	1	148
爍	soek3	lik1 lok6	0	139
爎	liu4		0	205
爏	lik6		0	150
爐	lou4		0	109
爑	zoek3		0	154
爒	liu5		0	151
爓	cam4	jim6 jim4	1	148
爔	hei1		0	148
爕	sit3		0	150
爖	lung4		0	147
爗	jip6		0	151
爘	caan1		0	205
爙	joeng5		0	151
爚	joek6		0	148
爛	laan6		0	85
爜	cung4		0	145
爝	ziu3	zoek3 zoek6	1	144
爞	cung4		0	146
爟	gun3		0	149
爠	keoi4		0	147
爡	cit3		0	152
爢	mei4		0	148
爣	tong2		0	145
爤	laan6		0	147
爥	zuk1		0	151
爦	laam5		0	152
爧	ling4		0	146
爨	cyun3		0	142
爩	wat1		0	150
爪	zaau2		0	109
爫	zaau2		0	146
爬	paa4		0	91
爭	zaang1	zang1 caang1	1	96
爮	paau4		0	147
爯	cing1		0	149
爰	jyun4	wun4	1	141
爱	oi3	ngoi3	1	205
爲	wai4	wai6	1	74
爳	wai4		0	205
爴	fok3		0	150
爵	zoek3		0	120
父	fu6	fu2	0	99
爷	je4	je1 je2	1	205
爸	baa1		0	106
爹	de1		0	104
爺	je4		0	90
爻	ngaau4		0	143
爼	zo2		0	147
爽	song2		0	104
爾	ji5		0	94
爿	baan6	coeng4	1	142
牀	cong4		0	105
牁	go1	o1 ho1	1	143
牂	zong1		0	144
牃	dip6		0	146
牄	coeng1		0	149
牅	jung4		0	147
牆	coeng4		0	95
片	pin3	pin2	0	91
版	baan2		0	99
牉	pun3		0	148
牊	ciu4		0	147
牋	zin1		0	141
牌	paai4		0	98
牍	duk6	duk2	1	205
牎	coeng1		0	143
牏	jyu4	tau4	1	148
牐	zaap6		0	142
牑	bin1		0	147
牒	dip6		0	138
牓	bong2		0	146
牔	bok3		0	151
牕	coeng1		0	149
牖	jau5		0	142
牗	jau5		0	146
牘	duk6		0	141
牙	ngaa4		0	92
牚	caang1	caang3	1	153
牛	ngau4		0	92
牝	pan5	fan5	0	142
牞	gau1	kau1	1	144
牟	mau4	muk6	0	134
牠	taa1	to1	0	123
牡	maau5	mau5	1	138
牢	lou4		0	117
牣	jan6		0	147
牤	mong1		0	144
牥	fong1		0	146
牦	mou4		0	146
牧	muk6		0	117
牨	gong1		0	149
物	mat6		0	96
牪	jin6		0	148
牫	go1		0	146
牬	bui3		0	146
牭	sei3		0	146
牮	zin3		0	145
牯	gu2		0	141
牰	cau1	jau6 zau6	1	148
牱	o1		0	145
牲	sang1	saang1	0	145
牳	mau5		0	145
牴	dai2		0	129
牵	hin1		0	205
牶	hyun3		0	146
牷	cyun4		0	146
牸	zi6		0	143
特	dak6		0	94
牺	hei1		0	205
牻	mong4		0	146
牼	hang1		0	148
牽	hin1		0	110
牾	ng5	ng6	1	144
牿	guk1		0	146
犀	sai1		0	130
犁	lai4		0	145
犂	lai4		0	146
犃	bau6		0	148
犄	gei1	ji2 gei2	0	145
犅	gong1		0	147
犆	dat6	zik6	1	147
犇	ban1		0	141
犈	gyun3	kyun4	1	150
犉	jyun4	seon4	1	148
犊	duk6		0	205
犋	geoi6		0	146
犌	gaa1		0	148
犍	gin1	kin4	0	142
犎	fung1		0	147
犏	pin1		0	147
犐	fo1		0	149
犑	gwik1		0	148
犒	hou3		0	141
犓	co1		0	146
犔	hei3		0	150
犕	bei6		0	148
犖	lok3	lok6	1	143
犗	gaai3		0	148
犘	maa4		0	146
犙	saam1		0	149
犚	wai3		0	147
犛	lei4	mou4 maau4	1	144
犜	deon1		0	147
犝	tung4		0	145
犞	kiu4		0	148
犟	goeng6		0	139
犠	ji6		0	149
犡	laai6	lai6	1	150
犢	duk6		0	158
犣	lip6		0	152
犤	bei1		0	144
犥	piu1		0	152
犦	bok6		0	144
犧	hei1		0	139
犨	cau1	cau4 sau4	1	146
犩	ngai4		0	148
犪	kwai4		0	147
犫	cau1	cau4	1	147
犬	hyun2		0	117
犮	bat6		0	146
犯	faan6		0	101
犰	kau4		0	146
犱	gik1		0	144
犲	caai4		0	143
犳	zoek3		0	144
犴	ngon6	hon6 hon4	0	143
犵	go1	hat1	1	143
状	zong6	zong2	1	205
犷	gwong2	gong2 kwong3 kong3	1	205
犸	maa5	maa6	1	205
犹	jau4		0	160
犺	kong3		0	145
犻	but6		0	145
犼	hau3		0	144
犽	ngaa6		0	144
犾	ngan4		0	146
犿	faan1	fun1	1	148
狀	zong6		0	108
狁	wan5		0	145
狂	kwong4		0	102
狃	nau2	nau5	1	160
狄	dik6	tik1	0	110
狅	kwong4		0	145
狆	zung1	zung6	1	142
狇	muk6		0	149
狈	bui3		0	205
狉	pei1		0	148
狊	gwik1		0	149
狋	ji4	ngan4	1	149
狌	saang1	sing1 sang1	1	145
狍	paau4		0	143
狎	haap6		0	160
狏	to4		0	152
狐	wu4		0	114
狑	ling4		0	150
狒	fai3	fei6 fat1 fai6	1	142
狓	pei1		0	148
狔	nei5		0	146
狕	maa1		0	152
狖	jau6		0	146
狗	gau2		0	85
狘	hyut3	jyut6	1	150
狙	zeoi1		0	139
狚	daam3	daan3 daat3 taan2	1	145
狛	baak3		0	146
狜	gu2		0	149
狝	sin2		0	205
狞	ning4	ling4	1	205
狟	hyun1	wun4	1	146
狠	han2		0	111
狡	gaau2		0	147
狢	hok6		0	147
狣	siu6	ziu6	1	147
狤	gat1	git3 git6 gwaai3	1	147
狥	seon1		0	148
狦	saan1	saan3	1	147
狧	daat3		0	149
狨	jung4		0	145
狩	sau3	sau2	0	152
狪	dung6		0	147
狫	lou5		0	148
独	duk6		0	205
狭	haap6	haap3 hap6 gip6	1	205
狮	si1		0	205
狯	kui2	kwui2	1	205
狰	zang1	zaang1	1	205
狱	juk6		0	205
狲	syun1		0	205
狳	jyu4		0	146
狴	bai6	bai1	0	146
狵	mong4		0	148
狶	hei1	hei2	1	147
狷	gyun1	gyun3	1	160
狸	lei4		0	134
狹	haap3	haap6 hap6 gip6	0	133
狺	ngan4		0	147
狻	syun1		0	142
狼	long4		0	99
狽	bui3		0	148
狾	zai3		0	149
狿	jin4		0	148
猀	saa1		0	147
猁	lei6		0	145
猂	hon5	hon6	1	148
猃	him2		0	205
猄	geng1		0	145
猅	paai4		0	149
猆	fei1		0	150
猇	haau1		0	147
猈	baa6	paai4 pei4	1	148
猉	kei4		0	151
猊	ngai4		0	143
猋	biu1		0	145
猌	ngan6		0	151
猍	loi4		0	147
猎	lip6		0	152
猏	gin1		0	151
猐	goeng1		0	146
猑	kwan1		0	152
猒	aat3	jim3 jim1 jim2	1	148
猓	gwo2		0	142
猔	zung3		0	149
猕	mei4	nei4 lei4	1	205
猖	coeng1		0	158
猗	ji1	ji2 ngo5 o2	1	142
猘	gai3	zai3	1	148
猙	zang1	zaang1	0	142
猚	ngaai4		0	151
猛	maang5		0	100
猜	caai1		0	110
猝	cyut3		0	146
猞	se3		0	146
猟	lip6		0	146
猠	din2		0	205
猡	lo4		0	205
猢	wu4		0	145
猣	zung1	zung2	1	151
猤	gwai3		0	150
猥	wui1	wai2 wui2	0	147
猦	fung1		0	146
猧	wo1		0	146
猨	jyun4		0	147
猩	sing1		0	148
猪	zyu1		0	148
猫	maau1		0	148
猬	wai6		0	152
猭	sin1		0	146
献	hin3		0	171
猯	teon1		0	148
猰	aat3	jaak3 zaat3	1	146
猱	naau4	nou4	1	143
猲	hit3	hot3	1	148
猳	gaa1		0	149
猴	hau4		0	115
猵	bin1		0	146
猶	jau4		0	122
猷	jau4		0	137
猸	mei4		0	146
猹	zaa1		0	145
猺	jiu4		0	147
猻	syun1		0	144
猼	bok3	pok3	1	148
猽	ming4		0	148
猾	waat6		0	138
猿	jyun4		0	135
獀	sau1		0	150
獁	maa5	maa6	0	144
獂	jyun4	wun4	1	149
獃	ngoi4	daai1	0	130
獄	juk6		0	121
獅	si1		0	117
獆	hou4		0	149
獇	goeng1		0	205
獈	jik6		0	205
獉	zeon1		0	149
獊	cong1		0	145
獋	hou4		0	149
獌	maan6		0	148
獍	geng3	ging3	1	142
獎	zoeng2		0	106
獏	mok6		0	146
獐	zoeng1		0	142
獑	caam4		0	149
獒	ngou4		0	141
獓	ngou4		0	148
獔	hou4		0	155
獕	ceoi1		0	148
獖	ban6		0	151
獗	kyut3		0	139
獘	bai6		0	149
獙	bai6		0	146
獚	wong4		0	146
獛	buk1		0	151
獜	leon4		0	148
獝	leot6	wat6	1	148
獞	tung4	zong6 zong3	1	147
獟	hiu1		0	146
獠	liu4	lou5	1	140
獡	coek3	soek3 sik1	1	148
獢	hiu1		0	149
獣	sau3		0	143
獤	deon1		0	205
獥	gik1	giu3 hat6	1	146
獦	got3	hot3 lip6	1	146
獧	gyun3		0	150
獨	duk6		0	106
獩	wai3		0	148
獪	kui2		0	146
獫	him2		0	147
獬	haai5		0	142
獭	caat3		0	205
獮	sin2		0	144
獯	fan1		0	142
獰	ning4		0	140
獱	ban1	bin1	1	205
獲	wok6	waai4	0	109
獳	nau6		0	147
獴	mung4		0	145
獵	lip6		0	111
獶	naau4	nou4	1	148
獷	gwong2	kwong3	1	159
獸	sau3		0	109
獹	lou4		0	150
獺	caat3	taat3	1	141
獻	hin3		0	110
獼	mei4	nei4	0	144
獽	joeng4		0	149
獾	fun1		0	140
獿	naau4		0	148
玀	lo4		0	144
玁	him2		0	147
玂	kei4		0	148
玃	fok3	gwok3	1	148
玄	jyun4		0	113
玅	miu6		0	157
玆	jyun4	zi1	1	158
率	leot2	seot1 leot6	1	95
玈	lou4		0	147
玉	juk6		0	86
玊	suk1		0	145
王	wong4	wong6	0	78
玌	kau4		0	150
玍	gaa2	gaat3	1	141
玎	ding1		0	142
玏	lak6		0	146
玐	baat3		0	146
玑	gei1		0	205
玒	gong1	gung1 hung4	1	147
玓	dik1		0	141
玔	cyun3		0	147
玕	gon1		0	144
玖	gau2		0	160
玗	jyu1		0	145
玘	hei2		0	142
玙	jyu4		0	205
玚	coeng3	dong6 joeng4	1	205
玛	maa5		0	205
玜	gung1		0	148
玝	ng5		0	148
玞	fu1		0	144
玟	man4	mui4	0	140
玠	gaai3		0	142
玡	je4	ngaa4	1	144
玢	ban1	fan1	1	143
玣	bin6		0	152
玤	bung2	pong5	1	151
玥	jyut6		0	136
玦	kyut3		0	142
玧	mun4		0	147
玨	gok3		0	198
玩	waan2	wun6 waan4	1	71
玪	gaam1		0	145
玫	mui4		0	134
玬	taan2		0	146
玭	pan4		0	146
玮	wai5		0	205
环	waan4	waan2	1	205
现	jin6		0	205
玱	coeng1		0	205
玲	ling4		0	98
玳	doi6		0	141
玴	jai6		0	150
玵	ngam4		0	145
玶	ping4		0	146
玷	dim3	dim2	0	143
玸	fu4		0	150
玹	jin4	jyun4 jyun6	1	142
玺	saai2		0	205
玻	bo1		0	129
玼	cai2	ci1 ci2	1	146
玽	gau2		0	151
玾	gaap3		0	149
玿	siu4		0	150
珀	paak3		0	138
珁	ci4		0	153
珂	o1		0	133
珃	jim5		0	147
珄	sang1		0	144
珅	san1		0	120
珆	ji4	toi1	1	146
珇	zeoi2	zou2	1	147
珈	gaa1		0	139
珉	man4		0	138
珊	saan1		0	116
珋	lau5		0	147
珌	bat1	bit1 bei3	1	146
珍	zan1		0	105
珎	zan1		0	143
珏	gok3		0	138
珐	faat3		0	164
珑	lung4		0	205
珒	zeon1		0	148
珓	gaau3		0	146
珔	zin6		0	150
珕	lai6		0	149
珖	gwong1		0	146
珗	sin1		0	145
珘	zau1		0	149
珙	gung2		0	143
珚	jin1		0	150
珛	cau3		0	145
珜	joeng4		0	147
珝	heoi2		0	146
珞	lok3	lok6	0	139
珟	suk1		0	150
珠	zyu1		0	102
珡	kam4		0	146
珢	ngan4		0	147
珣	seon1		0	142
珤	bou2		0	149
珥	ji5	nei6 ji6	1	141
珦	hoeng3		0	145
珧	jiu4		0	144
珨	haap6	hap6	1	145
珩	hang4		0	140
珪	gwai1	gwei1	1	142
珫	cung1		0	148
珬	seot1		0	150
班	baan1		0	79
珮	pui3		0	156
珯	lou5		0	205
珰	dong1		0	205
珱	jing1		0	151
珲	wan4	fai1	1	205
珳	man4		0	148
珴	ngo4		0	141
珵	cing4		0	144
珶	dai6	tai4	1	147
珷	mou5		0	144
珸	ng4		0	145
珹	sing4		0	145
珺	gwan6	kwan2	1	139
珻	mui4		0	144
珼	bui3		0	144
珽	ting2	ting5	1	144
現	jin6		0	105
珿	cuk1		0	148
琀	ham3	ham6	1	144
琁	syun4		0	145
琂	jin4		0	145
球	kau4		0	102
琄	jyun5	jyun6	1	146
琅	long4	long5	0	130
理	lei5		0	87
琇	sau3		0	141
琈	fau4		0	146
琉	lau4		0	131
琊	je4	ngaa4	1	143
琋	hei1		0	146
琌	ling4		0	145
琍	lei4		0	140
琎	zeon3	zeon1	1	205
琏	lin5	lin4	1	205
琐	so2		0	205
琑	ciu3		0	205
琒	fung1		0	205
琓	jyun4		0	143
琔	din6		0	147
琕	pan4		0	148
琖	zaan2		0	148
琗	ceoi3		0	148
琘	man4		0	150
琙	wik6		0	147
琚	geoi1		0	141
琛	sam1		0	131
琜	loi4		0	148
琝	man4		0	149
琞	sing3		0	147
琟	wai4		0	149
琠	tin2	tin3	1	146
琡	cuk1	zyut3	1	148
琢	doek3		0	137
琣	bung2		0	146
琤	caang1	zang1 zaang1	1	143
琥	fu2		0	140
琦	kei4		0	123
琧	ok3		0	149
琨	kwan1	gwan1	0	139
琩	coeng1		0	147
琪	kei4		0	102
琫	bung2		0	148
琬	jyun2		0	140
琭	luk6		0	145
琮	cung4	cung6	1	141
琯	gun2		0	143
琰	jim5		0	139
琱	diu1		0	139
琲	bei3	pui3	1	143
琳	lam4		0	111
琴	kam4		0	96
琵	pei4		0	142
琶	paa4		0	136
琷	kyut3		0	205
琸	zoek3		0	147
琹	kam4		0	146
琺	faat3	fat3	0	141
琻	cyun4		0	205
琼	king4		0	205
琽	dou2		0	149
琾	gaai3		0	143
琿	wan4	fai1	0	142
瑀	jyu5		0	142
瑁	mou6	mui6	0	141
瑂	mei4		0	147
瑃	ceon1		0	147
瑄	syun1		0	139
瑅	tai4		0	144
瑆	sing1		0	144
瑇	doi6		0	148
瑈	jau4		0	146
瑉	man4		0	146
瑊	zam1		0	145
瑋	wai5		0	152
瑌	jyun5		0	153
瑍	wun6		0	147
瑎	haai4		0	149
瑏	cyun1		0	144
瑐	zin2		0	147
瑑	cyun5	syun6	1	146
瑒	coeng3	dong6 joeng4	1	145
瑓	lin6		0	149
瑔	cyun4		0	147
瑕	haa4		0	136
瑖	dyun3		0	148
瑗	jyun6		0	142
瑘	je4		0	149
瑙	nou5		0	138
瑚	wu4		0	140
瑛	jing1		0	135
瑜	jyu4		0	95
瑝	waang4		0	144
瑞	seoi6		0	103
瑟	sat1		0	130
瑠	lau4		0	142
瑡	si1		0	147
瑢	jung4		0	143
瑣	so2		0	138
瑤	jiu4		0	107
瑥	wan1		0	146
瑦	wu2		0	146
瑧	zeon1		0	145
瑨	zeon3		0	144
瑩	jing4		0	113
瑪	maa5		0	116
瑫	tou1		0	148
瑬	lau4		0	145
瑭	tong4		0	142
瑮	leot6		0	147
瑯	long4		0	163
瑰	gwai3	gwai1	0	138
瑱	din3	tin3 zan3	1	144
瑲	coeng1		0	148
瑳	co1	co2	1	146
瑴	gok3		0	147
瑵	zaau2	zou2	1	149
瑶	jiu4		0	205
瑷	oi3	ngoi3	1	205
瑸	ban1		0	205
瑹	syu1		0	148
瑺	soeng4		0	143
瑻	kwan1		0	153
瑼	zyun1		0	150
瑽	cung1	cung4	1	198
瑾	gan2		0	120
瑿	ji1		0	148
璀	ceoi1	ceoi2	0	159
璁	cung1		0	141
璂	kei4		0	147
璃	lei4	lei1	0	130
璄	ging2		0	145
璅	so2	ziu2	1	148
璆	kau4		0	145
璇	syun4		0	124
璈	ngou4		0	145
璉	lin5	lin4	0	137
璊	mun4		0	148
璋	zoeng1		0	104
璌	jan4		0	151
璍	jip6		0	205
璎	jing1		0	205
璏	wai6		0	149
璐	lou6		0	133
璑	mou4		0	144
璒	dang1		0	148
璓	sau3		0	147
璔	zang1		0	148
璕	cam4		0	147
璖	keoi4		0	150
璗	dong6		0	147
璘	leon4		0	142
璙	liu4		0	151
璚	king4	kyut3	1	148
璛	suk1		0	149
璜	wong4		0	160
璝	gwai1		0	146
璞	pok3		0	138
璟	ging2		0	139
璠	faan4		0	143
璡	zeon1	zeon3	1	146
璢	lau4		0	150
璣	gei1		0	131
璤	wai6		0	205
璥	ging2		0	148
璦	oi3		0	141
璧	bik1		0	127
璨	caan3		0	138
璩	keoi4		0	142
璪	zou2		0	146
璫	dong1		0	143
璬	giu2		0	150
璭	gun2		0	153
璮	taan2		0	147
璯	faai3	wui6	1	146
環	waan4		0	105
璱	sat1		0	147
璲	seoi6		0	147
璳	tin4		0	151
璴	co2		0	205
璵	jyu4		0	143
璶	zeon6		0	147
璷	fu1	leoi4 lou4	1	150
璸	ban1		0	148
璹	sau6	suk6	1	147
璺	man4	man6	1	143
璻	zeoi2		0	150
璼	laam4		0	151
璽	saai2		0	127
璾	cai5	zi1	1	150
璿	syun4		0	144
瓀	jyun5		0	149
瓁	wok6		0	142
瓂	goi3		0	146
瓃	leoi4	leoi6	1	150
瓄	duk6		0	154
瓅	lik1	lik6	1	145
瓆	zat1		0	150
瓇	jau4		0	148
瓈	lei4		0	147
瓉	zaan3		0	150
瓊	king4		0	103
瓋	tik1		0	152
瓌	gwai1		0	147
瓍	ceoi4		0	147
瓎	laat6		0	150
瓏	lung4		0	144
瓐	lou4		0	151
瓑	lik6		0	145
瓒	zaan3		0	205
瓓	laan6		0	148
瓔	jing1		0	141
瓕	mei4	saai2	1	146
瓖	soeng1		0	172
瓗	king4	kwai4	1	152
瓘	gun3		0	144
瓙	dou6		0	144
瓚	zaan3	zaan6	0	128
瓛	wun4		0	146
瓜	gwaa1		0	110
瓝	bok6	paau4	1	150
瓞	dit6	wok6	0	145
瓟	bok6	paau4	1	145
瓠	wok6	wu6 wu4	1	142
瓡	zap1		0	148
瓢	piu4		0	135
瓣	faan6	baan6	0	130
瓤	nong4		0	159
瓥	lai6		0	147
瓦	ngaa5		0	112
瓨	gong1		0	146
瓪	baan2		0	149
瓫	pun4		0	150
瓬	fong2		0	146
瓭	dam2		0	151
瓮	ung3		0	142
瓯	au1	ngau1	1	205
瓲	tyun4		0	153
瓳	wu4		0	152
瓴	ling4		0	142
瓵	ji4		0	149
瓶	ping4	ping2 peng4	0	110
瓷	ci4		0	128
瓹	gyun1		0	149
瓺	coeng4		0	152
瓻	ci1		0	149
瓼	lei5		0	153
瓽	dong2	dong6	1	149
瓾	maang5		0	152
瓿	bau6	pau2 bou6	1	142
甀	zeoi6		0	149
甁	ping4		0	144
甂	bin1	pin1	1	149
甃	zau3		0	145
甄	jan1	zan1	0	121
甆	ci4		0	148
甇	aang1	ang1	1	152
甈	hei3		0	149
甉	haam4		0	152
甊	lau5		0	148
甋	dik1		0	150
甌	au1		0	140
甍	mang4		0	143
甎	zyun1		0	149
甏	bong3	bong6	1	143
甐	leon6		0	152
甑	zang3	zang6	1	141
甒	mou5		0	148
甓	bik1	pik1	1	143
甔	daam1	daam3	1	150
甕	ung3		0	136
甖	aang1		0	153
甗	jin5		0	146
甘	gam1		0	105
甙	doi6		0	139
甚	sam6		0	113
甛	tim4		0	144
甜	tim4		0	94
甝	hon4		0	149
甞	soeng4		0	146
生	saang1	sang1	1	80
甠	cing4		0	148
甡	san1		0	143
產	caan2		0	111
産	caan2		0	198
甤	jeoi4		0	149
甥	saang1	sang1	0	142
甦	sou1		0	139
甧	sam1		0	150
用	jung6		0	67
甩	lat1	seot1	0	94
甪	luk6		0	155
甫	fu2	pou2 pou3	0	125
甬	jung2	jung5	0	138
甭	bung2	bung3 bang2 bat1	0	136
甮	fung6		0	147
甯	ning4	ning6	0	133
田	tin4		0	95
由	jau4		0	76
甲	gaap3		0	101
申	san1		0	117
甴	zaat2	zaat6 zat6	1	110
电	din6		0	205
甶	fat6		0	147
男	naam4		0	89
甸	din1	din6 tin4	1	133
甹	ping1		0	150
町	ding1	ting5 ting1 tin2 ting2	0	144
画	waak6	waak2 waa6 waa2	1	205
甼	ting5		0	149
甽	hyun2	zan3	1	145
甾	zi1	zoi1	1	140
甿	man4	mang4 mong4	1	147
畀	bei2	bei3	0	69
畁	bei2		0	147
畂	mau5		0	148
畃	seon4		0	151
畄	lau4		0	146
畅	coeng3		0	205
畆	mau5		0	151
畇	wan4		0	148
畈	faan3		0	140
畉	fu4		0	149
畊	gaang1		0	143
畋	tin4		0	142
界	gaai3		0	99
畍	gaai3		0	150
畎	gyun2	hyun2	1	143
畏	wai3		0	122
畐	fuk1		0	143
畑	tin4		0	142
畒	mau5		0	205
畓	cyun4		0	152
畔	bun6		0	136
畕	goeng1		0	150
畖	waa1		0	149
畗	daap3		0	146
畘	naam4		0	147
留	lau4		0	87
畚	bun2		0	143
畛	can2	zan2	1	142
畜	cuk1		0	127
畝	mau5		0	121
畞	mau5		0	146
畟	cak1	cik1 zik1	1	148
畠	tin4		0	144
畡	goi1		0	148
畢	bat1		0	115
畣	daap3		0	147
畤	si5	zi6 zi2	1	144
略	loek6		0	110
畦	kwai4		0	140
畧	loek6		0	146
畨	faan1		0	144
畩	ji1		0	144
番	faan1	pun1 po4	0	81
畫	waak6	waa6 waa2	1	86
畬	jyu4	se1 se4	0	142
畭	jyu4		0	150
畮	mau5		0	148
畯	zeon3		0	145
異	ji6		0	110
畱	lau4		0	141
畲	se4		0	141
畳	dip6		0	146
畴	cau4		0	205
畵	waak6		0	183
當	dong1	dong3	1	76
畷	zyut3		0	147
畸	kei1	gei1	0	149
畹	jyun2		0	141
畺	goeng1		0	147
畻	sing4		0	146
畼	coeng4		0	144
畽	dung2	teon2	1	150
畾	leoi4		0	144
畿	gei1	kei4	0	141
疀	caap3		0	152
疁	lau4		0	146
疂	dip6		0	146
疃	teon2		0	140
疄	leon4	leon6	1	145
疅	goeng1		0	153
疆	goeng1		0	122
疇	cau4		0	136
疈	bik1		0	152
疉	daap6	dip6	1	148
疊	dip6	daap6	1	112
疋	ngaa5	so1 pat1	1	143
疌	zit3	zit6	1	147
疍	daan6		0	205
疎	so1	so3	1	146
疏	so1	so3	0	117
疐	dai3	zi3	1	148
疑	ji4		0	116
疒	cong4	nik6 nak6	1	144
疓	naai5		0	148
疔	ding1	deng1	0	143
疕	bei2	pei2	1	147
疖	zit3		0	205
疗	liu4		0	205
疘	gong1		0	148
疙	ngat6	gat1 gat6	0	142
疚	gau3		0	137
疛	zau2		0	151
疜	haa6		0	144
疝	saan3		0	139
疞	heoi1		0	150
疟	joek6		0	205
疠	lai6		0	198
疡	joeng4		0	205
疢	can2	can3	1	147
疣	jau4		0	139
疤	baa1		0	127
疥	gaai3		0	142
疦	kyut3		0	152
疧	kei4	zi1	1	144
疨	haa1	ngaa4	1	146
疩	seoi6		0	149
疪	bei3		0	147
疫	jik6		0	131
疬	lik6	lek6	1	205
疭	zung3		0	205
疮	cong1		0	205
疯	fung1		0	205
疰	zyu3		0	144
疱	paau3		0	152
疲	pei4		0	127
疳	gam1		0	142
疴	o1		0	153
疵	ci1	ci4	0	140
疶	sit3		0	151
疷	zi1		0	151
疸	taan2	daap3 daam2 daan3	0	143
疹	can2	zan2	0	133
疺	fat6		0	147
疻	zi1	zi2	1	144
疼	tang4	tung3 tung4	0	126
疽	zeoi1	ceoi1	0	141
疾	zat6		0	116
疿	fai2	fai6 fai3 fei2	1	157
痀	jyu2	keoi1 keoi4	1	148
痁	dim3	sim1	1	147
痂	gaa1	ge1	0	153
痃	jin4	jyun4	1	145
痄	zaa3		0	148
病	beng6	bing6	0	89
痆	laat6	naat6	1	147
症	zing3	zing1	0	109
痈	jung1		0	205
痉	ging3	ging6	1	205
痊	cyun4		0	142
痋	cung4	tung4	1	143
痌	tung1		0	143
痍	ji4		0	143
痎	gaai1		0	148
痏	fui2	wai5	1	145
痐	wui4		0	148
痑	taan1		0	149
痒	joeng4	joeng5	1	160
痓	ci3		0	147
痔	zi6		0	138
痕	han4		0	100
痖	aa2	ngaa2	1	205
痗	fui3	mui6	1	147
痘	dau2	dau6	0	125
痙	ging6		0	141
痚	haau1		0	152
痛	tung3		0	85
痜	tuk1		0	148
痝	mong4		0	151
痞	pei2	mau1 fau2 pei5	0	142
痟	siu1		0	147
痠	syun1		0	136
痡	fu1	pou1	1	148
痢	lei6		0	144
痣	zi3		0	140
痤	co4		0	142
痥	dyut6		0	151
痦	ng6		0	144
痧	saa1		0	141
痨	lou4		0	205
痩	sau3		0	144
痪	wun6		0	205
痫	gaan2	haan4	1	205
痬	jik6		0	151
痭	bang1		0	148
痮	zoeng3		0	147
痯	gun2		0	151
痰	taam4		0	119
痱	fai2	fai6 fai3 fei2 fei4	1	141
痲	maa4		0	160
痳	lam4	maa4	1	194
痴	ci1		0	104
痵	gwai3		0	149
痶	din2		0	149
痷	am1	jip3	1	147
痸	cai3		0	150
痹	bei3		0	134
痺	bei3	bei1	0	138
痻	man4		0	153
痼	gu3		0	144
痽	deoi1		0	146
痾	o1		0	119
痿	wai2	wai1	0	140
瘀	jyu2	jyu1 jyu3	0	121
瘁	seoi6		0	141
瘂	aa2		0	145
瘃	zuk1	zuk6 zuk3	1	147
瘄	cou3		0	205
瘅	daan3	daan1	1	205
瘆	sam3		0	205
瘇	zung2		0	148
瘈	gai3	zai3 kai3	1	146
瘉	jyu6		0	163
瘊	hau4		0	145
瘋	fung1		0	109
瘌	laat3	laat6	1	144
瘍	joeng4		0	141
瘎	sam4		0	145
瘏	tou4		0	148
瘐	jyu5		0	145
瘑	gwo1		0	145
瘒	wan4		0	149
瘓	wun6		0	141
瘔	fu2	fu3	1	146
瘕	gaa1	gaa2 haa4 gaa3	1	143
瘖	jam1		0	145
瘗	ji3		0	205
瘘	lau6		0	205
瘙	sou3		0	143
瘚	kyut3		0	151
瘛	cai3	kai3 zai3	1	142
瘜	sik1		0	146
瘝	gwaan1		0	146
瘞	ai3	ji3	1	143
瘟	wan1		0	129
瘠	zek3	zik3 zik6	0	143
瘡	cong1		0	127
瘢	baan1	pun4	0	142
瘣	waai6	wui6	1	148
瘤	lau2	lau4	0	134
瘥	caai3	co4 co1	1	144
瘦	sau3		0	100
瘧	joek6		0	140
瘨	din1		0	147
瘩	daap3	daat6	0	142
瘪	bit6		0	205
瘫	taan1	taan2	1	205
瘬	zoeng3		0	146
瘭	biu1		0	148
瘮	sam3		0	144
瘯	cuk1	zuk6	1	145
瘰	leoi4	lo2 lo5	1	144
瘱	ai3	ji3	1	153
瘲	zung3		0	146
瘳	cau1		0	144
瘴	zoeng3		0	141
瘵	zaai3		0	145
瘶	sau3		0	153
瘷	zek3		0	154
瘸	ke4	koe4	0	138
瘹	diu3		0	148
瘺	lau6		0	139
瘻	lau6		0	198
瘼	mok6		0	144
瘽	gan2	kan4	1	145
瘾	jan5		0	205
瘿	jing2		0	205
癀	wong4		0	144
癁	fuk6		0	148
療	liu4		0	122
癃	lung4		0	144
癄	ciu4		0	153
癅	lau4		0	150
癆	lou4		0	138
癇	gaan2	haan4	0	141
癈	fai3		0	144
癉	daan1	daan3 do3 taan1	1	144
癊	jam3		0	147
癋	hok3		0	147
癌	ngaam4		0	124
癍	baan1		0	143
癎	gaan2	haan4	1	143
癏	gwaan1		0	148
癐	gui6	wai1	0	160
癑	nung6		0	149
癒	jyu6		0	132
癓	mei4		0	147
癔	ji3		0	144
癕	jung1		0	147
癖	pik1		0	133
癗	leoi5		0	148
癘	lai6	laai3 laai6	0	144
癙	syu2		0	145
癚	daam3		0	149
癛	lam5		0	149
癜	din6		0	141
癝	lam5		0	205
癞	laai3		0	205
癟	bit6		0	137
癠	cai4	zik3 zai6	1	148
癡	ci1		0	98
癢	joeng5		0	123
癣	sin2		0	205
癤	zit3		0	142
癥	zing1	zing3	0	140
癦	mak2	mak6	1	205
癧	lek6	lik6	1	145
癨	fok3		0	150
癩	laai3	laai6 laat6	0	137
癪	zik1		0	150
癫	din1		0	205
癬	sin2		0	139
癭	jing2		0	142
癮	jan5		0	118
癯	keoi4		0	143
癰	jung1	jung2	0	141
癱	taan1	taan2	0	127
癲	din1		0	107
癳	lo2		0	205
癴	lyun4		0	150
癵	lyun1	lyun4	1	149
癶	but3	but6	1	144
癷	gon1		0	205
癸	gwai3		0	157
癹	bat6		0	147
発	faat3		0	140
登	dang1		0	101
發	faat3	but3 but6	0	85
白	baak6		0	82
百	baak3		0	80
癿	gaa1	ke4	1	144
皀	gwai2		0	147
皁	zou6		0	139
皂	zou6		0	156
皃	maau6		0	147
的	dik1		0	57
皅	paa1		0	146
皆	gaai1		0	111
皇	wong4		0	98
皈	gwai1		0	142
皉	ci2		0	148
皊	ling4		0	145
皋	gou1		0	139
皌	mut6		0	147
皍	zik1		0	147
皎	gaau2		0	139
皏	pang2		0	150
皐	gou1		0	145
皑	ngoi2	oi2 ngoi4 oi4 ji4	1	205
皒	ngo4		0	139
皓	hou6	gou2	0	101
皔	hon5		0	151
皕	bat6	bik1	1	145
皖	wun2	wun5	0	135
皗	cau4		0	151
皘	sin3		0	148
皙	sik1		0	141
皚	ngoi4	ngoi2 ji4	0	140
皛	jiu5	kiu5	1	143
皜	hou6		0	145
皝	fong2		0	144
皞	hou6		0	144
皟	caak3		0	146
皠	ceoi3		0	146
皡	hou6		0	148
皢	hiu2		0	144
皣	jip6		0	151
皤	po4		0	142
皥	hou6		0	146
皦	gaau2	giu2	1	145
皧	oi3		0	143
皨	sing1		0	147
皩	fong2		0	150
皪	lik1	lik6	1	146
皫	piu2	piu5 piu3	1	150
皬	hok6		0	144
皭	ziu3	zoek3 ziu6 zoek6	1	148
皮	pei4	pei2	0	93
皯	gon2		0	144
皰	paau3		0	140
皱	zau3	caau4	1	205
皲	gwan1		0	205
皳	kau4		0	149
皴	ceon1	seon1	1	142
皵	cik1	coek3	1	144
皶	zaa1		0	148
皷	gu2		0	148
皸	gwan1		0	145
皹	gwan1		0	149
皺	zau3		0	106
皻	zaa1		0	146
皼	gu2		0	205
皽	zin2		0	148
皾	duk6		0	152
皿	ming5		0	143
盀	hei2		0	147
盁	jing4		0	147
盂	jyu4		0	140
盃	bui1		0	123
盄	diu3	suk6	1	148
盅	zung1		0	136
盆	pun4		0	105
盇	hap6		0	147
盈	jing4		0	108
盉	wo4		0	145
益	jik1		0	110
盋	but3		0	147
盌	wun2		0	147
盍	hap6		0	142
盎	ong3	on1	0	140
盏	zaan2		0	205
盐	jim4	jim1 jim6	1	205
监	gaam1	gaam3	1	205
盒	hap6	hap2 haap6 haap2	0	95
盓	jyu1	wu1	1	147
盔	kwai1		0	125
盕	faan3		0	149
盖	goi3	koi3 hap1 hap6 gap3	1	205
盗	dou6		0	205
盘	pun4	pun2	1	205
盙	fu2		0	148
盚	kau4		0	149
盛	sing6	sing4	0	107
盜	dou6		0	126
盝	luk6		0	146
盞	zaan2		0	110
盟	mang4		0	117
盠	lai4		0	148
盡	zeon6	zeon2	0	92
盢	gwik1		0	148
監	gaam1	gaam3	1	109
盤	pun4		0	96
盥	gun3	fun2 gun2	0	143
盦	am1		0	145
盧	lou4	leoi4	0	102
盨	seoi2	so2	1	146
盩	zau1		0	146
盪	dong6	tong3	0	123
盫	am1		0	147
盬	gu2		0	146
盭	lai6	leoi6	1	149
目	muk6		0	98
盯	ding1	deng1	0	120
盰	gon2	gon3	1	149
盱	heoi1		0	143
盲	maang4		0	110
盳	maang4	mong6	1	146
直	zik6		0	91
盵	hei3		0	144
盶	jyun5		0	149
盷	jyun4		0	147
相	soeng2	soeng1 soeng3	1	85
盹	deon6	zeon3	0	139
盺	jan1		0	146
盻	hai6	paan3	1	145
盼	paan3		0	117
盽	fung1		0	148
盾	teon5	seon5	0	122
盿	man4		0	149
眀	ming4		0	142
省	saang2	sing2	1	100
眂	si6		0	148
眃	wan4	wan6	1	149
眄	min5	min6	1	143
眅	paan1		0	148
眆	fong2		0	148
眇	miu5		0	143
眈	daam1		0	160
眉	mei4		0	101
眊	mou6		0	146
看	hon3	hon1	0	84
県	jyun6		0	141
眍	kau1		0	205
眎	si6		0	145
眏	ong1		0	146
眐	zing1		0	148
眑	jiu2		0	151
眒	san1		0	148
眓	kut3		0	149
眔	daap6		0	145
眕	can2	zan2	1	146
眖	fong3		0	149
眗	geoi1		0	149
眘	san6		0	145
眙	ci3	ji4	1	145
眚	saang2		0	160
眛	mui6		0	145
眜	mit6	mut6	1	147
眝	cyu5		0	150
眞	zan1		0	167
真	zan1		0	79
眠	min4		0	128
眡	si6		0	148
眢	jyun1		0	146
眣	dit6		0	150
眤	lik1	nik1	1	146
眥	zi6	zaai6 zai6	0	141
眦	zi6		0	155
眧	ciu1		0	148
眨	zaam2	zaap3 zaap6	1	113
眩	jyun4	jyun6 waan6	0	145
眪	bing2		0	151
眫	mai5		0	146
眬	lung4		0	205
眭	seoi1		0	142
眮	tung4		0	146
眯	mai4	mai5 mei1 mi1	1	109
眰	dit6		0	146
眱	ji4		0	151
眲	nei6	ngak1 ngaak1 nik6	1	149
眳	ming4		0	145
眴	hyun3	seon1 jyun6 seon3	1	145
眵	ci1		0	146
眶	kwaang1	hong1	0	134
眷	gyun3		0	131
眸	mau4		0	135
眹	zam6	zan2 zan6	1	146
眺	tiu3		0	136
眻	joeng4		0	147
眼	ngaan5		0	79
眽	maak6	mak6	1	147
眾	zung3	zung1	0	101
眿	mak6		0	147
着	zoek3	zoek6 ziu1	1	83
睁	zang1	zaang1	1	205
睂	mei4		0	148
睃	ling6	so1 zeon3	1	145
睄	ciu4	saau3	1	147
睅	hon5	hon6 wun5	1	150
睆	wun2	wun5	1	146
睇	tai2		0	59
睈	cing2		0	151
睉	co4		0	150
睊	gyun3		0	149
睋	ngo4		0	141
睌	maan5		0	147
睍	jin5	jin6	1	184
睎	hei1		0	146
睏	kwan3	fan3 han3	0	127
睐	loi6		0	205
睑	gim2	lim4	1	205
睒	sim2		0	145
睓	tin5		0	152
睔	gwan3		0	150
睕	jyun2	waan1	1	149
睖	ling6		0	148
睗	sik1		0	149
睘	king4		0	146
睙	lit6		0	145
睚	ngaai4		0	144
睛	zing1		0	135
睜	zang1	zaang1	0	121
睝	lei4		0	152
睞	loi6		0	160
睟	seoi3	seoi6	1	147
睠	gyun3		0	147
睡	seoi6		0	105
睢	seoi1	fai1	0	139
督	duk1		0	106
睤	pai5		0	150
睥	pai5	pei5 pai3	0	126
睦	muk6		0	135
睧	fan1		0	147
睨	ngai6		0	141
睩	luk1	luk6	1	147
睪	gou1	jik6 zaak6	0	141
睫	zit3	zit6 zip3	0	138
睬	coi2		0	109
睭	zau2		0	146
睮	jyu4		0	149
睯	fan1		0	149
睰	maat3		0	149
睱	haa6		0	145
睲	sing2		0	146
睳	fui1		0	147
睴	gwan3		0	149
睵	zoi1		0	149
睶	ceon2		0	150
睷	gin1		0	147
睸	mei1		0	148
睹	dou2		0	138
睺	hau1	hau4	1	138
睻	hyun1		0	150
睼	dai6	tin3	1	151
睽	kwai4	kwai1	0	141
睾	gou1		0	146
睿	jeoi6		0	120
瞀	mau6		0	145
瞁	hik1		0	148
瞂	fat6		0	151
瞃	wat1		0	151
瞄	miu4		0	120
瞅	cau2		0	141
瞆	gwai3	kui2 kwui2	1	205
瞇	mai5	mei1 mai4 mi1	0	124
瞈	jung2		0	151
瞉	gai3	kau3	1	150
瞊	dong6		0	151
瞋	can1		0	160
瞌	hap1	hap6	0	141
瞍	sau2		0	145
瞎	hat6		0	124
瞏	king4		0	148
瞐	mok6		0	144
瞑	ming5	ming4 min6	0	141
瞒	mun4		0	205
瞓	fan3		0	78
瞔	zaak3		0	151
瞕	zoeng3		0	150
瞖	ai3		0	149
瞗	dau1	diu1	1	152
瞘	kau1		0	145
瞙	mok6		0	148
瞚	seon3		0	149
瞛	cung1		0	148
瞜	lau1	lau4	1	194
瞝	ci1		0	152
瞞	mun4		0	112
瞟	piu5	piu2	0	149
瞠	caang1	tong4	0	160
瞡	kwai1		0	149
瞢	mang4	mung4 mung6	1	144
瞣	waan6		0	150
瞤	seon3	seon4 seon6	1	147
瞥	pit3		0	142
瞦	hei1		0	147
瞧	ciu4		0	133
瞨	pok3		0	152
瞩	zuk1		0	205
瞪	dang1	dang6 caang4 cing4	0	111
瞫	sam2		0	148
瞬	seon3		0	126
瞭	liu4	liu5	0	121
瞮	cit3		0	148
瞯	gaan3	haan4	1	148
瞰	ham3	ham6	1	155
瞱	jip6		0	148
瞲	hyut3	jyut6 leot6 wat6	1	149
瞳	tung4		0	133
瞴	mei4	mou4 mou5	1	145
瞵	leon4		0	146
瞶	gwai3	kui2	1	147
瞷	gaan3		0	146
瞸	jip6		0	149
瞹	oi3		0	145
瞺	wui3		0	145
瞻	zim1		0	139
瞼	gim2	lim4	0	139
瞽	gu2		0	142
瞾	ziu3		0	145
瞿	keoi4	geoi3 fok3 geoi2 geoi6	0	137
矀	mei4		0	151
矁	cau2		0	146
矂	cou3		0	149
矃	ning5		0	150
矄	fan1		0	150
矅	jiu6		0	146
矆	fok3		0	148
矇	mung4		0	122
矈	min4		0	205
矉	pan4		0	149
矊	min4		0	146
矋	lai6		0	205
矌	gwong3	kwong3	1	149
矍	fok3	gwok3	1	142
矎	hing3	hyun3	1	154
矏	min4		0	150
矐	fok3	hok6 hok3	1	150
矑	lou4		0	149
矒	mung4		0	147
矓	lung4		0	144
矔	gun3		0	151
矕	maan5		0	150
矖	saai2		0	147
矗	cuk1		0	140
矘	tong2		0	148
矙	ham3	ham6	1	147
矚	zuk1		0	139
矛	maau4		0	115
矜	ging1	gwaan1 kan4 ging6 kam4	0	139
矝	ging1		0	145
矞	jyut6	wat6 kyut3 leot6	1	144
矟	sok3		0	146
矠	caak3	zaak6	1	147
矡	fok3		0	149
矢	ci2		0	133
矣	ji5		0	116
矤	can2		0	149
知	zi1	zi3	1	66
矦	hau4		0	148
矧	can2		0	144
矨	jing5		0	150
矩	geoi2		0	132
矪	zau1		0	150
矫	giu2	kiu2	1	205
矬	co4		0	143
短	dyun2		0	93
矮	ai2		0	103
矯	giu2	kiu2	0	132
矰	zang1		0	146
矱	wok3	wok6	1	147
矲	baa6		0	148
石	sek6	daam3	0	86
矴	ding3		0	148
矵	cai3		0	149
矶	gei1		0	205
矷	zi2		0	147
矸	gon1	gon3 hon6	1	141
矹	ngat6		0	151
矺	zaak3		0	151
矻	fat1	ngat6	1	145
矼	gong1	hong1	1	146
矽	zik6		0	160
矾	faan4		0	205
矿	kong3	kwong3	1	205
砀	dong6		0	205
码	maa5	maa2	1	205
砂	saa1		0	132
砃	daan1		0	146
砄	kyut3		0	149
砅	lai6		0	149
砆	fu1		0	148
砇	man4		0	150
砈	ngo5		0	149
砉	waak6		0	142
砊	hong1	kong3	1	150
砋	zi2		0	150
砌	cai3	cit3	0	89
砍	ham2		0	115
砎	gaai3		0	150
砏	fan1	paan1	1	146
砐	ngap6		0	149
砑	ngaa6		0	142
砒	pei1		0	141
砓	zit3		0	150
研	jin4	ngaan4	0	126
砕	seoi3		0	144
砖	zyun1		0	205
砗	ce1		0	205
砘	deon6		0	143
砙	ngaa5		0	205
砚	jin6	jin2	1	205
砛	gaam1		0	205
砜	fung1		0	205
砝	faat3	fat3	1	142
砞	mut6		0	205
砟	zaa1	zok6 zaa3 zaa2	1	142
砠	ceoi1	zeoi1	1	147
砡	juk6		0	146
砢	lo2	o1 lo5	1	144
砣	to4		0	139
砤	to4		0	151
砥	dai2	zi2 zi1	0	140
砦	zaai6		0	141
砧	zam1		0	140
砨	aai3	ak1	1	151
砩	fai3	fat1 fat6	1	141
砪	mou5		0	150
砫	cyu5	zyu2	1	146
砬	laa1	laap6	1	139
砭	bin1	bin2	0	141
砮	nou4	nou5	1	147
砯	ping1		0	147
砰	ping1	paang1 ping4	0	102
砱	ling4		0	149
砲	paau3		0	129
砳	laak6		0	147
破	po3		0	96
砵	but3		0	126
砶	paak3		0	149
砷	san1		0	138
砸	zaap3	zaak3	1	118
砹	ngaai6	aai6	1	142
砺	lai6		0	205
砻	lung4		0	205
砼	tung4		0	137
砽	jung6		0	205
砾	lik1	lok6	1	205
砿	kong3		0	149
础	co2		0	205
硁	hang1	hing3	1	205
硂	cyun4		0	147
硃	zyu1		0	123
硄	hong1		0	148
硅	gwai1		0	129
硆	ngap6		0	153
硇	naau4		0	143
硈	kit3		0	150
硉	leot6		0	149
硊	kwai3	ngai5	1	147
硋	ngoi6		0	149
硌	gok3	lok6 lok3	1	141
硍	haan6		0	148
硎	jing4		0	141
硏	gaan2	jin4 jin6 ngaan4 gin2	1	145
硐	dung6		0	141
硑	ping1		0	148
硒	sai1		0	138
硓	lou5		0	205
硔	hung4		0	205
硕	sek6		0	205
硖	hap6	haap6 gip3	1	205
硗	haau1		0	205
硘	wui4		0	205
硙	wai3	oi4 ngoi4 hoi2	1	205
硚	kiu4		0	205
硛	zik1		0	205
硜	hang1		0	146
硝	siu1		0	144
硞	kok3	kuk1	1	148
硟	cin3		0	153
硠	long4		0	147
硡	gwang1	wang4	1	151
硢	jyu4		0	150
硣	haau1		0	149
硤	hap6	haap6 gip3	0	142
硥	pong5		0	148
硦	lok6		0	150
硧	jung5		0	148
硨	ce1		0	142
硩	zit3		0	149
硪	ngo4	ngo6	1	136
硫	lau4		0	133
硬	ngaang6		0	94
硭	mong4		0	143
确	kok3		0	138
硯	jin2	jin6	0	134
硰	co2	saa1	1	148
硱	kwan2		0	149
硲	juk6		0	148
硳	cek3		0	205
硴	faa1		0	147
硵	lou5		0	205
硶	cam2		0	145
硷	gaan2		0	205
硸	joek6		0	149
硹	sung1		0	150
硺	zoek3		0	150
硻	hang1	kong3	1	152
硼	paang4	pang4 paang1	0	138
硽	jim1		0	153
硾	zeoi6		0	148
硿	hung1		0	147
碀	cang4		0	152
碁	gei1	kei4	1	139
碂	zung3		0	148
碃	cing3		0	146
碄	lam4		0	149
碅	kwan1		0	149
碆	bo1		0	148
碇	ding3		0	149
碈	man4		0	148
碉	diu1		0	136
碊	zin1		0	150
碋	ho6		0	150
碌	luk1	luk6	0	99
碍	ngoi6		0	205
碎	seoi3		0	102
碏	coek3		0	145
碐	ling4		0	149
碑	bei1		0	116
碒	jam4		0	150
碓	deoi3		0	141
碔	mou5		0	148
碕	kei4		0	191
碖	leon4	leon6	1	150
碗	wun2		0	94
碘	din2		0	135
碙	gong1		0	146
碚	pui5		0	141
碛	zik1	zaat3	1	205
碜	cam2		0	205
碝	jyun5		0	149
碞	jam4	ngaam4	1	146
碟	dip6	dip2	0	100
碠	ding3		0	148
碡	duk6	zuk6	0	147
碢	to4		0	148
碣	kit3		0	136
碤	jing1		0	149
碥	bin2		0	145
碦	haak3		0	147
碧	bik1		0	105
碨	wai2	wai3	1	148
碩	sek6		0	139
碪	zam1		0	147
碫	dyun3		0	149
碬	haa4		0	150
碭	dong6		0	140
碮	tai4		0	150
碯	nou5		0	150
碰	pung3		0	104
碱	gaan2		0	160
碲	dai3		0	160
碳	taan3		0	128
碴	zaa1	caa4 caa1	0	140
碵	zing1		0	149
碶	kai3		0	205
碷	seon5		0	205
碸	fung1		0	141
碹	syun4		0	145
確	kok3		0	113
碻	kok3		0	148
碼	maa5		0	119
碽	gung1		0	148
碾	nin5	zin2 ngaan4 nin6	0	130
碿	seot1		0	150
磀	ngaak6		0	150
磁	ci4		0	136
磂	lau4		0	150
磃	si1	tai4	1	150
磄	tong4		0	150
磅	bong6	pong4	0	109
磆	waat6		0	147
磇	pei1		0	151
磈	faai3		0	149
磉	song2		0	145
磊	leoi5		0	125
磋	co1		0	144
磌	tin4		0	148
磍	daat3	git3 hat1 hat6	1	148
磎	kai1		0	148
磏	him1	lim4	1	147
磐	pun4		0	138
磑	hoi2	wai3 ngoi4 ngai4 ngoi6	1	147
磒	wan5		0	150
磓	deoi1		0	149
磔	zaak3	zaak6	1	143
磕	hap6	ham2 hap1 koi3	0	145
磖	laa1	laap6	1	150
磗	zyun1		0	205
磘	jiu4		0	205
磙	gwan2		0	145
磚	zyun1		0	114
磛	caam4		0	150
磜	zai3		0	147
磝	ngou4		0	148
磞	paang1	pang4	1	147
磟	luk1	luk6	1	150
磠	lou5		0	149
磡	ham3		0	132
磢	coeng2	cong2 saang2	1	153
磣	cam2		0	141
磤	jan2		0	150
磥	leoi5		0	147
磦	biu1		0	147
磧	cik1	zik1 zaat3 zaak3	1	141
磨	mo4	mo6	0	108
磩	cik1		0	150
磪	ceoi1	ceoi4	1	150
磫	zung1		0	151
磬	hing3		0	140
磭	coek3		0	150
磮	leon4		0	205
磯	gei1		0	153
磰	sin6		0	153
磱	lou4		0	147
磲	keoi4		0	146
磳	zang1		0	147
磴	dang3		0	142
磵	gaan3		0	148
磶	sik1		0	151
磷	leon4	leon6 ling4	0	132
磸	ding3		0	151
磹	dim3	taam2 taam4	1	148
磺	wong4		0	137
磻	bo1	pun4	1	144
磼	zaap6		0	150
磽	haau1		0	142
磾	dai1		0	145
磿	lik6		0	148
礀	gaan3		0	144
礁	ziu1		0	141
礂	hei1		0	148
礃	zoeng2		0	205
礄	kiu4		0	145
礅	deon1		0	144
礆	gaan2		0	205
礇	juk1		0	150
礈	zeoi6		0	151
礉	haau1	hat6	1	147
礊	hak1		0	149
礋	zaak6		0	147
礌	leoi5	leoi6	1	145
礍	kit3		0	150
礎	co2		0	140
礏	jap6		0	148
礐	kok3		0	144
礑	dong3		0	147
礒	ngai5		0	147
礓	goeng1		0	146
礔	pik1		0	148
礕	pik1		0	150
礖	jyu6		0	149
礗	ban1		0	150
礘	ngap6		0	152
礙	ngoi6		0	130
礚	hap6		0	147
礛	gaam1	laam4	1	147
礜	jyu6		0	148
礝	jyun5		0	151
礞	mung4		0	146
礟	paau3		0	149
礠	ci4		0	147
礡	bok6		0	205
礢	joeng5		0	205
礣	maat3	mat6	1	150
礤	caat3		0	142
礥	jin4		0	150
礦	kwong3		0	113
礧	leoi6		0	148
礨	leoi5		0	148
礩	zat1	zi3 zat6	1	148
礪	lai6		0	140
礫	lik1	lok6 lik6	0	140
礬	faan4	faan6	0	140
礭	kok3		0	149
礮	paau3		0	147
礯	jing1		0	149
礰	lik6		0	150
礱	lung4		0	142
礲	lung4		0	150
礳	mo6		0	205
礴	bok6		0	139
礵	soeng1		0	147
礶	gun3		0	205
礷	laam4		0	148
礸	caat3		0	149
礹	jim5	ngaam4	1	150
示	si6		0	118
礻	si6		0	141
礼	lai5		0	205
礽	jing4		0	144
社	se5	se6	0	108
礿	joek6		0	147
祀	zi6		0	134
祁	kei4		0	128
祂	taa1		0	144
祃	maa6		0	205
祄	haai6		0	147
祅	jiu1	jiu2	1	144
祆	hin1		0	144
祇	kei4	zi2	0	125
祈	kei4		0	131
祉	ci2	zi2	1	148
祊	bang1	paang1	1	145
祋	deoi3	doi6	1	149
祌	cung1	zung6	1	144
祍	jam6		0	149
祎	ji1		0	205
祏	sek6		0	145
祐	jau6		0	149
祑	zat6		0	149
祒	tiu4		0	151
祓	fat1		0	144
祔	fu6		0	145
祕	bei3		0	113
祖	zou2		0	103
祗	zi1	zi2	0	139
祘	syun3		0	144
祙	mei6		0	145
祚	zou6		0	139
祛	keoi1		0	132
祜	wu2	wu6	0	141
祝	zuk1		0	104
神	san4	san1	0	82
祟	seoi6		0	146
祠	ci4		0	125
祡	caai4		0	147
祢	nei4	nei5	1	205
祣	leoi5		0	146
祤	heoi2	jyu5	1	145
祥	coeng4		0	110
祦	ng4		0	145
祧	tiu1		0	144
票	piu3	biu1	0	108
祩	zyu3		0	148
祪	gwai2		0	152
祫	haap6		0	144
祬	zi1		0	147
祭	zai3	zaai3	0	111
祮	haau2		0	149
祯	zing1		0	205
祰	guk1	haau2	1	147
祱	seoi3		0	149
祲	zam1	zam3	1	146
祳	san6		0	150
祴	goi1		0	146
祵	kwan2		0	150
祶	dai3		0	148
祷	tou2	dou2	1	205
祸	wo6		0	205
祹	tou4		0	145
祺	kei4		0	136
祻	gu3		0	147
祼	gun3		0	160
祽	zeoi3		0	151
祾	ling4		0	145
祿	luk6		0	113
禀	ban2		0	166
禁	gam3	kam1	0	107
禂	dou2	tou2	1	148
禃	zik6		0	146
禄	luk6		0	205
禅	sim4	sin4 sin6	1	205
禆	pei4		0	205
禇	cyu5		0	143
禈	fai1		0	149
禉	jau5		0	149
禊	hai6		0	144
禋	jan1		0	145
禌	zi1		0	146
禍	wo6	wo5	0	108
禎	zing1		0	123
福	fuk1		0	96
禐	jyun6		0	148
禑	ng4		0	147
禒	sin2		0	149
禓	joeng4		0	147
禔	tai4		0	145
禕	ji1		0	141
禖	mui4		0	146
禗	si1		0	148
禘	dai3		0	145
禙	bui3		0	205
禚	zoek3	zuk6	1	144
禛	zan1		0	141
禜	wing6		0	148
禝	zik1		0	148
禞	haau2		0	147
禟	tong4		0	146
禠	si1		0	148
禡	maa6	ngaa4	1	146
禢	daap6	taap3	1	147
禣	bok3		0	205
禤	hyun1	hyun3	1	143
禥	kei4		0	146
禦	jyu6		0	152
禧	hei1		0	125
禨	gei1	gei6	1	147
禩	zi6		0	145
禪	sim4	sin4 sin6	0	110
禫	daam6	taam5	1	147
禬	kui2	wui6 kui3	1	147
禭	seoi6		0	150
禮	lai5		0	95
禯	nung4		0	149
禰	nei5	nei4 nai5	0	138
禱	tou2		0	138
禲	lai6		0	150
禳	joeng4		0	142
禴	joek6		0	148
禵	tai4		0	144
禶	zaan6		0	149
禷	leoi6		0	146
禸	jau4	jau5 nau5	1	143
禹	jyu5		0	127
禺	jyu4	jyu6	0	139
离	ci1	lei4	1	157
禼	sit3		0	205
禽	kam4		0	125
禾	wo4		0	127
禿	tuk1		0	129
秀	sau3		0	98
私	si1		0	107
秂	jan4		0	140
秃	tuk1		0	205
秄	zi2		0	145
秅	caa4	dou3	1	150
秆	gon2		0	159
秇	ngai6		0	146
秈	sin1		0	142
秉	bing2		0	128
秊	nin4		0	147
秋	cau1		0	102
秌	cau1		0	205
种	cung4	zung2 zung3	1	131
秎	fan6		0	150
秏	hou3		0	145
秐	wan4		0	151
科	fo1		0	99
秒	miu5		0	95
秓	zi1		0	151
秔	gang1		0	148
秕	bei2		0	144
秖	kei4	zi2 zi1	1	145
秗	jyu3		0	152
秘	bei3		0	116
秙	fu3		0	149
秚	bun6		0	150
秛	pei1		0	151
秜	nei4		0	151
秝	lik6		0	147
秞	jau4		0	147
租	zou1		0	103
秠	pei1	pei2	1	149
秡	bat3		0	146
秢	ling4		0	152
秣	mut3	mut6	1	142
秤	cing3	ping4	0	140
秥	lim4	nim4	1	148
秦	ceon4		0	87
秧	joeng1		0	136
秨	zok6		0	148
秩	dit6		0	139
秪	zi1		0	145
秫	seot6		0	143
秬	geoi6		0	146
秭	zi2		0	144
秮	wut6		0	148
积	zik1		0	187
称	cing1	cing3 can3	1	205
秱	tung4		0	147
秲	zi6		0	150
秳	wut6		0	149
秴	hap6		0	205
秵	jan1		0	149
秶	zi1		0	147
秷	zat1	zat6	1	145
秸	gaai1		0	141
秹	jam5		0	148
秺	dou3	dou6	1	146
移	ji4		0	107
秼	zyu3		0	205
秽	wai3		0	205
秾	nung4	lung4	1	205
秿	fu6		0	148
稀	hei1		0	122
稁	gou2		0	151
稂	long4		0	145
稃	fu1		0	145
稄	seon3	zak1	1	150
稅	seoi3		0	111
稆	leoi5		0	205
稇	kwan2		0	152
稈	gon2		0	139
稉	gang1		0	149
稊	tai4		0	146
程	cing4		0	97
稌	dou6	tou4	1	148
稍	saau2		0	110
税	seoi3		0	112
稏	aa3		0	205
稐	leon5		0	151
稑	luk6		0	149
稒	gu3		0	150
稓	zok6		0	149
稔	nam5	nim1 jam5	0	139
稕	zeon3		0	150
稖	bong6	paang5	1	150
稗	baai6	bai6 pei4	0	142
稘	gei1		0	150
稙	zik1	zik6	1	147
稚	zi6		0	148
稛	kwan2		0	152
稜	ling4	ling6	0	153
稝	paang4		0	149
稞	fo1	fo3	0	143
稟	ban2	lam5	0	116
稠	cau4		0	139
稡	zeoi3		0	149
稢	juk1		0	150
稣	sou1		0	205
稤	loek6		0	205
稥	hoeng1		0	205
稦	ji1		0	150
稧	hai6		0	149
稨	bin2		0	154
稩	gei3		0	151
稪	fuk1		0	150
稫	bik1	pik1	1	150
稬	no6		0	150
稭	gaai1		0	148
種	zung2	zung3	1	75
稯	zung1		0	150
稰	seoi1	seoi2	1	148
稱	cing1	cing3	1	103
稲	dou6		0	143
稳	wan2		0	205
稴	jim4		0	150
稵	zi1		0	146
稶	juk1		0	152
稷	zik1		0	141
稸	cuk1		0	149
稹	can2	zan2	1	142
稺	zi6		0	149
稻	dou6		0	124
稼	gaa3		0	139
稽	kai1	kai2	0	131
稾	gou2		0	147
稿	gou2		0	119
穀	guk1	gau3 huk6	0	125
穁	jung4		0	153
穂	seoi6		0	142
穃	jung4		0	150
穄	zai3		0	147
穅	hong1		0	149
穆	muk6		0	105
穇	caam2	saam1	1	148
穈	mei4	mun4	1	147
穉	zi6		0	147
穊	gei3	kei3	1	146
穋	luk6		0	148
穌	sou1		0	141
積	zik1		0	113
穎	wing6		0	111
穏	wan2		0	143
穐	cau1		0	149
穑	sik1		0	205
穒	niu5		0	205
穓	jik6		0	147
穔	wong4		0	151
穕	cip3		0	153
穖	gei2	gei3	1	148
穗	seoi6		0	128
穘	haau1	jiu4	1	147
穙	buk6		0	152
穚	giu1		0	150
穛	coek3	zuk1	1	150
穜	tung4	zung3 zung2	1	144
穝	zeoi3		0	205
穞	leoi5		0	205
穟	seoi6		0	147
穠	nung4		0	144
穡	sik1		0	142
穢	wai3		0	146
穣	joeng4		0	147
穤	no6		0	148
穥	jyu6		0	150
穦	pan1		0	147
穧	zai3	zai6	1	150
穨	teoi4		0	149
穩	wan2		0	81
穪	cing1		0	148
穫	wok6	wu6	0	149
穬	kong3	kwong3	1	148
穭	leoi5		0	146
穮	biu1		0	148
穯	sik1		0	150
穰	joeng4	joeng6 joeng5	1	142
穱	zoek3	zuk1	1	148
穲	lei4		0	151
穳	cyun4		0	152
穴	jyut6		0	112
穵	waat3		0	149
究	gau3		0	120
穷	kung4		0	205
穸	zik6		0	143
穹	kung4	gung1 hung1	0	136
空	hung1		0	94
穻	jyu1	jyu5	1	146
穼	sam1		0	144
穽	zing6		0	147
穾	jiu3	ngaau5	1	149
穿	cyun1		0	92
窀	zeon1		0	143
突	dat6	duk1	0	108
窂	lou4		0	147
窃	sit3		0	205
窄	zaak3		0	111
窅	jiu2		0	144
窆	bin2		0	142
窇	bok6		0	147
窈	miu5	jiu2	0	141
窉	bing2		0	146
窊	waa1		0	146
窋	fat1	zyut3 gwat6	1	146
窌	gaau3	paau3	1	148
窍	kiu3	kiu2 hiu3	1	205
窎	diu3		0	205
窏	wu1		0	154
窐	waa1		0	147
窑	jiu4		0	152
窒	zat6	dit6	0	107
窓	coeng1		0	144
窔	jiu2	jiu3 ngau5	1	148
窕	tiu5	jiu4 diu6	0	142
窖	gaau3		0	130
窗	coeng1		0	97
窘	kwan3	kwan5	0	157
窙	haau1		0	150
窚	sing4		0	147
窛	kau3		0	146
窜	cyun2	cyun3	1	205
窝	wo1		0	205
窞	daam6	tam5	1	143
窟	fat1	gwat6	0	133
窠	fo1	wo1	1	141
窡	zeot1		0	148
窢	wik6		0	149
窣	seot1		0	142
窤	gun1		0	151
窥	kwai1		0	205
窦	dau6	dau2 dau3 duk6	1	205
窧	coek3		0	205
窨	jam3	fan1	0	142
窩	wo1		0	111
窪	waa1		0	135
窫	jaak3	zaat3	1	146
窬	jyu4	jyu6	1	142
窭	geoi6	lau4	1	205
窮	kung4		0	100
窯	jiu4		0	126
窰	jiu4		0	146
窱	tiu5		0	150
窲	caau4		0	153
窳	jyu5		0	142
窴	tin4	zi3	1	147
窵	diu3		0	148
窶	geoi6	lau4	1	143
窷	liu4		0	143
窸	sik1		0	142
窹	ng6		0	144
窺	kwai1		0	142
窻	coeng1		0	146
窼	zaau1		0	150
窽	fun2		0	150
窾	fun2		0	146
窿	lung1	lung4	0	97
竀	cang1	cing1	1	152
竁	ceoi3		0	150
竂	liu4		0	147
竃	hung1		0	148
竄	cyun2	cyun3	0	127
竅	hiu3	kiu3 kiu2	0	135
竆	kung4		0	149
竇	dau3	dau6 duk6	0	119
竈	zou3		0	125
竉	lung1		0	147
竊	sit3		0	133
立	laap6	lap6	0	93
竌	cyu3		0	155
竎	fu3		0	151
竐	cuk1		0	152
竑	wang4		0	143
竒	kei4		0	145
竔	lap6	sing1	1	205
竖	syu6		0	205
竗	miu6		0	148
竘	geoi2	keoi5	1	150
站	zaam6		0	93
竚	cyu5		0	149
竛	ling4		0	151
竜	lung4		0	142
竝	bing3	bing6	1	144
竞	ging6	ging3	1	205
竟	ging2		0	113
章	zoeng1		0	99
竢	zi6		0	147
竣	zeon3	ceon1	0	141
竤	wang4		0	148
童	tung4		0	112
竦	sung2		0	141
竧	zing6		0	150
竨	diu6		0	147
竩	ji4		0	153
竪	syu6		0	147
竫	zing6		0	148
竬	geoi2		0	152
竭	kit3		0	132
竮	ping4		0	149
端	dyun1		0	104
竱	zyun2		0	152
竲	cang4		0	149
竳	dang1		0	148
竴	ceon1		0	143
竵	waai1		0	147
競	ging3	ging6	1	128
竷	ham2	ham3	1	145
竸	ging6		0	147
竹	zuk1		0	101
竺	zuk1		0	139
竻	lak6		0	145
竼	pung4		0	148
竽	jyu1	jyu4	1	141
竾	ci4		0	142
竿	gon1		0	142
笀	mong4		0	144
笁	zuk1		0	144
笂	jyun4		0	143
笃	duk1		0	205
笄	gai1		0	141
笅	gaau2	haau4 ngaau4	1	144
笆	baa1		0	140
笇	syun3		0	205
笈	kap1	kap6	0	140
笉	wan5		0	143
笊	zaau3		0	142
笋	seon2		0	159
笌	ngaa4		0	145
笍	zeoi3		0	149
笎	jyun4		0	148
笏	fat1		0	141
笐	hong4		0	149
笑	siu3		0	74
笒	gam6	sam4 ham4	1	145
笓	pei4		0	143
笔	bat1		0	205
笕	gaan2		0	205
笖	ji5		0	144
笗	dung1		0	145
笘	dip3	sim1 sim3	1	144
笙	sang1	saang1	0	134
笚	daap3	haap6	1	146
笛	dek2	dek6	0	121
笜	zeot1		0	150
笝	naap6		0	147
笞	ci1		0	160
笟	ku1		0	143
笠	lap1	lap6	0	114
笡	ce3		0	148
笢	man5		0	143
笣	baau1		0	144
笤	tiu4		0	142
笥	si3	zi6	1	141
符	fu4		0	109
笧	caak3		0	148
笨	ban6		0	110
笩	fat6		0	143
笪	daat3		0	107
笫	zi2		0	141
第	dai6		0	87
笭	ling4		0	146
笮	zaa3	zaak3 zok6 zok3	1	142
笯	nou4		0	147
笰	fat1		0	149
笱	gau2		0	141
笲	bin6	faan4	1	148
笳	gaa1		0	142
笴	go2	gon2 gou2	1	147
笵	faan6		0	145
笶	ci2		0	143
笷	maau5		0	205
笸	po2		0	142
笹	sai3		0	143
笺	zin1		0	205
笻	kung4		0	152
笼	lung4	lung2 lung5	1	205
笽	ming5		0	205
笾	bin1		0	205
笿	lok3		0	148
筀	gai3		0	149
筁	kuk1		0	146
筂	ci4		0	148
筃	jan1		0	145
筄	jiu6		0	151
筅	sin2		0	143
筆	bat1		0	92
筇	kung4		0	142
筈	kut3		0	146
等	dang2		0	70
筊	gaau2	gaau3 ngaau4	1	146
筋	gan1		0	115
筌	cyun4		0	143
筍	seon2		0	127
筎	jyu4		0	144
筏	fat6		0	139
筐	hong1	kwaang1	0	135
筑	zuk1		0	139
筒	tung2	tung4	0	114
筓	gai1		0	148
答	daap3		0	88
筕	hang4	hong4	1	147
策	caak3		0	108
筗	zung6		0	145
筘	kau3		0	143
筙	loi4		0	205
筚	bat1		0	205
筛	sai1		0	205
筜	dong1		0	205
筝	zang1	zaang1	1	205
筞	caak3		0	149
筟	fu1		0	148
筠	wan4	gwan1	0	137
筡	syu1	tou4	1	150
筢	paa4		0	146
筣	lei4		0	146
筤	long4		0	149
筥	geoi2		0	146
筦	gun2		0	146
筧	gaan2		0	141
筨	ham4		0	151
筩	tung2	tung4	1	147
筪	haap6		0	151
筫	zi3		0	149
筬	sing4		0	146
筭	syun3		0	145
筮	sai6		0	142
筯	zyu6		0	146
筰	zok3	zok6	1	145
筱	siu2	siu6	0	135
筲	saau1		0	154
筳	ting4		0	146
筴	caak3	gaap3	1	191
筵	jin4		0	137
筶	gou2		0	147
筷	faai3		0	136
筸	gon2		0	148
筹	cau4	cau2	1	205
筺	hong1		0	151
筻	gaang3		0	147
筼	wan4		0	205
筽	ng4		0	147
签	cim1		0	205
筿	siu2	siu6	1	205
简	gaan2		0	205
箁	pau4		0	149
箂	loi4		0	146
箃	zau1		0	148
箄	bei6	paai4	1	173
箅	bei3		0	144
箆	bei6		0	149
箇	go3		0	114
箈	ci4		0	153
箉	gwaai2		0	146
箊	jyu1		0	146
箋	zin1		0	134
箌	dou3	zaau3	1	141
箍	ku1		0	119
箎	ci4		0	147
箏	zang1	zaang1	0	137
箐	coeng1	zing1 sin6 sin3	1	140
箑	saap3	zit6 sip3	1	146
箒	zau2		0	147
箓	luk6		0	181
箔	bok6		0	140
箕	gei1		0	139
箖	lam4		0	146
算	syun3		0	83
箘	kwan2	kwan3 kwan5	1	147
箙	fuk6		0	146
箚	zaap3	zaat3	1	149
箛	gu1	ku1	1	143
箜	hung1		0	142
箝	kim4		0	149
箞	hyun1		0	145
箟	kwan2	kwan3	1	146
箠	ceoi4	seoi4 zeoi1	1	186
管	gun2		0	96
箢	jyun1		0	145
箣	caak3		0	145
箤	ceoi3		0	147
箥	bai1		0	146
箦	zaak3		0	205
箧	haap6		0	205
箨	tok3		0	205
箩	lo4	lo1 lo2	1	205
箪	daan1		0	205
箫	siu1		0	205
箬	joek6		0	141
箭	zin3		0	100
箮	hyun1		0	144
箯	bin1		0	147
箰	seon2		0	144
箱	soeng1		0	102
箲	sin2		0	149
箳	ping4		0	150
箴	zam1		0	153
箵	sing1	sing2	1	148
箶	wu4		0	146
箷	ji4	si1	1	147
箸	zyu6	zyu3	0	141
箹	aau3	cuk1 joek3	1	143
箺	ceon2		0	150
箻	leot6		0	145
箼	uk1		0	144
箽	dung2		0	147
箾	siu1	sok3	1	148
箿	zaap6		0	150
節	zit3		0	97
篁	wong4		0	141
篂	sing1		0	145
篃	mei6		0	145
範	faan6		0	104
篅	cyun4		0	148
篆	syun6		0	140
篇	pin1		0	105
篈	fung1		0	145
築	zuk1		0	124
篊	hung4		0	147
篋	haap6	gip1 gip2 hip3	0	139
篌	hau4		0	145
篍	cau1		0	147
篎	miu5	miu6	1	149
篏	ham3		0	150
篐	ku1		0	205
篑	gwai6		0	205
篒	sik6		0	147
篓	lau5		0	205
篔	wan4		0	143
篕	hap6		0	149
篖	tong4		0	149
篗	jyut6	wok6	1	149
篘	cau1		0	147
篙	gou1		0	151
篚	fei2		0	145
篛	joek6		0	147
篜	zing1		0	147
篝	gau1	kau1	0	132
篞	nip6		0	149
篟	sin3		0	146
篠	siu2		0	143
篡	saan3		0	140
篢	gung1	lung5	1	147
篣	pang4	pong4	1	150
篤	duk1		0	108
篥	leot6		0	144
篦	bai1	bei6 bei1	1	142
篧	wok6	zuk1 zok6	1	149
篨	ceoi4	cyu4 cyu1	1	145
篩	sai1	si1	0	130
篪	ci4		0	141
篫	zuk1		0	151
篬	coeng1		0	147
篭	lung4		0	149
篮	laam4	laam2	1	205
篯	zin1		0	205
篰	bou6		0	146
篱	lei4		0	160
篲	seoi6	wai6	1	155
篳	bat1		0	143
篴	dek6		0	147
篵	cung1		0	146
篶	jin1		0	150
篷	pung4		0	140
篸	caam2	cam1 zaam1	1	146
篹	syun2	zaan6 zyun2	1	148
篺	paai4		0	142
篻	piu3		0	150
篼	dau1		0	143
篽	jyu5		0	147
篾	mit6		0	142
篿	tyun4	zyun1	1	148
簀	zaak3		0	144
簁	sai1	si1	1	147
簂	gwok3		0	150
簃	ji4		0	144
簄	wu6		0	150
簅	caan2		0	152
簆	kau3		0	149
簇	cuk1	zuk6	0	133
簈	ping4		0	149
簉	cau3	zou6 cou3	1	147
簊	gei1		0	147
簋	gwai2		0	142
簌	cuk1	suk1	0	141
簍	lau5	lau4	0	139
簎	caak3	cok3	1	152
簏	luk1	luk6	1	144
簐	nin2		0	152
簑	so1		0	143
簒	saan3		0	148
簓	diu1		0	149
簔	so1		0	150
簕	laak6	lak6	1	144
簖	dyun6		0	205
簗	loeng4		0	147
簘	siu1		0	146
簙	bok3		0	146
簚	mik6		0	150
簛	sai1		0	149
簜	dong6		0	160
簝	liu4	lou4	1	149
簞	daan1		0	142
簟	dim3	tim5	1	142
簠	fu2		0	145
簡	gaan2		0	109
簢	man5		0	152
簣	gwai6		0	140
簤	daai6		0	146
簥	giu1		0	148
簦	dang1		0	143
簧	wong4		0	138
簨	seon2	seon3	1	144
簩	lou4	lou6	1	145
簪	zaam1		0	132
簫	siu1		0	137
簬	lou6		0	143
簭	sai6		0	143
簮	zaam1		0	145
簯	kei4		0	205
簰	bei6	paai4	1	144
簱	kei4		0	205
簲	paai4		0	205
簳	gon2	gon3	1	146
簴	geoi6		0	149
簵	lou6		0	146
簶	luk6		0	149
簷	sim4	jim4 jam4	0	144
簸	bo2	bo3	1	142
簹	dong1		0	142
簺	coi3		0	146
簻	gwo1	zaa1	1	146
簼	gau1	kau1	1	150
簽	cim1		0	122
簾	lim2	lim4	0	119
簿	bou2	bou6	0	110
籀	zau6		0	144
籁	laai6		0	205
籂	sik1		0	205
籃	laam4		0	114
籄	gwai6		0	150
籅	jyu4		0	149
籆	jyut6	wok6	1	149
籇	hou4		0	147
籈	zan1		0	149
籉	toi4		0	150
籊	dik6	tik1	1	149
籋	nip6		0	150
籌	cau4		0	116
籍	zik6		0	120
籎	ji4		0	205
籏	kei4		0	149
籐	tang4		0	144
籑	zaan6		0	147
籒	zau6		0	149
籓	faan1		0	143
籔	sau2	sou2	1	147
籕	zau6		0	150
籖	cim1		0	147
籗	doek3	kwok3 zok6	1	149
籘	tang4		0	147
籙	luk6		0	142
籚	lou4		0	150
籛	zin1		0	147
籜	tok3		0	143
籝	jing4		0	149
籞	jyu6		0	149
籟	laai6		0	140
籠	lung4	lung5	1	112
籡	gim2		0	205
籢	lim4		0	152
籣	laan4		0	145
籤	cim1		0	108
籥	joek6		0	157
籦	zung1		0	145
籧	geoi2	keoi4	1	148
籨	lim4		0	205
籩	bin1		0	141
籪	dyun6		0	143
籫	zyun2		0	149
籬	lei4		0	133
籭	sai1		0	150
籮	lo4		0	130
籯	jing4		0	148
籰	wok6		0	149
籱	zoek3		0	150
籲	jyu6	joek6	0	137
米	mai5	mai1	0	90
籴	dek6		0	166
籵	faan4		0	148
籶	san1		0	152
籷	zaak3		0	153
籸	saam2	san1 sam3	1	152
籹	jyu5	neoi5	1	141
籺	hat6		0	147
类	leoi6	leoi2	1	205
籼	sin1		0	159
籽	zi2		0	139
籾	nei4		0	149
籿	cyun3		0	146
粀	zoeng6		0	149
粁	cing1		0	148
粂	gau2		0	147
粃	bei2		0	147
粄	bun2		0	144
粅	mat6		0	143
粆	saa1		0	148
粇	hong1		0	146
粈	jau5	nau5	1	146
粉	fan2		0	98
粊	bei3		0	148
粋	seoi6		0	145
粌	jan5		0	147
粍	zaak3		0	145
粎	mai5		0	205
粏	taai3		0	205
粐	wu6		0	146
粑	baa1		0	139
粒	nap1	lap1	1	86
粓	gam1		0	145
粔	geoi3	geoi6	1	146
粕	pok3	paak3	0	138
粖	mut6		0	146
粗	cou1		0	105
粘	zim1	nim1 nim4	1	138
粙	zau6		0	146
粚	ci1		0	150
粛	suk1		0	146
粜	tiu3		0	205
粝	lai6		0	205
粞	sai1		0	142
粟	suk1		0	130
粠	hung4		0	146
粡	tung4		0	144
粢	ci1	zi1	1	142
粣	saan2		0	149
粤	jyut6		0	205
粥	zuk1	juk6	0	104
粦	leon4		0	146
粧	zong1		0	113
粨	baak3		0	144
粩	lou5		0	205
粪	fan3		0	205
粫	ji4		0	147
粬	kuk1		0	205
粭	hap6		0	149
粮	loeng4		0	205
粯	jin6		0	145
粰	fu1		0	146
粱	loeng4		0	139
粲	caan3		0	141
粳	gaang1	gang1	1	142
粴	lei5		0	148
粵	jyut6		0	117
粶	luk6		0	145
粷	guk1		0	147
粸	kei4		0	148
粹	seoi6	seoi3	0	143
粺	baai6	bai6	1	145
粻	zoeng1		0	147
粼	leon4		0	152
粽	zung2	zung3	0	132
精	zing1	zeng1	1	98
粿	gwo2		0	142
糀	faa1		0	143
糁	sam2	saam2	1	205
糂	saam2	sam2	1	149
糃	tong4		0	150
糄	bin2		0	150
糅	jau2	nau6 jau4 jau6 nau2	1	143
糆	min6		0	149
糇	hau4		0	152
糈	seoi2		0	146
糉	zung2	zung3	1	126
糊	wu4		0	115
糋	zin3		0	150
糌	zaam1	zam1	0	147
糍	ci4		0	153
糎	lei4		0	149
糏	sit3		0	151
糐	fu1		0	151
糑	nik6	nok6	1	152
糒	bei6		0	148
糓	guk1		0	148
糔	sau1		0	151
糕	gou1		0	118
糖	tong4	tong2	0	96
糗	jau2	cau3 hau2	0	139
糘	gaa1		0	145
糙	cou3		0	138
糚	zong1		0	146
糛	tong4		0	147
糜	mei4	mai4	0	152
糝	saam2	sam2 sam3	1	142
糞	fan3		0	129
糟	zou1		0	119
糠	hong1		0	137
糡	goeng6		0	151
糢	mou4		0	160
糣	sam2		0	153
糤	saan2		0	150
糥	no6		0	147
糦	ci3		0	148
糧	loeng4		0	105
糨	goeng6	zoeng1	0	146
糩	kui2		0	148
糪	baak3	bok1	1	150
糫	waan4		0	152
糬	syu4		0	145
糭	zung2	zung3	1	126
糮	haam5	laam6	1	150
糯	no6		0	133
糰	tyun4		0	127
糱	jip6	jit6	1	151
糲	lai6		0	142
糳	zok6		0	149
糴	dek6		0	160
糵	jit6		0	146
糶	tiu3		0	142
糷	laan6		0	150
糸	mik6		0	138
糺	gau2		0	146
系	hai6		0	80
糼	gung1		0	144
糽	zang1		0	151
糾	gau2	dau2 giu2	0	130
糿	jau3		0	150
紀	gei2	gei3	0	113
紁	caa3		0	148
紂	zau6		0	125
紃	ceon4	seon4	1	146
約	joek3		0	90
紅	hung4	gung1	0	84
紆	jyu1		0	142
紇	gat1	hat6	1	143
紈	jyun4		0	156
紉	jan6	jan4	0	142
紊	man6	man5 leon6	0	140
紋	man4	man6	0	117
紌	kau4		0	151
納	naap6		0	108
紎	zi1		0	152
紏	tau2		0	148
紐	nau2	nau5	0	128
紑	fau1	fau4 fau2	1	144
紒	gai3		0	143
紓	syu1		0	153
純	seon4	zeon2 tyun4	0	104
紕	pei1	pei4 pai1	0	144
紖	zan3	zan6	1	150
紗	saa1		0	127
紘	wang4		0	143
紙	zi2		0	93
級	kap1		0	93
紛	fan1		0	128
紜	wan4		0	142
紝	jam4	jam6	1	144
紞	daam2	dam2 dam3	1	145
紟	gam1	gam3 kam1	1	143
素	sou3		0	103
紡	fong2		0	132
索	sok3	saak3	0	102
紣	ceoi3		0	149
紤	gau2		0	148
紥	zaat3		0	129
紦	baa1		0	205
紧	gan2		0	205
紨	fu1	fu6	1	145
紩	dit6		0	146
紪	cai1		0	146
紫	zi2		0	102
紬	cau1	cau4	1	187
紭	wang4		0	145
紮	zaat3	zaap3	0	101
累	leoi6	leoi5 leoi4 leoi3	0	108
細	sai3		0	82
紱	fat1		0	142
紲	sit3		0	144
紳	san1		0	133
紴	bo1		0	146
紵	cyu5		0	145
紶	heoi2	keoi1	1	142
紷	ling4		0	145
紸	zyu3		0	141
紹	siu6		0	110
紺	gam3		0	140
紻	joeng2		0	149
紼	fat1		0	143
紽	to4		0	148
紾	can2	zan2	1	143
紿	doi6	toi5	1	143
絀	zyut3	zyut6 zeot1 ceot1	0	141
絁	si1		0	147
終	zung1		0	112
絃	jin4		0	130
組	zou2		0	101
絅	gwing2		0	198
絆	bun6	bun3	0	134
絇	keoi4		0	148
絈	mak6		0	149
絉	seot6		0	149
絊	zeoi3		0	148
絋	kong3	kwong3	1	149
経	ging1		0	142
絍	jam4	jam6	1	146
絎	hong4		0	142
絏	sit3		0	148
結	git3	lit3	0	97
絑	zyu1		0	148
絒	cau4		0	148
絓	gwaa3	waa6	1	147
絔	baak3	mak6	1	142
絕	zyut6		0	98
絖	kong3	kwong3	1	148
絗	wat6		0	145
絘	ci3		0	145
絙	gang1		0	147
絚	gang1	gang2	1	149
絛	tou1		0	140
絜	git3	kit3	1	144
絝	fu3		0	143
絞	gaau2	haau4	0	143
絟	cyun4		0	146
絠	goi2		0	142
絡	lok3	lok6	0	118
絢	hyun3	seon1	0	139
絣	bang1	bing3 maang1	1	146
絤	sin3		0	149
絥	bei6	fuk6	1	147
給	kap1		0	92
絧	dung6	tung1 tung4	1	145
絨	jung2	jung4	0	129
絩	tiu3	tiu5	1	149
絪	jan1		0	144
絫	leoi5		0	147
絬	sit3		0	149
絭	gyun3		0	149
絮	seoi5	seoi6 seoi3	0	137
絯	goi1	haai5 haai6	1	143
絰	dit6		0	146
統	tung2		0	105
絲	si1		0	104
絳	gong3		0	138
絴	coeng4		0	149
絵	kui2		0	142
絶	zyut6		0	149
絷	zap1		0	205
絸	gaan2		0	145
絹	gyun3		0	134
絺	ci1		0	186
絻	man6	min5	1	147
絼	zi6		0	152
絽	leoi5		0	147
絾	sing4		0	144
絿	kau4		0	145
綀	so1		0	145
綁	bong2		0	96
綂	tung2		0	149
綃	siu1		0	140
綄	jyun4	wun4 wun5	1	142
綅	cam1	cim1	1	145
綆	gang2		0	142
綇	sau2		0	147
綈	tai4		0	142
綉	sau3		0	157
綊	haap6		0	148
綋	wang4		0	144
綌	gwik1	kwik1	1	147
綍	fat1		0	144
綎	ting1	ting4	1	144
綏	seoi1		0	137
綐	deoi6		0	205
綑	kwan2		0	140
綒	fu1		0	148
經	ging1		0	92
綔	wu6		0	143
綕	zik1		0	145
綖	jin4		0	146
綗	gwing2		0	148
綘	fung4		0	144
継	gai3		0	143
続	zuk6		0	141
綛	jan2		0	146
綜	zung1	zung3	0	148
綝	sam1		0	145
綞	do2		0	143
綟	lit6		0	148
綠	luk6		0	102
綡	loeng4		0	147
綢	cau4		0	130
綣	hyun3	hyun2	0	156
綤	siu6		0	150
綥	kei4		0	150
綦	kei4		0	142
綧	zeon2		0	149
綨	kei4		0	146
綩	jyun2		0	147
綪	sin3	sin6 zang1	1	143
綫	sin3		0	147
綬	sau6		0	140
維	wai4	jung1	0	102
綮	hing3	kai2	1	144
綯	tou4		0	146
綰	waan2	waan5	1	139
綱	gong1		0	134
網	mong5		0	100
綳	baang6	bang1 maang1	1	160
綴	zeoi6	zeoi3 zyut3 zyut6	0	137
綵	coi2		0	128
綶	go2	gwo2	1	143
綷	ceoi3	zeoi3	1	153
綸	leon4	gwaan1	0	152
綹	lau5		0	160
綺	ji2		0	123
綻	zaan6		0	136
綼	bik1		0	146
綽	coek3	caau1	0	134
綾	ling4		0	135
綿	min4		0	119
緀	cai1	cai2	1	147
緁	cap1	zit6	1	147
緂	taam1		0	146
緃	zung1		0	145
緄	gwan2	kwan2	1	142
緅	zau1		0	149
緆	sik1	sik3	1	150
緇	zi1		0	139
緈	hang6		0	141
緉	loeng5	loeng6	1	147
緊	gan2		0	73
緋	fei1	fei2	0	156
緌	jeoi4	jeoi5	1	146
緍	man4		0	144
緎	wik6		0	148
総	zung2		0	142
緐	faan4		0	205
緑	luk6		0	191
緒	seoi5		0	120
緓	jing1		0	150
緔	soeng5		0	205
緕	cai4		0	148
緖	seoi5		0	146
緗	soeng1		0	140
緘	gaam1	zin1	0	141
緙	hak1	kaak1 kaak3	1	142
線	sin3		0	90
緛	jyun5		0	147
緜	min4		0	147
緝	cap1		0	134
緞	dyun6		0	146
緟	cung4	zung6	1	144
締	tai3	dai3 dai6	0	137
緡	fan1	man4	1	142
緢	miu4		0	144
緣	jyun4		0	107
緤	sit3		0	146
緥	bou2		0	145
緦	si1		0	142
緧	cau1		0	152
編	pin1		0	115
緩	wun4	wun6	0	110
緪	gang1	gang2 gang3	1	149
緫	zung2		0	146
緬	min5		0	141
緭	wai6		0	146
緮	fau6	fuk6	1	147
緯	wai5	wai6	0	135
緰	seoi1	tau4	1	150
緱	gau1	kau1	1	142
緲	miu5		0	137
緳	kit3		0	145
練	lin6		0	94
緵	zung1		0	146
緶	bin1	pin4	1	143
緷	gwan2	wan6 kwan2	1	148
緸	jan1		0	149
緹	tai4		0	138
緺	gwaa1	gwo1 waa1	1	146
緻	zi3		0	125
緼	wan1	wan3	1	139
緽	cing1		0	150
緾	cin4		0	145
緿	doi6		0	148
縀	dyun6		0	148
縁	jyun4		0	144
縂	zung2		0	142
縃	seoi1		0	150
縄	sing4		0	144
縅	wai1		0	148
縆	gang1		0	205
縇	syun1		0	205
縈	jing4		0	139
縉	zeon3		0	141
縊	ai3		0	142
縋	zeoi6		0	142
縌	jik6		0	143
縍	bong1	bong2	1	149
縎	gwat1		0	147
縏	pun4		0	149
縐	zau3		0	152
縑	gim1		0	143
縒	ci1	cok3	1	148
縓	cyun3	cyun4	1	149
縔	song2		0	151
縕	wan1	wan3 wan2	1	139
縖	hat6		0	144
縗	ceoi1		0	145
縘	hai6		0	146
縙	jung4		0	152
縚	tou1		0	152
縛	bok3	fok3 bok6	0	135
縜	wan4		0	151
縝	can2	zan2 zan1	1	141
縞	gou2		0	142
縟	juk6		0	142
縠	huk6		0	145
縡	zoi2	zoi3	1	145
縢	tang4		0	146
縣	jyun6	jyun2 jyun4	0	99
縤	sou3		0	146
縥	zan2		0	152
縦	zung3		0	145
縧	tou1		0	159
縨	fong2		0	205
縩	coi3		0	146
縪	bat1		0	149
縫	fung4		0	119
縬	zuk1		0	152
縭	lei4		0	141
縮	suk1		0	103
縯	jan5	jin2 jin5	1	154
縰	saai2	si2	1	149
縱	zung3	zung1 zung2	0	114
縲	leoi4		0	142
縳	gyun3	zyun3	1	198
縴	hin1	hin3	1	144
縵	maan6		0	141
縶	zap1		0	144
縷	lau5	leoi5	1	130
縸	mok6	mou6	1	145
縹	piu5	piu1 piu2	0	137
縺	lin4		0	147
縻	mei4		0	143
縼	syun6		0	144
總	zung2		0	92
績	zik1	zek3	0	131
縿	caam1	saam1 siu1	1	147
繀	seoi3		0	146
繁	faan4	po4 pun4	0	122
繂	leot6		0	147
繃	bang1	mang2 maang1 baang6	0	130
繄	ai1	ji1	1	160
繅	sou1		0	142
繆	mau4	mau6 miu6 muk6	0	131
繇	jau4	jiu4 zau6	1	141
繈	koeng5		0	167
繉	wan4		0	150
繊	cim1		0	146
繋	hai6		0	143
繌	zung1		0	143
繍	sau3		0	145
繎	jin4		0	143
繏	syun3		0	145
繐	seoi3	seoi6	1	144
繑	hiu1	kiu5	0	146
繒	cang4	zang1 zang6	1	142
繓	cyut3	dyut3	1	147
織	zik1		0	117
繕	sin6		0	138
繖	saan3		0	144
繗	leon4		0	149
繘	gwat1	wat6 leot6	1	145
繙	faan1	faan4	1	157
繚	liu4		0	135
繛	coek3		0	146
繜	zeon1		0	147
繝	gaan3		0	146
繞	jiu2	jiu5	0	110
繟	cin2	taan4	1	148
繠	jeoi5		0	147
繡	sau3		0	119
繢	kui2		0	143
繣	waa6	waak6 wok6	1	147
繤	zyun2		0	205
繥	hei1		0	144
繦	koeng5		0	145
繧	wan4		0	144
繨	daat6		0	148
繩	sing2	sing4	1	103
繪	kui2	kui3	0	120
繫	hai6	gai3	0	69
繬	sik1		0	149
繭	gaan2	gin2	0	138
繮	goeng1		0	130
繯	jyun6	waan4 waan6	1	143
繰	ciu1	zou2 sou1	1	144
繱	cung1		0	147
繲	faai3	gaai3 haai5	1	143
繳	giu2	zoek3	0	119
繴	bik1		0	143
繵	cin4	daan6 daan3 zin6	1	146
繶	jik1		0	145
繷	nung4	nung5	1	147
繸	seoi6		0	198
繹	jik6		0	149
繺	saat3		0	145
繻	jyu4	seoi1	1	142
繼	gai3		0	109
繽	ban1	pan1	0	139
繾	hin2		0	156
繿	laam4		0	178
纀	buk6	fuk6	1	144
纁	fan1		0	191
纂	zyun2		0	140
纃	cai4		0	146
纄	pung4		0	149
纅	joek6		0	148
纆	mak6		0	145
纇	leoi6		0	145
纈	kit3	hit3 lit3	0	141
纉	zyun2		0	148
纊	kwong3	kong3	0	143
纋	jau1		0	144
續	zuk6		0	102
纍	leoi4	leoi5 leoi6	0	153
纎	cim1		0	148
纏	cin4	zin6	0	114
纐	haau1		0	150
纑	lou4		0	148
纒	cin4		0	147
纓	jing1		0	134
纔	coi4		0	132
纕	soeng1		0	147
纖	cim1		0	126
纗	kwai4	waa6	1	149
纘	zyun2		0	144
纙	lo6		0	146
纚	lei4	saai2 si2	1	145
纛	dou6	duk6	1	143
纜	laam6		0	136
纝	leoi4		0	150
纞	lyun5		0	142
纠	gau2	dau2 giu2	1	205
纡	jyu1		0	205
红	hung4	hung2 gung1	1	205
纣	zau6		0	205
纤	cim1	hin3 hin1	1	205
纥	hat6	gat1	1	205
约	joek3	wok6	1	205
级	kap1		0	205
纨	jyun4		0	205
纩	kwong3	kong3	1	205
纪	gei2	gei3	1	205
纫	jan6		0	205
纬	wai5		0	205
纭	wan4		0	205
纮	wang4		0	205
纯	seon4	zeon2	1	205
纰	pei1	pei4	1	205
纱	saa1		0	205
纲	mong5	gong1	1	205
纳	naap6	laap6	1	205
纴	jam6	jam4	1	205
纵	zung3	zung1	1	205
纶	leon4	gwaan1	1	205
纷	fan1		0	205
纸	zi2		0	205
纹	man4	man2 man6	1	205
纺	fong2		0	205
纻	cyu5		0	205
纼	zan6	zan3	1	205
纽	nau2	lau2	1	205
纾	syu1		0	205
线	sin3	sin2	1	205
绀	gam3		0	205
绁	sit3	jai6	1	205
绂	fat1		0	205
练	lin6		0	205
组	zou2		0	205
绅	san1		0	205
细	sai3	sai2	1	205
织	zik1	zi3 ci3	1	205
终	zung1		0	205
绉	zau3		0	205
绊	bun6		0	205
绋	fat1		0	205
绌	zyut3	zyut6 zeot1	1	205
绍	siu6		0	205
绎	jik6		0	205
经	ging1		0	205
绐	doi6	toi5	1	205
绑	bong2		0	149
绒	jung2	jung4	1	205
结	git3	lit3 gai3	1	205
绔	fu3		0	205
绕	jiu2	jiu5	1	205
绖	dit6		0	205
绗	hong4		0	205
绘	kui2	kwui2 kui3 kwui3	1	205
给	kap1		0	205
绚	hyun3	seon1	1	205
绛	gong3		0	205
络	lok3	lok2 lok6	1	205
绝	zyut6	zyut2	1	205
绞	gaau2		0	205
统	tung2		0	205
绠	gang2		0	205
绡	siu1		0	205
绢	gyun3		0	205
绣	sau3		0	205
绤	gwik1		0	205
绥	seoi1		0	205
绦	tou1		0	205
继	gai3		0	205
绨	tai4	tai3	1	205
绩	zik1		0	205
绪	seoi5		0	205
绫	ling4		0	205
绬	jing1		0	205
续	zuk6		0	205
绮	ji2		0	205
绯	fei1		0	205
绰	coek3	caau1	1	205
绱	soeng5		0	205
绲	gwan2		0	205
绳	sing4	sing2	1	205
维	wai4		0	205
绵	min4		0	205
绶	sau6		0	205
绷	bang1	mang2 maang1	1	205
绸	cau4	cau2	1	205
绹	tou4		0	205
绺	lau5		0	205
绻	hyun3		0	205
综	zung1	zung3	1	205
绽	zaan6		0	205
绾	waan2		0	205
绿	luk6	luk2	1	205
缀	zeoi3	zeoi6 zyut3 zyut6	1	205
缁	zi1		0	205
缂	kaak1	kaak3	1	205
缃	soeng1		0	205
缄	gaam1	zin1	1	205
缅	min5		0	205
缆	laam6		0	205
缇	tai4		0	205
缈	miu5		0	205
缉	cap1		0	205
缊	wan3	wan1	1	205
缋	kui2	kwui2	1	205
缌	si1		0	205
缍	do2		0	205
缎	dyun6	dyun2	1	205
缏	pin4	bin1	1	205
缐	sin3		0	205
缑	gau1		0	205
缒	zeoi6		0	205
缓	wun6	wun4	1	205
缔	dai3	tai3	1	205
缕	leoi5	lau5 lau2	1	205
编	pin1		0	205
缗	man4		0	205
缘	jyun4	jyun6	1	205
缙	zeon3		0	205
缚	bok3	fok3	1	205
缛	juk6		0	205
缜	zan2	can2	1	205
缝	fung4	fung2 fung6	1	205
缞	ceoi1		0	205
缟	gou2		0	205
缠	cin4	zin6	1	205
缡	lei4		0	205
缢	ai3	ngai3	1	205
缣	gim1		0	205
缤	ban1		0	205
缥	piu5	piu1	1	205
缦	maan6		0	205
缧	leoi4		0	205
缨	jing1		0	205
缩	suk1		0	205
缪	mau4	mau6 maau6 miu6 muk6	1	205
缫	sou1		0	205
缬	kit3	hit3 lit3	1	205
缭	liu4	liu1	1	205
缮	sin6		0	205
缯	zang1	zang6	1	205
缰	goeng1		0	205
缱	hin2		0	205
缲	zou2	sou1 ciu1	1	205
缳	waan4	waan6	1	205
缴	giu2	zoek3	1	205
缵	zyun2		0	205
缶	fau2		0	140
缷	se3		0	145
缸	gong1		0	113
缹	fau2		0	148
缺	kyut3		0	108
缻	fau2		0	148
缼	kik1		0	205
缽	but3		0	133
缾	ping4		0	198
缿	hoeng3	hong6	1	151
罀	siu6		0	205
罁	gong1		0	148
罂	aang1	ngaang1	1	205
罃	aang1	ang1	1	147
罄	hing3		0	159
罅	laa3		0	117
罆	gun3		0	149
罇	zeon1		0	148
罈	taam4		0	134
罉	caang1		0	205
罊	hak1	kai3	1	149
罋	ung3		0	151
罌	aang1	ang1	0	135
罍	leoi4		0	144
罎	taam4		0	159
罏	lou4		0	148
罐	gun3		0	109
网	mong5		0	159
罒	muk6		0	141
罔	mong5		0	136
罕	hon2		0	125
罖	mong5		0	145
罗	lo4	lo2 lo1	1	205
罘	fau4		0	140
罙	sam1		0	142
罚	fat6		0	205
罛	gu1		0	146
罜	zyu3		0	146
罝	ze1	zeoi1	1	146
罞	mung4		0	147
罟	gu2	gu1	0	142
罠	man4		0	145
罡	gong1		0	139
罢	baa6	baa2 pei4	1	205
罣	gwaa3	waa6	0	145
罤	tai4		0	150
罥	gyun2	gyun3	1	145
罦	fau4	fu1	1	198
罧	sam1		0	148
罨	ap1	jim2	1	142
罩	zaau3		0	111
罪	zeoi6		0	99
罫	gwaai2	waa6	1	146
罬	dyut3	zyut3	1	149
罭	wik6		0	149
置	zi3		0	112
罯	am2	ap1	1	147
罰	fat6		0	108
罱	laam5		0	142
署	cyu5		0	122
罳	si1		0	147
罴	bei1		0	205
罵	maa6		0	111
罶	lau5		0	145
罷	baa6	pei4	0	118
罸	fat6		0	147
罹	lei4		0	141
罺	caau1	caau3	1	149
罻	wai3	wat1	1	149
罼	bat1		0	149
罽	gai3		0	144
罾	zang1	zang6	1	143
罿	cung1	tung4	1	147
羀	lau5		0	147
羁	gei1		0	205
羂	gyun3		0	147
羃	mik6		0	148
羄	zaau3		0	148
羅	lo4		0	87
羆	bei1		0	142
羇	gei1		0	147
羈	gei1		0	137
羉	lyun4		0	145
羊	joeng4		0	103
羋	me1	me5 mei5	1	142
羌	goeng1		0	137
羍	taat3		0	146
美	mei5		0	87
羏	joeng4		0	146
羐	jau5		0	146
羑	jau5		0	144
羒	fan4		0	148
羓	baa1		0	148
羔	gou1		0	141
羕	joeng6		0	145
羖	gu2		0	146
羗	goeng1		0	147
羘	zong1		0	150
羙	gou1		0	141
羚	ling4		0	154
羛	hei3	ji6	1	149
羜	cyu5		0	150
羝	dai1		0	142
羞	sau1		0	114
羟	koeng5	coeng1	1	205
羠	ji4		0	150
羡	sin6	jin4	0	153
羢	jung2	jung4	1	148
羣	kwan4		0	99
群	kwan4		0	118
羥	koeng5	coeng1	0	139
羦	wun4		0	154
羧	so1		0	141
羨	sin6	jin4	0	140
義	ji6		0	96
羪	loeng4		0	205
羫	hong1		0	146
羬	haam4	kim4 ngaam4	1	149
羭	jyu4		0	150
羮	gang1		0	146
羯	kit3	git3	0	138
羰	tong1		0	142
羱	jyun4		0	146
羲	hei1		0	129
羳	faan4		0	152
羴	zin1		0	146
羵	fan4		0	150
羶	zin1	saan1 sin1	0	142
羷	lim5		0	154
羸	leoi4		0	144
羹	gang1	long4	0	111
羺	nau6		0	150
羻	joeng5		0	153
羼	caan2	caan3	1	144
羽	jyu5		0	110
羾	gung3	hung4	1	149
羿	ngai6		0	139
翀	cung1		0	141
翁	jung1		0	117
翂	fan1		0	148
翃	wang4		0	144
翄	ci3		0	147
翅	ci3		0	124
翆	ceoi3		0	147
翇	fat1		0	153
翈	haap6		0	148
翉	pun2		0	147
翊	jik6		0	138
翋	laap6		0	145
翌	jik6		0	140
翍	pei1		0	149
翎	ling4		0	136
翏	lau6	liu4 luk6	1	148
翐	dit6		0	150
翑	geoi2	keoi4 jyu6	1	150
習	zaap6		0	116
翓	kit3		0	152
翔	coeng4		0	123
翕	jap1	jap6 hap1	0	142
翖	jap1		0	152
翗	koe4		0	148
翘	kiu4	kiu3	1	205
翙	wai3		0	205
翚	fai1		0	205
翛	siu1	suk1	1	144
翜	saap3		0	150
翝	wang4		0	151
翞	goeng1		0	152
翟	dik6	zaak6	0	127
翠	ceoi3		0	103
翡	fei2	fei6	0	139
翢	dou6	tou1 tou4	1	151
翣	saap3		0	147
翤	ci3		0	151
翥	zyu2	zyu3	1	143
翦	zin2		0	138
翧	hyun1		0	147
翨	ci3		0	151
翩	pin1		0	148
翪	zung1		0	149
翫	waan4	wun6	1	142
翬	fai1		0	144
翭	hau4		0	146
翮	hat6		0	142
翯	hok6		0	145
翰	hon6		0	120
翱	ngou4		0	139
翲	piu1	piu3	1	148
翳	ai3	ji1	0	130
翴	lin4		0	147
翵	hau4	keoi4	1	147
翶	ngou4		0	147
翷	leon4		0	150
翸	pun2		0	147
翹	kiu4	kiu3 giu6 hiu3	0	113
翺	ngou4		0	146
翻	faan1		0	70
翼	jik6		0	108
翽	wai3		0	148
翾	hyun1		0	143
翿	dou6	tou4	1	148
耀	jiu6		0	111
老	lou5		0	75
耂	lou5		0	205
考	haau2		0	97
耄	mou6		0	142
者	ze2		0	86
耆	kei4	si6	0	140
耇	gau2		0	147
耈	gau2		0	148
耉	gau2		0	150
耊	dit6		0	149
耋	dit6		0	144
而	ji4	nang4	0	65
耍	saa2		0	116
耎	jyun5		0	146
耏	ji4	noi6	1	147
耐	noi6		0	82
耑	dyun1	zyun1	1	160
耒	loi6	leoi6 leoi5	0	141
耓	ting1		0	149
耔	zi2		0	142
耕	gaang1	gang1	0	124
耖	caau2	caau3	1	146
耗	hou3		0	123
耘	wan4		0	140
耙	paa4	baa3	0	127
耚	pei1		0	150
耛	ji4		0	151
耜	ci5	zi6	1	143
耝	ceoi3		0	150
耞	gaa1		0	147
耟	geoi6		0	146
耠	hap6		0	147
耡	co4		0	162
耢	lou6	lou4	1	205
耣	leon5		0	149
耤	zik6		0	159
耥	tong2		0	146
耦	ngau5		0	141
耧	lau4		0	205
耨	nau6		0	136
耩	gong2		0	143
耪	pong1	pong5 pong3	1	142
耫	zaa6		0	151
耬	lau4		0	144
耭	gei1		0	146
耮	lou4		0	146
耯	wok6		0	151
耰	jau1		0	147
耱	mo6		0	144
耲	waai4		0	146
耳	ji5		0	98
耴	ngat6		0	150
耵	ding1	ding2	1	145
耶	je4		0	111
耷	daap3	dap1	0	117
耸	sung2		0	205
耹	kam4		0	148
耺	wan4		0	152
耻	ci2		0	161
耼	daam1		0	147
耽	daam1		0	145
耾	wang4		0	149
耿	gang2	gwing2	0	122
聀	zik1		0	149
聁	paan3		0	205
聂	nip6	lip6	1	205
聃	daam1		0	143
聄	can2		0	148
聅	cit3		0	146
聆	ling4		0	129
聇	zing1		0	151
聈	jau2		0	150
聉	waat6		0	152
聊	liu4		0	108
聋	lung4	lung2	1	205
职	zik1		0	205
聍	ning4	ling4	1	205
聎	tiu1		0	151
聏	ji4		0	148
聐	ngaat6		0	149
聑	dip3		0	148
聒	kut3		0	143
聓	sai3		0	205
联	lyun4	lyun2	1	205
聕	hou6		0	151
聖	sing3		0	101
聗	lip6		0	147
聘	ping3		0	126
聙	zing1		0	145
聚	zeoi6		0	107
聛	bei2		0	149
聜	dai2	zat1	1	151
聝	gwik1	gwok3	1	148
聞	man4	man2	0	100
聟	sai3		0	150
聠	ping1		0	150
聡	cung1		0	144
聢	ding6		0	148
聣	ngai6		0	205
聤	ting4		0	147
聥	geoi2		0	151
聦	cung1		0	148
聧	kwai1	kwai4	1	149
聨	lyun4		0	147
聩	kui2	kwui2 kui3 kwui3	1	205
聪	cung1		0	205
聫	lyun4		0	149
聬	jung2		0	150
聭	gwai3		0	152
聮	lyun4		0	148
聯	lyun4		0	101
聰	cung1		0	107
聱	ngou4		0	147
聲	seng1	sing1	1	76
聳	sung2		0	125
聴	ting1		0	142
聵	kui2	kui3 ngoi6 wui6	1	142
聶	nip6	sip3	0	110
職	zik1		0	109
聸	daam1		0	150
聹	ning4		0	145
聺	cit3		0	151
聻	zim6		0	148
聼	teng1	ting1 ting3	1	141
聽	teng1	ting1 ting3	1	66
聾	lung4		0	126
聿	jyut6	wat6 leot6	0	140
肁	ziu6		0	147
肂	si3		0	147
肃	suk1		0	205
肄	ji6	si3	1	160
肅	suk1		0	134
肆	si3	sei3	1	137
肇	siu6		0	130
肈	siu6		0	146
肉	juk6		0	88
肊	jik1		0	147
肋	laak6	lak6 laak1 lak1	1	137
肌	gei1		0	122
肍	gau6		0	149
肎	hang2		0	147
肏	caau3	cou3	1	149
肐	gaak3	gok3 gat1	1	150
肑	bok3		0	146
肒	wun6		0	149
肓	fong1		0	157
肔	ci2		0	148
肕	jan6		0	147
肖	ciu3	siu1	0	104
肗	jyu5		0	149
肘	zaau2	zau2	0	136
肙	jyun1		0	148
肚	tou5		0	97
肛	gong1		0	151
肜	jung4		0	143
肝	gon1		0	111
肞	caa1		0	148
肟	ok3		0	140
肠	coeng4	coeng2	1	205
股	gu2		0	95
肢	zi1		0	134
肣	haam4	ham5 kam4	1	148
肤	fu1		0	205
肥	fei4		0	93
肦	baan1		0	149
肧	pei1		0	147
肨	bun6		0	148
肩	gin1		0	111
肪	fong1		0	140
肫	seon4	zeon1	1	142
肬	jau4		0	149
肭	nat6	neot6 nuk6	1	143
肮	gong1	ong1 hong4	1	160
肯	hang2		0	87
肰	jin4		0	149
肱	gwang1		0	140
育	juk6	juk1	0	118
肳	man5		0	149
肴	ngaau4		0	141
肵	kei4		0	148
肶	bei2		0	146
肷	him2	hip3	1	142
肸	hat1	jat6 hit3	1	146
肹	bei3	jat6	1	146
肺	fai3	pui3	0	108
肻	hang2		0	205
肼	zeng2		0	141
肽	taai3		0	135
肾	san5	san2 san6	1	205
肿	zung2		0	205
胀	zoeng3		0	205
胁	hip3		0	205
胂	san1	san6	1	142
胃	wai6		0	111
胄	zau6		0	140
胅	dit3	dit6	1	150
胆	daam2		0	159
胇	bat6	fai3 fai6	1	160
胈	bat6		0	148
胉	bok3		0	150
胊	keoi4		0	152
胋	tim4		0	150
背	bui3	bui6	1	96
胍	gwaa1		0	141
胎	toi1		0	116
胏	zi2		0	148
胐	deot1	pui3 fat1	1	147
胑	zi1		0	147
胒	nei6		0	146
胓	ping4		0	151
胔	ci1	zi3 zi6	1	147
胕	fu1	fu4	1	147
胖	bun6	pun4 pun3	0	121
胗	can2	zan1 zan2	1	142
胘	jin4		0	149
胙	zou6		0	143
胚	pui1	pei1 bui1	1	134
胛	gaap3		0	140
胜	saang1	sing3 sing1	1	140
胝	dai1	zi1	1	142
胞	baau1	paau1	0	144
胟	mou5		0	150
胠	keoi1		0	147
胡	wu4		0	93
胢	kaa3		0	148
胣	ci2		0	147
胤	jan6		0	111
胥	seoi1		0	127
胦	joeng1		0	148
胧	lung4		0	205
胨	dung3		0	205
胩	kaa1		0	143
胪	lou4		0	205
胫	hing5	ging3	1	205
胬	nou5		0	143
胭	jin1		0	139
胮	pong1		0	149
胯	kwaa3	fu3 kwaa1	0	131
胰	ji4		0	137
胱	gwong1		0	141
胲	goi1	goi2 hoi2 haai5	1	145
胳	gok3	gaak3 lok3	0	143
胴	dung6		0	143
胵	ci1	ci3	0	148
胶	gaau1		0	159
胷	hung1		0	149
胸	hung1		0	103
胹	ji4		0	149
胺	on1	on3 aat3	0	129
胻	hang4		0	148
胼	pin4		0	144
能	nang4	noi6 toi4	0	85
胾	zi1	zi3	1	148
胿	gwai1		0	149
脀	zing1		0	147
脁	jiu4	tiu2 tiu3	1	146
脂	zi1		0	132
脃	ceoi3		0	143
脄	mui4		0	150
脅	hip3	hip6	0	143
脆	ceoi3		0	111
脇	hip3		0	144
脈	mak6	maak6	0	108
脉	mak6		0	138
脊	zek3	zik3	0	131
脋	hip3		0	205
脌	nin1		0	205
脍	kui2	kwui2	1	205
脎	saat3		0	146
脏	zong1	zong3 zong6	1	205
脐	ci4		0	205
脑	nou5	lou5	1	205
脒	mai5		0	142
脓	nung4	lung4	1	205
脔	lyun5	lyun2 lyun4	1	205
脕	maan5	maan6	1	143
脖	but6		0	135
脗	man5		0	145
脘	gun2	wun2 wun5	1	141
脙	jau1		0	144
脚	goek3		0	144
脛	hing5	ging3	0	159
脜	jau4		0	145
脝	hang1		0	145
脞	co2		0	145
脟	lyun5	lyut3 lyut6	1	144
脠	zin1		0	145
脡	ting2	ting5	1	144
脢	mui4	mui6	1	144
脣	seon4		0	120
脤	san5	san6	1	145
脥	gaap3	him2 hip3	1	144
脦	tik1		0	145
脧	ceoi1	zeoi1 zoe1 zyun1	1	144
脨	cuk1		0	144
脩	sau1		0	136
脪	jan3		0	145
脫	tyut3	teoi3	0	110
脬	paau1		0	145
脭	cing4		0	145
脮	neoi5		0	146
脯	fu2	pou2 pou4	0	139
脰	dau6		0	144
脱	tyut3		0	113
脲	niu6		0	139
脳	nou5		0	143
脴	pei2		0	147
脵	ng4		0	205
脶	lo4		0	205
脷	lei6		0	120
脸	lim5		0	205
脹	zoeng3		0	123
脺	ceoi3	seoi6	1	145
脻	zip3		0	147
脼	loeng5		0	147
脽	seoi4		0	145
脾	pei4		0	113
脿	biu2		0	143
腀	leon4		0	148
腁	pin4		0	146
腂	leoi5		0	146
腃	kyun4	wai3	1	146
腄	ceoi4		0	144
腅	daam6		0	148
腆	tin2		0	142
腇	neoi5		0	147
腈	cing1		0	141
腉	laai4	naai4	1	147
腊	laap6	sik1	1	141
腋	jik6	jat6	0	138
腌	jim1	jip3	0	139
腍	jam6	nam5 nam4	1	153
腎	san6	san5	0	118
腏	zyut3		0	148
腐	fu6		0	127
腑	fu2		0	135
腒	geoi1	keoi4	1	148
腓	fei4		0	140
腔	hong1		0	123
腕	wun2		0	134
腖	dung3		0	142
腗	pei4		0	205
腘	gwok3	gok3	1	165
腙	zung1		0	143
腚	ding6		0	140
腛	ak1		0	148
腜	mui4		0	146
腝	ji4	jyun5	1	146
腞	syun6		0	147
腟	cat1		0	147
腠	cau3	zau3	0	144
腡	lo4	gwaa1	0	147
腢	jyu4	ngau5	1	148
腣	dai3		0	148
腤	am1	am3	1	147
腥	seng1	sing1 seng3 sing3	0	123
腦	nou5		0	97
腧	syu3	syu6	1	144
腨	syun6		0	147
腩	naam5		0	127
腪	wan6		0	149
腫	zung2		0	113
腬	nau6		0	149
腭	ngok6		0	159
腮	soi1		0	122
腯	dat1	dyut1 dat6 teon5	1	147
腰	jiu1		0	97
腱	gin3	gin1 gin6	0	151
腲	wai2		0	149
腳	goek3		0	81
腴	jyu4		0	140
腵	gaa1		0	146
腶	dyun3		0	148
腷	bik1		0	146
腸	coeng4	coeng2	0	114
腹	fuk1		0	113
腺	sin3		0	143
腻	nei6	lei6 nau6 lau6	1	205
腼	min5		0	205
腽	wat1		0	147
腾	tang4		0	205
腿	teoi2		0	104
膀	pong4	bong2 pong1	0	137
膁	him2	hip3	1	148
膂	leoi5	leoi3	0	144
膃	wat1		0	147
膄	sau3		0	146
膅	tong4		0	151
膆	sou3		0	151
膇	deoi3	zeoi6	1	148
膈	gaak3		0	140
膉	jik1		0	149
膊	bok3		0	130
膋	liu4		0	148
膌	zek3	zik6	1	148
膍	pei4		0	147
膎	haai4		0	149
膏	gou1	gou3	0	121
膐	leoi5		0	151
膑	ban3		0	205
膒	au1		0	149
膓	coeng4		0	149
膔	luk6		0	150
膕	gwok3		0	147
膖	pong1		0	149
膗	ceoi4		0	150
膘	biu1		0	139
膙	gaan2	koeng5 zoeng2	1	149
膚	fu1		0	128
膛	tong4	tong1	0	134
膜	mok2	mok6 mou4	0	118
膝	sat1		0	121
膞	zyun1		0	148
膟	leot6		0	151
膠	gaau1		0	106
膡	jing6		0	154
膢	lau4	leoi4	1	148
膣	zat6		0	147
膤	syut3		0	144
膥	ceon1		0	205
膦	leon4	leon6	1	141
膧	cong4	tung4	1	148
膨	paang4		0	135
膩	nei6	nau6	0	125
膪	ceoi2	zaa6	1	148
膫	liu4		0	148
膬	ceoi3		0	145
膭	gwai1		0	151
膮	hiu1		0	145
膯	tang1		0	205
膰	faan4		0	145
膱	zik1		0	151
膲	ziu1		0	149
膳	sin6		0	133
膴	fu1	mou5	1	147
膵	ceoi3	seoi6	1	148
膶	jeon2		0	205
膷	hoeng1		0	145
膸	seoi5		0	147
膹	fan5	fei2	1	150
膺	jing1		0	154
膻	daan6	zin1 saan1 sin1	1	144
膼	zaa1		0	148
膽	daam2		0	105
膾	kui2	kui3	0	142
膿	nung4		0	136
臀	tyun4		0	133
臁	lim4		0	142
臂	bei3		0	111
臃	jung1	jung2	1	142
臄	kek6	koek6	1	149
臅	zuk1		0	149
臆	jik1		0	141
臇	zeon3	zyun2	1	151
臈	laap6		0	146
臉	lim5		0	97
臊	sou1	sou3	0	141
臋	tyun4		0	146
臌	gu2		0	143
臍	ci4		0	143
臎	ceoi3		0	148
臏	ban3	pan5	0	135
臐	fan1		0	151
臑	ji4	naau6 jyu4 nou6	1	145
臒	wok3	wu6	1	145
臓	zong6		0	145
臔	jin6		0	147
臕	biu1		0	150
臖	hing3		0	148
臗	fun1		0	145
臘	laap6	lip6	0	130
臙	jin1		0	154
臚	lou4		0	142
臛	fok3	huk1	1	147
臜	zim1	zap1	1	205
臝	lo2	lo5	1	148
臞	keoi4		0	146
臟	zong6		0	139
臠	lyun5	lyun4	0	160
臡	nai4		0	148
臢	zaam1	zim1 zap1 zaan3 zim3	1	145
臣	san4		0	102
臤	hin1		0	149
臥	ngo6		0	119
臦	gwing2	gwong3	1	145
臧	zong1	cong4 zong6	0	137
臨	lam4		0	99
臩	gwing2	gwong3	1	146
自	zi6		0	89
臫	giu2		0	142
臬	jit6	nip6	0	144
臭	cau3		0	95
臮	gei6	kei3	1	147
臯	gou1		0	143
臰	cau3		0	146
臱	min4		0	145
臲	jit6		0	148
至	zi3		0	87
致	zi3		0	116
臵	gaak3		0	146
臶	zin6		0	148
臷	dit6		0	149
臸	zeon3	zi1	1	143
臹	sau1		0	152
臺	toi4		0	91
臻	zeon1		0	127
臼	kau5		0	155
臽	haam6		0	147
臾	jyu4	jung5	0	143
臿	caap3		0	146
舀	jiu5		0	159
舁	jyu4		0	144
舂	zung1		0	160
舃	sik1		0	147
舄	sik1		0	143
舅	kau5		0	121
舆	jyu4		0	205
與	jyu5		0	90
興	hing1	hing3	1	96
舉	geoi2		0	100
舊	gau6		0	88
舋	jan3	jan6 man6	1	137
舌	sit3	sit6	0	115
舍	se3	se5	0	112
舎	se3		0	143
舏	gau2		0	152
舐	laai2	saai5 saai2 si5	0	111
舑	daam1	taan1 tim3	1	148
舒	syu1		0	114
舓	saai5		0	149
舔	tim2	lem2	0	114
舕	taam3		0	150
舖	pou3	pou1	0	108
舗	pou3		0	156
舘	gun2		0	191
舙	jyu5		0	146
舚	daam1		0	146
舛	cyun2		0	140
舜	seon3		0	130
舝	hat6		0	149
舞	mou5		0	106
舟	zau1		0	120
舠	dou1		0	147
舡	gong1	hong1 syun4	1	145
舢	saan1		0	145
舣	ngai5	ai5	1	205
舤	faan4		0	148
舥	paa1		0	143
舦	taai5		0	149
舧	faan4		0	149
舨	baan2		0	160
舩	syun4		0	149
航	hong4		0	114
舫	fong2		0	138
般	bun1	bo1 baan1 pun4 but3	0	110
舭	bei2		0	144
舮	lou4		0	150
舯	zung1		0	143
舰	laam6	cam1	1	205
舱	cong1		0	205
舲	lang1	ling4	1	145
舳	zuk6		0	143
舴	zaak3		0	143
舵	to4		0	130
舶	bok6	paak3 baak3 baak6	0	140
舷	jin4		0	140
舸	go2	ho2	1	140
船	syun4		0	86
舺	gaap3		0	145
舻	lou4		0	205
舼	hung4	kung4	1	149
舽	fung4	pong4	1	148
舾	sai1		0	143
舿	kwaa3		0	147
艀	fau4		0	152
艁	zou6		0	149
艂	fung4		0	144
艃	lei4		0	150
艄	saau1		0	139
艅	jyu4		0	146
艆	long4		0	151
艇	teng5	ting5	0	115
艈	juk1		0	205
艉	mei5		0	142
艊	bok6		0	152
艋	maang5		0	142
艌	lim6	nim6	1	147
艍	geoi1		0	205
艎	wong4		0	147
艏	sau2		0	142
艐	gaai3	ho3 zung1	1	149
艑	bin1	bin6	1	148
艒	muk6		0	146
艓	dip6		0	150
艔	dou2	dou6	1	205
艕	bong3	pong3 bong6	1	150
艖	caa1		0	147
艗	jik6		0	150
艘	sau2	sau1	0	117
艙	cong1		0	127
艚	cou4		0	142
艛	lau4		0	150
艜	daai3		0	148
艝	syut3		0	149
艞	jiu6	tiu3	1	151
艟	cung1	tung4	1	144
艠	dang1		0	205
艡	dong1		0	149
艢	coeng4		0	149
艣	lou5		0	165
艤	ngai5		0	144
艥	zip3		0	153
艦	laam6		0	126
艧	wok6		0	145
艨	mung4		0	143
艩	cai4		0	148
艪	lou5		0	151
艫	lou4		0	142
艬	caam4		0	150
艭	soeng1		0	149
艮	gan3	ngan4	0	138
良	loeng4		0	92
艰	gaan1		0	205
艱	gaan1		0	132
色	sik1		0	86
艳	jim6		0	205
艴	but6	fat1	1	146
艵	ping1		0	150
艶	jim6		0	144
艷	jim6		0	144
艸	cou2	mong5	1	144
艺	ngai6	ai6	1	205
艻	lak6		0	147
艼	ding2		0	145
艽	gaau1	kau4 gau2	1	142
艾	ngaai6		0	107
艿	jing4	naai5	1	141
芀	siu4	tiu4	1	148
芁	kau4		0	149
节	zit3		0	205
芃	pung4		0	141
芄	jyun4		0	141
芅	jik6		0	147
芆	ngaai6		0	150
芇	min4		0	149
芈	me1	me5 mei5 me2	1	205
芉	gon1		0	144
芊	cin1		0	133
芋	wu6	jyu1	0	134
芌	wu6		0	151
芍	coek3	zoek3	0	141
芎	gung1	hung1 kung4	0	141
芏	dou6	tou2	1	141
芐	haa6	wu6	1	141
芑	hei2		0	142
芒	mong4	mong1 fong2	0	112
芓	zi2	zi6	1	144
芔	wai2	wai3	1	146
芕	zik6		0	148
芖	zi6		0	148
芗	hoeng1	hoeng2	1	205
芘	bei3	pei4	1	142
芙	fu4		0	135
芚	ceon1	tyun4 teon1	1	149
芛	jyut6		0	147
芜	mou4		0	160
芝	zi1		0	112
芞	hat1		0	144
芟	saam1	saan1	1	142
芠	man4		0	141
芡	him3	hin3	0	138
芢	jan4		0	145
芣	fau4		0	140
芤	haau1	kau1	1	142
芥	gaai3		0	137
芦	lou4	lou2	1	160
芧	cyu5	zeoi6	1	147
芨	kap6	gap1 kap1	0	142
芩	kam4	sam4	0	140
芪	kei4		0	140
芫	jim4	jyun4	1	136
芬	fan1		0	115
芭	baa1		0	133
芮	jeoi6		0	137
芯	sam1	seon3	0	136
芰	gei6		0	141
花	faa1		0	83
芲	faa1		0	146
芳	fong1		0	104
芴	fat1	mat6	1	142
芵	kyut3		0	148
芶	gau2		0	144
芷	zi2		0	125
芸	wan4		0	132
芹	kan4	kan2	0	114
芺	ou3		0	147
芻	co1		0	141
芼	mou4	mou6	1	144
芽	ngaa4		0	134
芾	fai3	fat1	0	140
芿	jing4		0	145
苀	gong1	hong4	1	148
苁	cung1		0	159
苂	jam4		0	150
苃	jau5		0	142
苄	bin6		0	140
苅	ngaai6		0	146
苆	cit3		0	205
苇	wai5		0	205
苈	lik6		0	205
苉	pat1		0	147
苊	ak1		0	141
苋	jin6		0	205
苌	coeng4		0	205
苍	cong1	cong2	1	205
苎	cyu5		0	205
苏	sou1		0	205
苐	dai6	tai4 ji4	1	143
苑	jyun2		0	118
苒	jim5		0	141
苓	ling4		0	134
苔	toi4	toi1	0	133
苕	tiu4	siu4	0	141
苖	cuk1	miu4 dik6	1	144
苗	miu4		0	110
苘	gwing2		0	205
苙	lap1	lap6	1	160
苚	jung6		0	143
苛	ho1	ho4	0	146
苜	muk6		0	142
苝	bui6		0	143
苞	baau1		0	138
苟	gau2	gik1	0	139
苠	man4		0	145
苡	ji5		0	140
苢	ji5		0	146
苣	geoi6		0	138
苤	pei2		0	142
若	joek6		0	85
苦	fu2		0	95
苧	cyu5		0	141
苨	nai5	nei5	1	145
苩	baak6		0	143
苪	bing2		0	146
苫	sim1	sim3	0	141
苬	cau4		0	151
苭	jiu2		0	151
苮	sin1		0	145
苯	bun2		0	132
苰	wang4		0	148
英	jing1		0	90
苲	zaa2	zaa3	1	149
苳	dung1		0	145
苴	caa1	zeoi1 caa4 zaa2 ceoi1 zaa3 zeoi2	1	142
苵	dit6		0	148
苶	nip6		0	145
苷	gam1		0	137
苸	fu1		0	143
苹	ping4		0	141
苺	mui4		0	155
苻	fu4	pou4	1	142
苼	sang1		0	142
苽	gu1		0	142
苾	bat6	bit6 bit1	1	142
苿	mei6		0	144
茀	bat6	fat1 but6	1	145
茁	zyut3	cyut3	0	141
茂	mau6		0	105
范	faan6		0	124
茄	ke2	ke4 gaa1 ke1	0	116
茅	maau4		0	117
茆	lau5	maau5 maau4	1	141
茇	baat6	bat6 pui3	1	144
茈	caai4	zi2 ci4	1	142
茉	mut6		0	136
茊	zi1		0	150
茋	zi2		0	147
茌	ci4		0	144
茍	gik1		0	160
茎	hang1	ging3	1	205
茏	lung4		0	205
茐	cung1		0	205
茑	niu5	liu5	1	205
茒	jyun2		0	205
茓	jyut6		0	205
茔	jing4		0	205
茕	king4		0	205
茖	gaak3		0	145
茗	ming4	ming5	0	135
茘	lai6		0	147
茙	jung4		0	149
茚	jan3		0	142
茛	gan3		0	143
茜	sai1	sin6 sin3	1	153
茝	coi2	zi2	1	146
茞	coi2	zi2	1	147
茟	jyut6		0	150
茠	hou1	jau1	1	147
茡	zi6		0	145
茢	lit6		0	147
茣	ng4		0	150
茤	do1	gei6	1	142
茥	gwai1	kwai1	1	151
茦	caak3		0	151
茧	gaan2	gin2	1	182
茨	ci4		0	127
茩	hau6		0	145
茪	gwong1		0	144
茫	mong4		0	124
茬	caa4	ci4	0	136
茭	gaau1		0	142
茮	ziu1		0	146
茯	fuk6		0	137
茰	jyu4		0	152
茱	zyu1	syu4	0	138
茲	zi1	ci4	0	124
茳	gong1		0	143
茴	wui4		0	137
茵	jan1		0	103
茶	caa4		0	95
茷	bui6	fat6 pui3	1	148
茸	jung4	jung5	0	134
茹	jyu4	jyu6	0	117
茺	cung1		0	144
茻	mong5	mou5	1	146
茼	tung4		0	142
茽	zung6		0	143
茾	hin1		0	150
茿	zuk1		0	147
荀	seon1		0	156
荁	wun4		0	148
荂	fu1	heoi1	1	147
荃	cyun4		0	136
荄	goi1		0	144
荅	daap3	taap3	1	150
荆	ging1		0	205
荇	hang6		0	141
荈	cyun2		0	145
草	cou2		0	95
荊	ging1		0	107
荋	ji4		0	145
荌	on3		0	144
荍	kiu4		0	145
荎	ci4		0	148
荏	jam5	jam6 jam3	0	140
荐	zin3	zin6	1	140
荑	tai4	ji4	0	142
荒	fong1		0	113
荓	ping4		0	148
荔	lai6		0	136
荕	gan1		0	147
荖	lou5		0	142
荗	seot6		0	146
荘	zong1		0	143
荙	daat6		0	205
荚	gaap3		0	205
荛	jiu4		0	205
荜	bat1		0	205
荝	zak1		0	205
荞	kiu4		0	205
荟	wai3	wui6 kui2 kwui2	1	205
荠	cai5	cai4 zai3 ci4	1	205
荡	dong6		0	205
荢	zi6		0	145
荣	wing4		0	198
荤	fan1		0	205
荥	jing4		0	205
荦	lok3	lok6	1	205
荧	jing4		0	205
荨	taam4	cam4 cim4	1	205
荩	zeon2		0	205
荪	syun1		0	205
荫	jam1	jam3	1	205
荬	maai5		0	205
荭	hung4		0	205
荮	zau6		0	205
药	joek6	joek2 joek3	1	205
荰	dou6		0	146
荱	mei5		0	145
荲	huk1		0	146
荳	dau6	dau2	0	125
荴	fu1		0	148
荵	jan2		0	146
荶	jam4		0	146
荷	ho4	ho6	1	123
荸	but6		0	146
荹	bou6		0	144
荺	wan5		0	148
荻	dik6		0	139
荼	tou4	caa4 syu1 ce4	0	151
荽	sai1	seoi1	1	143
荾	seoi1		0	150
荿	sing4		0	143
莀	san4		0	147
莁	mou4		0	145
莂	bit6		0	141
莃	hei1		0	143
莄	gang2		0	144
莅	lei6		0	145
莆	pou4	fu2	0	137
莇	zo6		0	146
莈	mut6		0	141
莉	lei6		0	117
莊	zong1		0	94
莋	zok6		0	142
莌	tyut3		0	150
莍	kau4		0	147
莎	saa1	so1	0	116
莏	co1	so1	1	148
莐	cam4		0	146
莑	pung4		0	149
莒	geoi2		0	141
莓	mui4		0	136
莔	maang4		0	142
莕	hang6		0	145
莖	ging3	hang1 ging1 hang4	1	143
莗	ce1		0	146
莘	san1		0	138
莙	gwan1	kwan2 kwan5	1	144
莚	jin4		0	148
莛	ting4		0	143
莜	jau4		0	141
莝	co3		0	148
莞	gun2	gun1 gwaan1 wun2 wun5 wun1	0	143
莟	ham6		0	147
莠	jau5		0	142
莡	cok3		0	151
莢	gaap3		0	136
莣	mong4		0	141
莤	jau4	suk1	1	147
莥	nau5		0	149
莦	saau1		0	147
莧	jin6		0	141
莨	loeng4	long6 long4	1	142
莩	fu1	piu5	1	142
莪	ngo4		0	134
莫	mok6		0	89
莬	man6		0	147
莭	zit3		0	146
莮	naam4		0	141
莯	muk6		0	145
莰	ham2		0	145
莱	loi4		0	205
莲	lin4	lin2	1	205
莳	si4	si2 si6	1	205
莴	wo1		0	205
莵	tou3		0	146
莶	cim1	lim5 lim6	1	205
获	wok6		0	205
莸	jau4		0	205
莹	jing4	jing2	1	205
莺	ang1	ngang1	1	205
莻	jing4		0	205
莼	seon4		0	205
莽	mong5		0	125
莾	mong5		0	148
莿	ci3		0	145
菀	jyun2	wat1 wan5 wan3 wan2	0	138
菁	cing1	zing1	0	135
菂	dik1		0	140
菃	keoi4		0	147
菄	dung1		0	146
菅	gaan1		0	140
菆	cyun4	zau1	1	148
菇	gu1		0	125
菈	laap6		0	141
菉	luk6		0	145
菊	guk1		0	119
菋	mei6		0	142
菌	kwan2		0	120
菍	nip6		0	145
菎	kwan1		0	148
菏	go1	ho4	0	141
菐	duk6		0	149
菑	zi1	zoi1	1	142
菒	gou2		0	150
菓	gwo2		0	141
菔	fuk6	baak6	0	141
菕	leon4		0	149
菖	coeng1		0	143
菗	cau4		0	144
菘	sung1		0	141
菙	ceoi4		0	149
菚	zaan6		0	150
菛	mun4		0	142
菜	coi3		0	94
菝	bat6		0	143
菞	lai4		0	152
菟	tou3	tou4	0	141
菠	bo1		0	138
菡	haam5	aam2	0	140
菢	bou6		0	143
菣	kin3		0	151
菤	gyun2		0	144
菥	sik1		0	143
菦	kan4		0	145
菧	dai2		0	146
菨	cip3	zip3	1	148
菩	pou4		0	120
菪	dong6		0	142
菫	gan2		0	171
菬	ciu4	ziu2	1	149
菭	toi4		0	148
菮	gang1		0	149
華	waa4	waa6 faa1	0	89
菰	gu1		0	141
菱	ling4		0	132
菲	fei1	fei2	0	107
菳	gam1	kan4 kam1 kam4	1	146
菴	am1		0	136
菵	mong5		0	148
菶	bung2		0	146
菷	zaau2	zau2	1	151
菸	jin1		0	149
菹	zeoi1		0	142
菺	gin1		0	146
菻	lam4		0	144
菼	cim1	taam2	1	147
菽	suk6	suk1	0	141
菾	tim4		0	146
菿	doek3	dou3 dou2	1	140
萀	fu2		0	149
萁	kei4	gei1	0	141
萂	wo4		0	143
萃	seoi6		0	137
萄	tou4		0	152
萅	ceon1		0	151
萆	bei1	bei6	1	142
萇	coeng4		0	141
萈	wun4		0	150
萉	fai6	fei4	1	145
萊	loi4		0	114
萋	cai1		0	143
萌	mang4		0	122
萍	ping4		0	107
萎	wai2	wai1 wai3	0	137
萏	daam6		0	144
萐	saap3	sip3 zit6	1	147
萑	wun4		0	143
萒	gyun6	jin5	1	150
萓	ji4		0	148
萔	tiu4		0	152
萕	cai5		0	149
萖	gun1		0	149
萗	caak3		0	151
萘	noi6		0	140
萙	zam2		0	205
萚	tok3		0	205
萛	gau1		0	148
萜	tip3		0	141
萝	lo4		0	205
萞	bei1		0	205
萟	ngai6		0	152
萠	pang4		0	143
萡	bok6		0	205
萢	paau1		0	143
萣	ding6		0	142
萤	jing4		0	205
营	jing4		0	205
萦	jing4		0	205
萧	siu1		0	205
萨	saat3	saat2	1	205
萩	cau1		0	142
萪	fo1		0	146
萫	hoeng3		0	144
萬	maan6		0	82
萭	geoi2	jyu5	1	145
萮	jyu4		0	146
萯	fu5	fu6 pui5	1	146
萰	lin6		0	152
萱	hyun1		0	141
萲	hyun1		0	151
萳	naam4	naam5	1	146
萴	zak1		0	149
萵	wo1		0	140
萶	ceon2		0	147
萷	siu1	sok3	1	147
萸	jyu4		0	140
萹	bin1	pin1 bin2	1	172
萺	mou6	muk6	1	146
萻	am1		0	147
萼	ngok6		0	139
落	lok6	lok1	0	72
萾	jing4		0	149
萿	kut3	wut6	1	142
葀	kut3		0	148
葁	goeng1		0	147
葂	maan5		0	148
葃	zaak6	zok6 zik6	1	144
葄	zou6		0	148
葅	zeoi1		0	148
葆	bou2		0	138
葇	jau4		0	146
葈	saai2		0	151
葉	jip6	sip3	0	94
葊	am1		0	150
葋	keoi4		0	150
葌	gaan1		0	150
葍	fuk1		0	145
葎	leot6		0	144
葏	zin1		0	151
葐	pun4	pun6	1	149
葑	fung1	fung6 fung3	1	141
葒	hung4		0	141
葓	hung4		0	147
葔	hau4		0	143
葕	jin4		0	149
葖	dat6		0	145
著	zyu3	zoek6 zoek3	1	75
葘	zi1	zoi1	1	149
葙	soeng1		0	141
葚	sam4	sam6 zam1	1	142
葛	got3		0	121
葜	hat6		0	143
葝	ging3	king4	1	147
葞	mei5		0	150
葟	wong4		0	149
葠	sam1		0	148
葡	pou4		0	133
葢	gap3	goi3 koi3 hap1 hap6	1	146
董	dung2		0	97
葤	zau6		0	147
葥	zin3		0	145
葦	wai5		0	134
葧	but6		0	149
葨	wui1		0	148
葩	baa1	paa1	1	141
葪	gaai3	gai3	1	153
葫	wu4		0	135
葬	zong3		0	120
葭	gaa1		0	140
葮	dyun6		0	144
葯	joek6	joek3	0	159
葰	seoi1	zeon3	1	142
葱	cung1		0	119
葲	cyun4		0	147
葳	wai1		0	140
葴	zam1		0	149
葵	kwai4		0	120
葶	ting4		0	142
葷	fan1		0	134
葸	saai2		0	142
葹	si1		0	147
葺	cap1		0	137
葻	laam4		0	146
葼	zung1		0	149
葽	jiu1		0	141
葾	jyun1		0	146
葿	mei4		0	147
蒀	wan1		0	144
蒁	wat6		0	148
蒂	dai3	ding3 tai3	0	122
蒃	syun6		0	149
蒄	gun1		0	145
蒅	jim5		0	205
蒆	hoe1		0	151
蒇	cin2	zin2	1	205
蒈	kaai2		0	146
蒉	gwai6		0	205
蒊	faa1		0	205
蒋	zoeng1	zoeng2	1	205
蒌	lau4	lau1 lau5	1	205
蒍	wai2	wai5	1	137
蒎	paai3		0	143
蒏	wing6		0	149
蒐	sau1	sau2	0	128
蒑	jan1		0	149
蒒	si1		0	146
蒓	seon4		0	148
蒔	si4	si6	0	141
蒕	wan1		0	144
蒖	zan1		0	144
蒗	long6	long5	0	143
蒘	jyu4	neoi4 leoi4 naa4	1	150
蒙	mung4		0	100
蒚	hat6	lik6	1	146
蒛	kyut3		0	144
蒜	syun3		0	122
蒝	jyun4	wun4	1	143
蒞	lei6		0	141
蒟	geoi2		0	145
蒠	sik1		0	145
蒡	bong2	bong6 pang4	0	144
蒢	ceoi4		0	144
蒣	ceoi4		0	147
蒤	tou4		0	145
蒥	lau4		0	146
蒦	wok6		0	142
蒧	dim2		0	148
蒨	sin6	sin3	0	144
蒩	zou1	zou2	1	146
蒪	pok3		0	150
蒫	co4	ze1 zi1	1	151
蒬	jyun1		0	151
蒭	co1		0	149
蒮	juk6		0	150
蒯	gwaai2	faai3	0	141
蒰	pun4		0	151
蒱	pou4		0	147
蒲	pou4	bok6	0	117
蒳	laap6	naap6	1	145
蒴	sok3		0	144
蒵	hai4		0	150
蒶	fan4		0	143
蒷	wan4		0	150
蒸	zing1		0	110
蒹	gim1		0	144
蒺	zaat6	zat6	1	145
蒻	joek6		0	145
蒼	cong1	cong2	0	122
蒽	jan1		0	139
蒾	mai4		0	143
蒿	hou1		0	135
蓀	syun1		0	141
蓁	zeon1	ceon4	0	142
蓂	mik6	ming4 ming5	1	144
蓃	sau1		0	149
蓄	cuk1		0	134
蓅	lau4		0	141
蓆	zik6	zek6	0	145
蓇	gwat1		0	145
蓈	long4		0	147
蓉	jung4		0	105
蓊	jung2		0	144
蓋	goi3	koi3 gap3 gap6	1	99
蓌	co3		0	152
蓍	si1		0	143
蓎	tong4		0	149
蓏	lo2	lo5	1	147
蓐	juk6		0	143
蓑	so1		0	141
蓒	hin1		0	144
蓓	pui4	pui5	0	138
蓔	guk1	jiu2	1	154
蓕	gwai3		0	148
蓖	bei1	bei6 bai1 bei3	0	141
蓗	zung2		0	146
蓘	gwan2		0	148
蓙	zo6		0	143
蓚	tiu4		0	149
蓛	caak3		0	153
蓜	pui3		0	143
蓝	laam4	laam2	1	205
蓞	daam6		0	205
蓟	gai3		0	205
蓠	lei4		0	205
蓡	sam1		0	205
蓢	long5		0	205
蓣	jyu6		0	205
蓤	ling4		0	147
蓥	jing4		0	205
蓦	mak6		0	205
蓧	diu6	tiu1	1	144
蓨	sau1	tiu1 tiu4	1	147
蓩	mou6	muk6	1	150
蓪	tung1		0	147
蓫	zuk6		0	148
蓬	pung4	fung4	1	129
蓭	am1		0	148
蓮	lin4		0	105
蓯	cung1		0	141
蓰	saai2		0	146
蓱	ping4		0	145
蓲	jau1		0	149
蓳	gan2	kan4 gan3	1	147
蓴	seon4		0	141
蓵	zit6		0	148
蓶	wai4	wai5	1	143
蓷	teoi1		0	146
蓸	cou4		0	148
蓹	jyu6		0	147
蓺	ngai6		0	148
蓻	cap1	guk1	1	149
蓼	liu5	luk6	1	141
蓽	bat1		0	142
蓾	lou5		0	151
蓿	suk1		0	142
蔀	bou6		0	143
蔁	zoeng1		0	149
蔂	leoi4		0	205
蔃	goeng2	koeng2	1	146
蔄	maan6		0	148
蔅	jin4		0	151
蔆	ling4		0	155
蔇	gei3	gei6	1	143
蔈	biu1		0	149
蔉	gwan2		0	146
蔊	hon2	hon6	1	146
蔋	dik6		0	148
蔌	cuk1	suk1	1	144
蔍	cou1	luk6	1	147
蔎	cit3		0	146
蔏	soeng1		0	148
蔐	dik6		0	150
蔑	mit6		0	131
蔒	fan1		0	150
蔓	maan6	maan4	0	137
蔔	baak6		0	123
蔕	daai3	dai3 ding3	1	145
蔖	co4	zaa1	1	150
蔗	ze3		0	135
蔘	sam1	saam1 saam2	0	133
蔙	syun4	syun6	1	146
蔚	wai3	wat1	0	137
蔛	huk6		0	150
蔜	ngou4		0	149
蔝	mai5		0	146
蔞	lau4	lau5	0	143
蔟	cau3	cuk1 coek3 zuk6	1	143
蔠	zung1		0	142
蔡	coi3		0	101
蔢	po4		0	143
蔣	zoeng2	zoeng1	0	100
蔤	mat6		0	146
蔥	cung1		0	117
蔦	niu5		0	141
蔧	seoi6	wai6	1	150
蔨	gyun6	kwan5	1	148
蔩	jan4	ji4 jin5	1	151
蔪	saam1	zim6	1	148
蔫	jin1		0	139
蔬	so1		0	135
蔭	jam3	jam1	0	132
蔮	kui3		0	148
蔯	can4		0	144
蔰	wu6		0	153
蔱	saat3		0	145
蔲	kau3		0	147
蔳	sin6		0	150
蔴	maa4		0	144
蔵	cong4		0	142
蔶	zaak3		0	205
蔷	coeng4		0	205
蔸	dau1		0	141
蔹	lim5	lim6	1	205
蔺	leon6		0	205
蔻	kau3		0	138
蔼	oi2	ngoi2	1	205
蔽	bai3		0	126
蔾	lai4		0	147
蔿	wai2		0	137
蕀	gik1		0	148
蕁	cam4	cim4	0	140
蕂	sing3		0	149
蕃	faan1	faan4 bo3	0	118
蕄	man4	mang4	1	150
蕅	ngau5		0	144
蕆	cin2	zin2	1	144
蕇	din2		0	149
蕈	cam5	seon3 taam4	1	142
蕉	ziu1		0	117
蕊	jeoi5	jeoi6	0	142
蕋	jeoi5		0	148
蕌	leoi5		0	149
蕍	jyu4		0	149
蕎	kiu4		0	139
蕏	cyu4	zyu1	1	144
蕐	waa4		0	146
蕑	gaan1		0	148
蕒	maai5		0	144
蕓	wan4		0	153
蕔	bou1		0	146
蕕	jau4		0	141
蕖	keoi4		0	142
蕗	lou6		0	142
蕘	jiu4		0	144
蕙	wai6		0	137
蕚	ngok6		0	149
蕛	tai4		0	149
蕜	fei2		0	143
蕝	zyut3		0	143
蕞	zeoi3	zeoi6 zyut3	1	153
蕟	faat3		0	143
蕠	jyu4		0	148
蕡	fan4		0	145
蕢	gwai6		0	144
蕣	seon3		0	145
蕤	jeoi6	jeoi4	0	142
蕥	ngaa5		0	143
蕦	seoi1		0	149
蕧	fuk6		0	149
蕨	kyut3		0	140
蕩	dong6		0	110
蕪	mou4		0	137
蕫	dung2		0	146
蕬	si1		0	146
蕭	siu1		0	100
蕮	sik1		0	152
蕯	saat3		0	147
蕰	wan1		0	205
蕱	saau2		0	152
蕲	kei4		0	205
蕳	gaan1		0	145
蕴	wan3	wan5 wan2 wan1	1	205
蕵	syun1		0	150
蕶	ling4		0	143
蕷	jyu6		0	145
蕸	haa4		0	147
蕹	ung3		0	113
蕺	cap1	zap1	1	144
蕻	hung4	hung6	1	143
蕼	sei3		0	147
蕽	nung4		0	151
蕾	leoi4	leoi5	0	129
蕿	hyun1		0	150
薀	wan1	wan2 wan3	1	144
薁	juk1		0	147
薂	hat6		0	152
薃	hou6		0	148
薄	bok6		0	105
薅	hou1		0	142
薆	oi3		0	141
薇	mei4		0	115
薈	wai3	wui6 kui2 kui3 wui3	0	139
薉	wai3		0	148
薊	gai3		0	139
薋	ci4		0	146
薌	hoeng1	hoeng2	0	141
薍	waan6		0	143
薎	mit6		0	149
薏	ji3		0	139
薐	ling4		0	147
薑	goeng1		0	121
薒	caan3		0	150
薓	sam1		0	149
薔	coeng4	sik1	0	138
薕	lim4		0	147
薖	fo1	gwo1	1	146
薗	jyun4		0	146
薘	daat6		0	145
薙	tai3		0	148
薚	tong1		0	148
薛	sit3		0	104
薜	bai6	baak3 bei6	0	160
薝	zim1		0	147
薞	syun1		0	149
薟	cim1	lim5 lim6 him1	1	142
薠	faan4		0	144
薡	ding2		0	146
薢	gaai1	haai5 gaai3	1	144
薣	gu2		0	147
薤	haai6		0	143
薥	suk6		0	149
薦	zin3		0	134
薧	haau2	hou1	1	150
薨	gwang1		0	141
薩	saat3		0	106
薪	san1		0	127
薫	fan1		0	143
薬	joek6		0	143
薭	baai6		0	205
薮	sau2		0	205
薯	syu4	syu2 syu5 syu6	0	120
薰	fan1		0	135
薱	deoi6		0	142
薲	pan4		0	149
薳	jyun5	wai2 wai5	1	189
薴	ning4		0	162
薵	cau4		0	148
薶	maai4	wo1	1	148
薷	jyu4		0	143
薸	piu1	piu4	1	144
薹	toi4		0	139
薺	cai5	cai4 zai3 ci4	0	142
薻	zou2		0	151
薼	can4		0	148
薽	zan1		0	150
薾	ji5		0	145
薿	ji5	jik6	1	146
藀	jing4		0	150
藁	gou2		0	143
藂	cung4		0	146
藃	hiu1	hou3	1	151
藄	kei4		0	149
藅	fat6		0	148
藆	gin2		0	152
藇	jyu6	zeoi6	1	148
藈	gwai1	kwai1	1	149
藉	ze3	zik6 ze6	0	116
藊	bin2		0	149
藋	diu3		0	148
藌	mat6		0	144
藍	laam4		0	101
藎	zeon2	zeon6	1	142
藏	cong4	zong6 zong1	1	105
藐	miu5	mok6	0	134
藑	king4		0	150
藒	kit3		0	144
藓	sin2		0	205
藔	liu4		0	205
藕	ngau5		0	137
藖	haan4		0	150
藗	cuk1		0	151
藘	leoi4		0	148
藙	ngai6		0	147
藚	zuk6		0	155
藛	se2		0	146
藜	lai4	lei4	0	140
藝	ngai6		0	111
藞	lo5		0	146
藟	leoi5		0	146
藠	kiu5		0	145
藡	dik6		0	149
藢	zi2		0	150
藣	bei1		0	151
藤	tang4		0	112
藥	joek6		0	92
藦	mo4	mo6	1	145
藧	wun6		0	148
藨	biu1		0	145
藩	faan4		0	126
藪	sau2		0	141
藫	taam4		0	150
藬	teoi1	teoi4	1	150
藭	kung4		0	149
藮	ciu4		0	151
藯	wai3		0	146
藰	lau4	lau5	1	147
藱	wui4	wui6	1	154
藲	au1		0	149
藳	gou2		0	148
藴	wan3		0	143
藵	bou2		0	205
藶	lik6		0	143
藷	syu4	zyu1	1	198
藸	cyu4	zyu1	1	144
藹	oi2		0	148
藺	leon6		0	139
藻	zou2		0	134
藼	hyun1		0	151
藽	can3		0	144
藾	laai3	laai6	1	145
藿	fok3		0	141
蘀	tok3		0	143
蘁	ng6	ngok6	1	149
蘂	jeoi5		0	146
蘃	jeoi5		0	154
蘄	kei4		0	142
蘅	hang4		0	141
蘆	lou4		0	128
蘇	sou1		0	94
蘈	teoi4		0	146
蘉	mong4		0	150
蘊	wan5	wan3 wan2 wan1	0	132
蘋	ping4	pan4	0	155
蘌	jyu5		0	152
蘍	fan1		0	152
蘎	kei3		0	153
蘏	gwing2		0	148
蘐	hyun1		0	148
蘑	mo4		0	140
蘒	cau1		0	205
蘓	sou1		0	147
蘔	gwing2		0	205
蘕	pung4		0	151
蘖	jit6	nip6	1	205
蘗	baak3	paak3	0	191
蘘	joeng4		0	145
蘙	ai3		0	149
蘚	sin2		0	137
蘛	juk6		0	153
蘜	guk1		0	150
蘝	lim5		0	150
蘞	lim4	lim5 lim6	1	145
蘟	jan2		0	147
蘠	coeng4		0	148
蘡	jing1		0	149
蘢	lung4		0	140
蘣	tau2		0	150
蘤	faa1	wai5	1	147
蘥	joek6		0	150
蘦	ling4		0	149
蘧	keoi4		0	142
蘨	jiu4		0	151
蘩	faan4		0	142
蘪	mei4		0	148
蘫	ham3		0	144
蘬	kwai1	kwai2 wai2	1	149
蘭	laan4		0	95
蘮	gai3		0	153
蘯	dong6		0	148
蘰	maan6		0	145
蘱	leoi6		0	148
蘲	leoi4		0	152
蘳	fai1		0	152
蘴	fung1		0	149
蘵	zik1		0	149
蘶	ngai6		0	147
蘷	kwai4		0	205
蘸	zaam3		0	144
蘹	waai4		0	146
蘺	lei4		0	142
蘻	gai3		0	149
蘼	mei4		0	141
蘽	leoi5		0	149
蘾	waai6		0	145
蘿	lo4		0	121
虀	zai1		0	148
虁	kwai4		0	150
虂	lou6		0	145
虃	cim1	zim1	1	152
虄	saat3		0	205
虅	tang4		0	205
虆	leoi4		0	143
虇	hyun2		0	153
虈	hiu1		0	148
虉	jik6		0	149
虊	lyun4		0	153
虋	mun4		0	150
虌	bit3		0	149
虍	fu1		0	146
虎	fu2		0	92
虏	lou5		0	205
虐	joek6		0	129
虑	leoi6		0	198
虒	si1		0	145
虓	haau1		0	144
虔	kin4		0	137
處	cyu3	cyu5 cyu2 syu3	1	86
虖	fu1	fu4	1	147
虗	heoi1		0	147
虘	co4		0	149
虙	fuk6		0	148
虚	heoi1		0	205
虛	heoi1		0	102
虜	lou5		0	133
虝	fu2		0	151
虞	jyu4		0	131
號	hou6	hou4	0	93
虠	gaau2		0	151
虡	geoi6		0	147
虢	gwik1		0	141
虣	bou6		0	150
虤	ngaan4		0	147
虥	zaan6		0	152
虦	zaan6		0	151
虧	kwai1		0	115
虨	ban1		0	150
虩	gwik1	hik1	1	146
虪	suk1		0	152
虫	cung4	wai2	0	137
虬	kau4		0	159
虭	diu1		0	149
虮	gei2		0	159
虯	kau4		0	140
虰	cing1	ding1	1	147
虱	sat1		0	156
虲	buk1		0	205
虳	dik1		0	147
虴	zaak3		0	148
虵	se4		0	144
虶	jyu1		0	149
虷	gon1	hon4	1	145
虸	zi2		0	145
虹	hung4		0	129
虺	fui1	wai2	1	142
虻	mang4	mong4	1	141
虼	gat1	gok3	1	142
虽	seoi1		0	205
虾	haa1	haa4	1	205
虿	caai3		0	205
蚀	sik6	sit6	1	205
蚁	ngai5	ai5	1	205
蚂	maa6	maa1 maa5	1	205
蚃	hoeng2		0	205
蚄	fong1		0	148
蚅	ak1		0	148
蚆	baa1	paa1	1	146
蚇	cek3	cik3	1	149
蚈	hin1		0	148
蚉	man1		0	147
蚊	man1	man4	0	87
蚋	jeoi6		0	142
蚌	pong5		0	137
蚍	pei4		0	143
蚎	jyut6		0	147
蚏	jyut6		0	146
蚐	gwan1		0	147
蚑	kei4		0	147
蚒	jim4		0	150
蚓	jan5		0	141
蚔	kei4	zi6	1	148
蚕	caam4		0	198
蚖	jyun4		0	146
蚗	kyut3		0	147
蚘	wui4		0	147
蚙	kam4	kim4	1	151
蚚	kei4		0	146
蚛	dung6	zung6	1	147
蚜	ngaa4		0	139
蚝	ci3	hou4	1	142
蚞	muk6		0	149
蚟	wong4		0	147
蚠	fan4		0	150
蚡	fan4		0	144
蚢	hong4		0	150
蚣	gung1		0	148
蚤	zou2		0	153
蚥	fu2	fu6	1	149
蚦	jim4	naam4	1	147
蚧	gaai3		0	141
蚨	fu3	fu4	1	142
蚩	ci1		0	132
蚪	dau2		0	160
蚫	baau1		0	150
蚬	hin2		0	205
蚭	nei4		0	150
蚮	taai3		0	148
蚯	jau1		0	142
蚰	jau4		0	142
蚱	zaa3	zaak3	1	142
蚲	ping4		0	151
蚳	ci4		0	147
蚴	jau2	jau3	1	141
蚵	ho4		0	142
蚶	ham1		0	142
蚷	geoi6		0	145
蚸	cik1		0	152
蚹	fu6		0	149
蚺	jim4	naam4	0	140
蚻	zaat3		0	150
蚼	au1	ngau1 gau2 keoi4	1	150
蚽	pei4		0	150
蚾	bo3	pei4	1	148
蚿	jin4		0	145
蛀	zyu3		0	125
蛁	diu1		0	149
蛂	bit6		0	150
蛃	bing2		0	149
蛄	gu1		0	142
蛅	jim4	zim1	1	149
蛆	zeoi1	ceoi1	0	143
蛇	se4	ji4	0	95
蛈	tit3		0	148
蛉	ling4		0	141
蛊	gu2	gwu2	1	205
蛋	daan2	daan6	1	99
蛌	gu2		0	150
蛍	jing4		0	144
蛎	lai6		0	205
蛏	cing1		0	205
蛐	kuk1		0	141
蛑	mau4		0	142
蛒	gaak3		0	150
蛓	ci3		0	153
蛔	wui4		0	139
蛕	wui4		0	149
蛖	mong4	pong5	1	150
蛗	fau6		0	151
蛘	joeng4	joeng5 mai5	1	141
蛙	waa1		0	127
蛚	lit6		0	150
蛛	zyu1		0	122
蛜	ji1		0	147
蛝	haan4		0	152
蛞	fut3	kut3	1	142
蛟	gaau1		0	127
蛠	lai6		0	152
蛡	jik6		0	153
蛢	ping4		0	150
蛣	kit3		0	149
蛤	gap3	gaap3 haa4 haa1	0	134
蛥	sit6		0	148
蛦	ji4		0	149
蛧	mong5		0	145
蛨	mak6		0	151
蛩	kung4		0	141
蛪	jit6	kit3	1	150
蛫	gwai2		0	148
蛬	gung2		0	150
蛭	zat6		0	140
蛮	maan4		0	205
蛯	lou5		0	144
蛰	zat6	zik6 zit3	1	205
蛱	gaap3		0	205
蛲	jiu4	naau4 laau4	1	205
蛳	si1		0	205
蛴	cai4		0	205
蛵	hing1		0	153
蛶	lyut6		0	154
蛷	kau4		0	151
蛸	saau1	siu1	1	143
蛹	jung2	jung5	0	135
蛺	gaap3		0	142
蛻	seoi3	teoi3	1	139
蛼	ce1		0	148
蛽	bui3		0	150
蛾	ngo4	ngai5 ngau5	0	130
蛿	ham5		0	150
蜀	suk6		0	111
蜁	syun4		0	150
蜂	fung1		0	126
蜃	san6	san5 san4	0	139
蜄	san6		0	151
蜅	fu2		0	150
蜆	hin2		0	135
蜇	zit3		0	141
蜈	ng4		0	154
蜉	fau4		0	145
蜊	lei4	lei6	1	145
蜋	loeng4	long4	1	148
蜌	bai6		0	150
蜍	ceoi4	cyu4 syu4	1	153
蜎	gyun1	jyun1	1	146
蜏	jau5		0	154
蜐	gip3		0	151
蜑	daan6		0	144
蜒	jin4		0	141
蜓	ting4		0	140
蜔	tin4		0	151
蜕	seoi3	teoi3	1	164
蜖	wui4		0	151
蜗	wo1		0	205
蜘	zi1		0	140
蜙	sung1		0	151
蜚	fei2	fei1 fai6	0	142
蜛	geoi1		0	149
蜜	mat6		0	119
蜝	kei4		0	151
蜞	kei4		0	143
蜟	juk6		0	150
蜠	kwan5		0	150
蜡	caa3	laap6 zaa3 cai3 zaa6	1	140
蜢	maang2	maang5	1	140
蜣	goeng1		0	146
蜤	si1	sik1	1	150
蜥	sik1		0	139
蜦	leon4		0	151
蜧	lai6		0	150
蜨	dip6		0	148
蜩	tiu4		0	143
蜪	tou1		0	149
蜫	gwan1		0	151
蜬	ham4		0	151
蜭	ham5		0	153
蜮	wik6	waak6	0	144
蜯	pong5		0	145
蜰	fai6	fei4 fei2	1	147
蜱	pei4		0	142
蜲	wai1	wai2	1	150
蜳	deon1	tan1	1	150
蜴	jik6		0	151
蜵	jyun1		0	152
蜶	seot1		0	150
蜷	kyun4		0	151
蜸	hin2		0	151
蜹	jeoi6		0	149
蜺	ngai4		0	159
蜻	cing1		0	141
蜼	leoi5	wai2 wai6	1	148
蜽	loeng5		0	150
蜾	gwo2		0	145
蜿	jyun1	jyun2	0	142
蝀	dung1	dung3 dung2	1	146
蝁	ok3		0	151
蝂	baan2		0	143
蝃	dai3	zyut3	1	147
蝄	mong5		0	205
蝅	caam4		0	150
蝆	joeng4	me1 mai5	1	153
蝇	jing4	jing1	1	205
蝈	gwok3	gok3	1	205
蝉	sim4	sim2 sin4	1	205
蝊	ding6		0	205
蝋	laap6		0	147
蝌	fo1		0	156
蝍	zik1		0	149
蝎	kit3	hot3 hit3 hot6	0	159
蝏	ting4		0	147
蝐	mou6	mui6	1	150
蝑	seoi1		0	151
蝒	min4		0	148
蝓	jyu4		0	146
蝔	gaai1		0	153
蝕	sit6	sik6	0	113
蝖	hyun1		0	152
蝗	wong4		0	136
蝘	jin2		0	147
蝙	pin1	bin1 bin2	0	140
蝚	jau4	nou4	1	149
蝛	wai1		0	151
蝜	fu6		0	146
蝝	jyun4		0	149
蝞	mei6		0	152
蝟	wai6		0	142
蝠	fuk1		0	136
蝡	jyu4	jyun5	1	150
蝢	kit3		0	153
蝣	jau4	jau6	0	145
蝤	cau4	jau4 zau1	1	146
蝥	maau4	mau4	0	145
蝦	haa1	haa4	0	100
蝧	jing1		0	153
蝨	sat1		0	148
蝩	cung4	zung1	1	149
蝪	tong1		0	147
蝫	zyu1		0	152
蝬	zung1		0	151
蝭	tai4		0	152
蝮	fuk1		0	143
蝯	jyun4		0	148
蝰	fui1		0	143
蝱	mong4		0	149
蝲	laat6		0	143
蝳	doi6		0	145
蝴	wu4		0	141
蝵	cau1		0	147
蝶	dip6	dip2	0	127
蝷	lik6	sik1	1	149
蝸	wo1	gwaa1 waa1	0	138
蝹	ou2	wan1	1	151
蝺	geoi2	jyu5	1	149
蝻	naam4	naam5	1	146
蝼	lau4		0	205
蝽	ceon1		0	142
蝾	wing4		0	205
蝿	jing4		0	149
螀	zoeng1		0	205
螁	teoi3		0	149
螂	long4		0	142
螃	pong4	bong2	0	143
螄	si1		0	134
螅	sik1		0	141
螆	zi1		0	149
螇	hai4		0	150
螈	jyun4		0	144
螉	jung1		0	150
螊	ham1	lim4	1	154
螋	sau2		0	147
螌	baan1	pun4	1	148
融	jung4		0	111
螎	jung4		0	149
螏	zat6		0	150
螐	wu1		0	150
螑	cau3	jau3	1	149
螒	hon6		0	148
螓	ceon4		0	143
螔	ji4		0	151
螕	bai1		0	150
螖	waat6		0	148
螗	tong4		0	146
螘	ngai5		0	146
螙	dou3		0	152
螚	noi6		0	141
螛	hat6	hot6	1	150
螜	huk6		0	149
螝	kui2		0	146
螞	maa5	maa6 maa1	0	140
螟	ming4		0	141
螠	jik1		0	147
螡	man4		0	146
螢	jing4		0	137
螣	dak6	tang4	0	143
螤	zung1		0	149
螥	cong1		0	150
螦	sou3		0	205
螧	kei4		0	205
螨	mun5		0	205
螩	tiu4		0	205
螪	zek3		0	150
螫	sik1	cik1	0	143
螬	cou4		0	147
螭	ci1		0	141
螮	dai3		0	198
螯	ngou4	gong6	0	124
螰	luk6		0	149
螱	wai3		0	149
螲	dit3	dit6 zat6 zat1	1	150
螳	tong4		0	140
螴	can4		0	150
螵	piu1	piu4	1	146
螶	geoi2	keoi4	1	151
螷	pei4		0	151
螸	jyu4		0	152
螹	zim6		0	151
螺	lo4		0	124
螻	lau4		0	142
螼	gan3		0	152
螽	zung1		0	144
螾	jan5		0	148
螿	zoeng1		0	149
蟀	seot1		0	138
蟁	man1	man4	1	150
蟂	giu1		0	150
蟃	maan6		0	149
蟄	zaap6	zat6 zik6 zit3	1	139
蟅	ze3		0	147
蟆	maa4		0	141
蟇	maa4	mou1	1	148
蟈	gwok3		0	142
蟉	lau4		0	149
蟊	maau4	mau4	1	142
蟋	sik1		0	144
蟌	cung1		0	146
蟍	lei4		0	149
蟎	mun5		0	136
蟏	siu1		0	205
蟐	kei4		0	147
蟑	zoeng1		0	141
蟒	mong5		0	132
蟓	zoeng6		0	146
蟔	mat6		0	151
蟕	zai1		0	145
蟖	si1		0	149
蟗	cau1		0	150
蟘	dak6	dat6	1	151
蟙	zik1		0	152
蟚	paang4		0	152
蟛	paang4		0	142
蟜	giu2		0	146
蟝	keoi2	keoi4	1	149
蟞	bit3	bit6	1	148
蟟	liu4		0	149
蟠	pun4	faan4	0	130
蟡	wai1		0	153
蟢	hei2		0	149
蟣	gei1	gei2 kei4	1	142
蟤	cyun4	zyun1	1	150
蟥	wong4		0	146
蟦	ban1	fei4	1	149
蟧	lou4	lou2	0	148
蟨	kyut3		0	149
蟩	kyut3		0	149
蟪	wai6		0	142
蟫	jam4	taam4	1	147
蟬	sim4	sin4	0	124
蟭	ziu1		0	148
蟮	sin6		0	140
蟯	jiu4	naau4	1	142
蟰	siu1		0	147
蟱	mou4		0	145
蟲	cung4		0	103
蟳	cing4		0	145
蟴	si1		0	150
蟵	cyu4		0	205
蟶	cing1		0	142
蟷	dong1		0	148
蟸	lai5		0	148
蟹	haai5		0	109
蟺	sin6		0	183
蟻	ngai5		0	117
蟼	ging2		0	147
蟽	daat6		0	146
蟾	sim4		0	148
蟿	kai3		0	145
蠀	ci1	zik1	1	146
蠁	hoeng2	hoeng3	1	148
蠂	sip3		0	147
蠃	lo2	lo4 lo5	1	143
蠄	kam4		0	146
蠅	jing4		0	142
蠆	caai3		0	142
蠇	lai6		0	152
蠈	caak3	caak6	1	147
蠉	hyun1		0	149
蠊	lim4		0	142
蠋	suk6	zuk1	1	146
蠌	zaak6		0	152
蠍	kit3		0	131
蠎	mong5		0	148
蠏	haai5		0	148
蠐	cai4		0	142
蠑	wing4		0	145
蠒	gaan2		0	151
蠓	mung2	mung5	1	142
蠔	hou4		0	126
蠕	jyu4	jyun5	0	142
蠖	wok6	wok3	0	142
蠗	zok6		0	153
蠘	zit6		0	151
蠙	ban1	pan4	1	147
蠚	hok3		0	150
蠛	mit6		0	142
蠜	faan4	faan6	1	151
蠝	leoi5		0	150
蠞	zit6		0	151
蠟	laap6		0	126
蠠	man5		0	149
蠡	lai5	lai4 lo4	0	140
蠢	ceon2		0	106
蠣	lai6		0	142
蠤	cau1		0	153
蠥	jip6	jit6	1	148
蠦	lou4		0	149
蠧	dou3		0	146
蠨	siu1		0	148
蠩	syu4	zyu1	1	150
蠪	lung4		0	147
蠫	lai6	lei4	1	149
蠬	lung4		0	148
蠭	fung1		0	149
蠮	jit6		0	149
蠯	pei4		0	149
蠰	joeng6		0	148
蠱	gu2		0	125
蠲	gyun1		0	142
蠳	jing1		0	149
蠴	syu4		0	205
蠵	kwai4		0	146
蠶	caam4		0	130
蠷	keoi4		0	151
蠸	kyun4		0	148
蠹	dou3		0	140
蠺	caam4		0	148
蠻	maan4		0	110
蠼	keoi4	fok3	0	142
蠽	zit6		0	149
蠾	suk6	zuk1	1	149
蠿	zyut3		0	151
血	hyut3		0	90
衁	fong1		0	150
衂	nuk6		0	149
衃	fau4	pui1	1	147
衄	nuk6		0	142
衅	jan3	jan6	1	205
衆	zung3		0	100
衇	mak6		0	151
衈	ji6	nei6	1	151
衉	haak3		0	150
衊	mit6		0	153
衋	hik1	sik1	1	147
行	haang4	hang4 hong4 hong2 hang6	1	70
衍	hin2	jin2 jin5	0	129
衎	hon3		0	144
衏	jyun2		0	149
衐	geoi6		0	205
衑	ling4		0	150
衒	jyun4	jyun6	1	152
術	seot6		0	103
衔	haam4	ham4	1	205
衕	dung6	tung4	1	140
衖	hong6	lung6	1	147
街	gaai1		0	86
衘	haam4	ham4	1	148
衙	ngaa4		0	127
衚	wu4		0	205
衛	wai6		0	103
衜	dou3	dou6	1	146
衝	cung1		0	88
衞	wai6		0	103
衟	dou6		0	148
衠	zeon1		0	149
衡	hang4		0	124
衢	keoi4		0	139
衣	ji1	ji3	0	94
补	bou2		0	205
衦	gon2		0	150
衧	jyu1		0	144
表	biu2		0	101
衩	caa3		0	160
衪	ji4		0	144
衫	saam1		0	77
衬	can3		0	205
衭	fu1	fu3	1	160
衮	gwan2		0	205
衯	fan1	pun4	1	143
衰	seoi1	ceoi1	0	96
衱	gip3	git3	1	148
衲	naap6		0	121
衳	zung1		0	152
衴	dam2		0	153
衵	jat6	nik1 nik6	1	149
衶	zung6		0	145
衷	cung1	zung1	0	131
衸	gaai3		0	146
衹	kei4	zi2	1	69
衺	ce4		0	147
衻	jim4		0	149
衼	zi1		0	148
衽	jam5	jam6	1	143
衾	kam1		0	153
衿	kam1	gam1	0	141
袀	gwan1		0	149
袁	jyun4		0	98
袂	mai6		0	140
袃	caai3		0	151
袄	ou2	ou3	1	205
袅	niu5	liu5	1	205
袆	fai1		0	205
袇	jim4		0	205
袈	gaa1		0	143
袉	to4		0	149
袊	ling5		0	148
袋	doi6		0	91
袌	paau3	pou5	1	149
袍	pou4		0	111
袎	aau3	jau3	1	152
袏	zo3		0	142
袐	bat1		0	147
袑	siu6		0	148
袒	taan2		0	139
袓	ze1	zeoi6	1	145
袔	ho6		0	145
袕	jyut6	seot6	1	150
袖	zau6		0	112
袗	can2	zan2	1	145
袘	ji4		0	145
袙	paa3	paak3	1	143
袚	fat1		0	146
袛	dai1	zi1	1	144
袜	maat6	mat6 mut6	1	159
袝	fu6		0	147
袞	gwan2	kwan2	1	127
袟	dit6		0	147
袠	dit6		0	146
袡	jim4		0	149
袢	faan4	paan3	1	141
袣	ji3		0	146
袤	mau6		0	141
袥	tok3		0	148
袦	neot6		0	145
袧	gau1		0	146
袨	jyun6		0	146
袩	dim1		0	145
袪	keoi1		0	163
被	bei6	pei5	1	75
袬	juk6		0	152
袭	zaap6		0	205
袮	ji5		0	139
袯	but6	but3	1	205
袰	mou5		0	205
袱	fuk6		0	142
袲	ji4	no5	1	149
袳	ci2		0	147
袴	fu3		0	144
袵	jam5	jam6	1	147
袶	gong3		0	148
袷	gaap3	gip3 hap1	1	142
袸	cyun4	zin6 zyun6	1	148
袹	baak3	mat6	1	147
袺	git3		0	147
袻	ji4		0	147
袼	gaak3	gok3	1	143
袽	jyu4		0	145
袾	zyu1		0	147
袿	gwai1		0	148
裀	jan1		0	145
裁	coi4		0	132
裂	lit6	lit3	0	112
裃	lung6		0	145
裄	hang4		0	147
装	zong1		0	205
裆	dong1		0	205
裇	seot1		0	205
裈	gwan1		0	205
裉	kang3		0	142
裊	niu5	niu1	0	139
裋	syu6		0	149
裌	gaap3		0	149
裍	kwan2		0	152
裎	cing2	cing4	1	142
裏	leoi5	lei5	0	86
裐	gyun1		0	150
裑	san1		0	141
裒	fau4	pau4	1	144
裓	gaai1	gat1	1	146
裔	jeoi6		0	131
裕	jyu6		0	117
裖	zan3		0	149
裗	lau4		0	147
裘	kau4		0	122
裙	kwan4		0	99
裚	zai3		0	151
裛	jap1		0	147
補	bou2		0	103
裝	zong1		0	92
裞	seoi3		0	146
裟	saa1		0	141
裠	kwan4		0	152
裡	leoi5	lei5	0	86
裢	lin4		0	205
裣	lim5	lim6	1	205
裤	fu3		0	205
裥	gaan2	gaan3	1	205
裦	bou1		0	148
裧	sim4		0	150
裨	pei4	bei1	0	141
裩	gwan1		0	149
裪	tou4		0	148
裫	jyun1		0	153
裬	ling4		0	148
裭	ci2		0	151
裮	coeng1		0	149
裯	cau4	dou1	1	147
裰	zyut3		0	142
裱	biu2		0	137
裲	loeng5		0	146
裳	soeng4		0	136
裴	pui4		0	121
裵	pui4		0	147
裶	fei1		0	149
裷	gwan2		0	151
裸	lo2	lo5	0	121
裹	gwo2		0	130
裺	jim2		0	148
裻	duk1		0	151
裼	sik3	tik1 tai3	1	141
製	zai3		0	111
裾	geoi1		0	141
裿	ji2		0	149
褀	gei6		0	145
褁	gwo2		0	145
褂	gwaa3	kwaa2	0	138
褃	kang3		0	145
褄	cai1		0	149
褅	tai3		0	150
褆	si6	tai4	1	142
複	fuk1		0	129
褈	cung4		0	145
褉	kit3		0	141
褊	bin2	pin5	1	144
褋	dip6		0	141
褌	gwan1		0	145
褍	dyun1		0	143
褎	jau6	zau6	1	184
褏	jau6	zau6	1	144
褐	hot3		0	134
褑	jyun4	jyun6	1	144
褒	bou1		0	135
褓	bou2		0	144
褔	fu3		0	147
褕	jyu4		0	144
褖	teon3		0	145
褗	jin2		0	144
褘	fai1	wai4	1	144
褙	bui3		0	144
褚	cyu5	cyu2 ze2 zyu2	0	137
褛	leoi5	lau5 lau1	1	205
褜	baau1		0	144
褝	daan1		0	146
褞	wan1	wan2	1	146
褟	daap3	taap3	1	143
褠	kau1		0	149
褡	daap3		0	142
褢	waai4		0	147
褣	jung4		0	147
褤	jyun6		0	148
褥	juk6	juk2	0	139
褦	le5	naai6 nang3 noi6	1	160
褧	gwing2		0	147
褨	so2		0	146
褩	bun1		0	145
褪	tan3	teoi3	1	120
褫	ci2		0	144
褬	song2		0	144
褭	niu5		0	147
褮	ang1	jing3	1	147
褯	zik6		0	148
褰	hin1		0	141
褱	waai4		0	147
褲	fu3		0	95
褳	lin4		0	142
褴	laam4		0	205
褵	lei4		0	146
褶	zaap3	zip3 dip6 zaap6	0	145
褷	si1		0	148
褸	lau1	leoi5 lau5	0	122
褹	ngai6		0	149
褺	dip6		0	150
褻	sit3		0	144
褼	sin1		0	149
褽	wai3		0	150
褾	biu2		0	148
褿	cou4		0	150
襀	zik1		0	205
襁	koeng5		0	144
襂	sam1		0	148
襃	bou1		0	147
襄	soeng1		0	109
襅	bat1		0	205
襆	buk6	fuk6	1	144
襇	gaan2	gaan3	1	155
襈	zyun6		0	148
襉	gaan2	gaan3	1	142
襊	ceoi3		0	149
襋	gik1		0	147
襌	daan1		0	145
襍	zaap6		0	143
襎	faan4		0	148
襏	but3	but6	1	148
襐	zoeng6		0	146
襑	cam4	taam4	1	149
襒	bit6		0	149
襓	jiu4		0	151
襔	loeng5		0	205
襕	laan4		0	205
襖	ou2	ou3	0	134
襗	dok6	zaak6	1	147
襘	kui2	kui3	1	143
襙	cou4		0	148
襚	seoi6		0	148
襛	nung4		0	148
襜	cim1	sim4 zim1	1	145
襝	lim5	lim6	1	143
襞	bik1		0	143
襟	kam1	gam1	0	121
襠	dong1	long6	0	160
襡	suk6		0	146
襢	daan6	taan2	1	149
襣	bei6		0	148
襤	laam4		0	144
襥	buk6		0	150
襦	jyu4		0	143
襧	zi2		0	153
襨	deoi3		0	205
襩	suk1		0	149
襪	mat6		0	101
襫	sik1		0	150
襬	baai2		0	133
襭	kit3		0	149
襮	bok3	buk6 buk1	1	148
襯	can3		0	110
襰	laai6		0	148
襱	lung4		0	149
襲	zaap6	zap6	0	116
襳	sam1	sim1	1	151
襴	laan4		0	145
襵	zaap3	zip3	1	151
襶	daai3	de2	1	146
襷	geoi2		0	151
襸	zaan3		0	153
襹	si1		0	150
襺	gaan2		0	153
襻	paan3		0	144
襼	mai3	ngai6	1	147
襽	laan4		0	153
襾	aa3	haa2	1	146
西	sai1		0	85
要	jiu3	jiu1 jiu2	0	56
覂	fung2	fung3	1	148
覃	taam4	cam4	0	136
覄	fuk1		0	205
覅	fiu3		0	145
覆	fuk1	fau6	0	106
覇	baa3		0	144
覈	hat6		0	139
覉	gei1		0	151
覊	gei1		0	147
見	gin3	jin6	0	66
覌	gun1		0	145
覍	bin6		0	146
覎	jin6		0	149
規	kwai1		0	116
覐	gok3		0	151
覑	pin2		0	144
覒	mou6		0	151
覓	mik6		0	128
覔	mik6		0	149
覕	pit3		0	151
視	si6		0	105
覗	zi6		0	146
覘	cim1	zim1	1	143
覙	can2		0	150
覚	gok3		0	141
覛	mak6	mik6	1	149
覜	tiu3		0	146
覝	lim4		0	150
覞	jiu6		0	147
覟	zi3		0	151
覠	gwan1		0	147
覡	hat6		0	143
覢	sim2		0	153
覣	wai1		0	148
覤	gwik1		0	148
覥	tin2		0	147
覦	jyu4	jyu6	1	143
覧	laam5		0	144
覨	ngok6		0	150
覩	dou2		0	146
親	can1	can3	0	88
覫	pong2		0	149
覬	gei3	kei3	1	143
覭	mik6	ming4	1	149
覮	jing4	ping1	1	150
覯	gau3	kau3	1	144
覰	ceoi3		0	150
覱	zaam3		0	150
覲	gan3	gan2 gan6	0	142
観	gun1		0	143
覴	dang1		0	148
覵	gaan3	haan2	1	149
覶	lo4		0	148
覷	ceoi3		0	140
覸	gaan3		0	205
覹	mei4		0	148
覺	gok3	gaau3	1	85
覻	ceoi3		0	150
覼	lo4		0	205
覽	laam5		0	127
覾	sam2		0	150
覿	dik6		0	144
觀	gun1	gun3	0	105
见	gin3	jin6	1	205
观	gun1	gwun1 gun3 gwun3	1	205
觃	jim3	jin6	1	205
规	kwai1		0	205
觅	mik6		0	205
视	si6	si2	1	205
觇	zim1		0	205
览	laam5		0	205
觉	gok3	gaau3 gaau1 gaau4	1	205
觊	gei3		0	205
觋	hat6		0	205
觌	dik6		0	205
觍	tin2		0	205
觎	jyu4		0	205
觏	gau3		0	205
觐	gan3	gan2 gan6	1	205
觑	ceoi3		0	205
角	gok3	gok2 luk6	0	94
觓	kau4		0	151
觔	gan1		0	145
觕	cou1		0	149
觖	kwai3	kyut3	1	145
觗	zi3		0	152
觘	caau3		0	150
觙	gap1		0	151
觚	gu1		0	143
觛	daan3	daan6	1	146
觜	zeoi2	zi1	1	142
觝	dai2		0	159
觞	soeng1		0	205
觟	haai5	waa6 haai6	1	149
觠	gyun3	kyun4	1	151
觡	gaak3		0	150
觢	sai6		0	150
解	gaai2	gaai3 haai6	0	92
觤	gwai2		0	151
觥	gwang1		0	141
触	zuk1		0	175
觧	gaai2	gaai3	1	145
觨	wan6		0	150
觩	kau4		0	150
觪	sing1		0	151
觫	cuk1	suk1	1	146
觬	ngai4		0	149
觭	gei1	kei1	1	147
觮	luk6		0	150
觯	zi3		0	205
觰	zaa1		0	150
觱	bat1	bit1	1	146
觲	sing1		0	152
觳	huk6	kok3	1	141
觴	soeng1		0	139
觵	gwang1		0	153
觶	zi1	zi3	1	142
觷	hok6		0	150
觸	zuk1	cuk1	0	116
觹	kwai4		0	149
觺	ji4		0	148
觻	luk6		0	150
觼	kyut3		0	148
觽	kwai4		0	145
觾	jin3		0	152
觿	fai1	kwai4	1	146
言	jin4		0	95
訂	deng6	ding3 ding6	1	110
訃	fu6		0	142
訄	kau4		0	147
訅	kau4		0	154
訆	giu3		0	143
訇	gwang1		0	144
計	gai3	gai2 gei3	0	90
訉	faan6		0	145
訊	seon3		0	117
訋	diu3		0	148
訌	hung3	hung6 hung4	1	145
訍	caai3		0	149
討	tou2		0	120
訏	heoi1		0	145
訐	kit3	git3	0	143
訑	daan3	ji4	1	194
訒	jan6		0	147
訓	fan3		0	96
訔	ngan4		0	150
訕	saan3		0	153
訖	ngat6	gat1	0	140
託	tok3		0	106
記	gei3		0	89
訙	seon3		0	150
訚	ngan4	an4	1	205
訛	ngo4		0	135
訜	fan1		0	145
訝	ngaa6		0	149
訞	jiu1		0	145
訟	zung6		0	138
訠	can2		0	150
訡	jam4		0	143
訢	hei1	jan1 ngan4	1	176
訣	kyut3		0	133
訤	haau4		0	147
訥	naap6	neot6 nat6	0	139
訦	sam4		0	146
訧	jau4		0	146
訨	zi2		0	145
訩	hung1		0	148
訪	fong2		0	119
訫	seon3		0	140
訬	caau1	caau2 miu5	1	145
設	cit3		0	110
訮	ngaan4		0	148
訯	saa2		0	150
訰	zeon1	zeon3	1	150
許	heoi2		0	99
訲	jik1		0	149
訳	jik6		0	143
訴	sou3		0	124
訵	ci1		0	151
訶	ho1		0	146
訷	san1		0	145
訸	wo4		0	145
訹	seot1	zeot1	1	148
診	can2	zan2	0	123
註	zyu3		0	122
証	zing3		0	114
訽	gau3		0	148
訾	ci1	zi2 zi1 ci4	1	141
訿	zi2		0	149
詀	cip3	zaam1 zim1	1	145
詁	gu2	gu3	0	142
詂	fu6		0	148
詃	gyun2		0	150
詄	dit6		0	149
詅	ling4		0	148
詆	dai2		0	141
詇	joeng3		0	150
詈	lei6		0	141
詉	naau4		0	148
詊	pun3		0	151
詋	zau3		0	150
詌	gam3		0	143
詍	jai6		0	148
詎	geoi6		0	141
詏	aau2	aau3	1	148
詐	zaa3		0	118
詑	ji4	to4 to5	1	148
詒	ji4	doi6 toi5	0	141
詓	heoi2		0	143
詔	ziu3	ziu6	0	119
評	ping4		0	113
詖	bei1	bei3 pei4	1	147
詗	gwing2	hing3	1	147
詘	wat1	zeot1	1	141
詙	bat6		0	149
詚	daat3		0	152
詛	zo3	zo2	0	142
詜	tou1		0	152
詝	cyu5		0	145
詞	ci4		0	101
詟	sip3	zip3	1	205
詠	wing6		0	114
詡	heoi2		0	133
詢	seon1		0	143
詣	ngai6		0	139
詤	fong2		0	143
詥	hap6		0	146
試	si3	si5	1	88
詧	caat3		0	147
詨	gaau1	haau6 haau3	1	148
詩	si1		0	93
詪	han2		0	142
詫	caa3		0	144
詬	gau3	kau3	1	141
詭	gwai2		0	128
詮	cyun4		0	155
詯	fui3		0	144
詰	kit3	gat1	0	140
話	waa6	waa2	0	57
該	goi1		0	100
詳	coeng4	joeng4	0	123
詴	wui4		0	148
詵	saang2	san1	1	141
詶	cau4	zau3	1	191
詷	dung6	tung4	1	145
詸	mai4		0	145
詹	zim1		0	123
詺	ming6		0	144
詻	ngaak6		0	167
詼	fui1		0	141
詽	ngaan4		0	149
詾	hung1		0	150
詿	gwaa3	waa6	1	141
誀	nei6		0	146
誁	pin5		0	148
誂	diu3	tiu5 tiu1	1	148
誃	ci2		0	143
誄	leoi5	loi6 leoi6	1	141
誅	zyu1		0	132
誆	gwaang6	hong1 gwong6	1	141
誇	kwaa1		0	120
誈	mou4		0	152
誉	jyu6		0	205
誊	tang4		0	198
誋	gei6		0	144
誌	zi3		0	128
認	jing6		0	97
誎	cuk1		0	147
誏	long5	long6	1	145
誐	ngo4		0	142
誑	gwong2	kong4 kwong4 gwong3 wong2	0	140
誒	e6	ei6	1	67
誓	sai6		0	117
誔	ting5		0	146
誕	daan3	daan6	0	126
誖	bui3	bui6	1	148
誗	cim4		0	148
誘	jau5		0	128
誙	hang1		0	151
誚	ciu3	ziu6	0	141
誛	cam1		0	150
誜	saa3		0	147
誝	am1		0	150
語	jyu5	jyu6	0	100
誟	haau6		0	148
誠	sing4		0	113
誡	gaai3		0	150
誢	jin6		0	148
誣	mou4		0	148
誤	ng6		0	113
誥	gou3		0	156
誦	zung6		0	131
誧	bou1	bou3 pou1 pou2	1	148
誨	fui3		0	140
誩	ging6		0	143
說	syut3	seoi3 jyut6	1	75
誫	zan3		0	150
説	syut3	seoi3 jyut6	1	81
読	duk6		0	142
誮	waa1		0	205
誯	coeng3		0	147
誰	seoi4	seoi2	0	93
誱	zit6		0	149
課	fo3		0	102
誳	wat1		0	147
誴	cung4		0	149
誵	haau4		0	150
誶	seoi3	seoi6	1	142
誷	mong5		0	146
誸	jin4		0	144
誹	fei2		0	140
誺	ci1	loi6	1	145
誻	daap6	taap3	1	149
誼	ji4	ji6	0	136
誽	ngai6		0	146
誾	ngan4		0	145
調	diu6	deu6 tiu4	1	99
諀	pei2		0	146
諁	zyut3		0	153
諂	cim2		0	140
諃	cam1		0	147
諄	deon1	zeon1	0	142
諅	gei1	gei6	1	149
諆	hei1		0	146
談	taam4		0	105
諈	zeoi3	zeoi6	1	150
諉	wai2		0	141
諊	guk1		0	152
請	cing2	ceng2	1	78
諌	dung2		0	146
諍	zaang3	zang3 zaang1 zang1	0	140
諎	zaak3		0	143
諏	zau1		0	141
諐	hin1		0	150
諑	doek3		0	142
諒	loeng6	loeng4	0	130
諓	zin2	zin3 zin6	1	149
諔	cuk1		0	149
諕	haak3		0	147
論	leon6	leon4	0	103
諗	nam2	sam2	0	68
諘	biu2		0	145
諙	waa6		0	152
諚	pin4		0	152
諛	jyu4		0	136
諜	dip6		0	137
諝	seoi1	seoi2	1	146
諞	pin4	pin5	1	140
諟	si6		0	141
諠	hyun1		0	198
諡	si3	si6	0	139
諢	wan6		0	141
諣	faa3		0	149
諤	ngok6		0	137
諥	zung3		0	146
諦	dai3		0	136
諧	haai4		0	140
諨	fuk1		0	141
諩	pou2		0	151
諪	ting4		0	143
諫	gaan3		0	125
諬	kai2		0	151
諭	jyu6		0	143
諮	zi1		0	152
諯	cyun3	zyun1 syun4	1	149
諰	saai2	si2	1	194
諱	wai5	wai3	0	147
諲	jan1		0	146
諳	am1	am2	0	139
諴	haam4		0	145
諵	naam4		0	144
諶	sam4		0	139
諷	fung3		0	134
諸	zyu1		0	113
諹	joeng4		0	149
諺	jin6		0	140
諻	waang4		0	146
諼	hyun1	hyun2	1	141
諽	gaak3		0	150
諾	nok6		0	114
諿	cap1	seoi2	1	147
謀	mau4		0	105
謁	jit3	kit3	0	160
謂	wai6		0	128
謃	sing1		0	205
謄	tang4		0	142
謅	zau3	zau1	0	160
謆	sin3		0	150
謇	gin2	hin1	1	142
謈	bok6		0	151
謉	kwai5		0	145
謊	fong1	fong2	0	139
謋	faak3	waak6	1	148
謌	go1		0	143
謍	jing4		0	149
謎	mai4	mai2 mai6	0	120
謏	sau2	siu2	1	198
謐	mat6		0	139
謑	hai5		0	148
謒	coeng1		0	152
謓	can1	zan3	1	144
謔	joek6		0	156
謕	tai4		0	151
謖	suk1		0	141
謗	pong3	bong3	0	139
謘	ci4	zi6	1	152
謙	him1		0	110
謚	si3	si6	1	145
講	gong2		0	57
謜	cyun4	jyun4	1	144
謝	ze6		0	99
謞	hok6		0	151
謟	tou1		0	148
謠	jiu4		0	133
謡	jiu4		0	194
謢	lou1		0	146
謣	jyu4		0	146
謤	biu1	piu1	1	147
謥	cung3		0	150
謦	hing3	king2	1	143
謧	lai4	lei4	1	145
謨	mou4		0	139
謩	mou4		0	148
謪	soeng1		0	149
謫	zaak6		0	141
謬	mau6		0	143
謭	zin2		0	205
謮	zaak3		0	150
謯	zaa2	ze1 zo3	1	150
謰	lin4		0	149
謱	leoi5	lou4	1	149
謲	cam3		0	149
謳	au1		0	142
謴	gwan3		0	151
謵	cip3	zaap6	1	146
謶	syu3	zoek3 ze1	1	148
謷	ngou4	ngou6	1	148
謸	ngou6		0	144
謹	gan2		0	129
謺	zip3		0	149
謻	ci2		0	150
謼	fu1		0	198
謽	koeng5		0	151
謾	maan4	maan6	1	158
謿	zaau1		0	143
譀	ham3		0	149
譁	waa1	waa4	0	111
譂	cin2		0	146
譃	jyu4		0	144
譄	zang1		0	148
譅	sap1		0	194
譆	hei1		0	160
譇	ce1	zaa1	1	151
譈	deoi6		0	149
證	zing3		0	105
譊	naau4		0	194
譋	laan4	laan5	1	152
譌	ngo4		0	148
譍	jing1	jing3	1	149
譎	kyut3	gwat1	0	142
譏	gei1		0	138
譐	zyun2		0	148
譑	giu2		0	150
譒	bo3		0	148
譓	wai6		0	147
譔	zaan6		0	172
譕	mou4		0	142
譖	zam3	cam3 cam6	0	142
譗	zaap3		0	149
識	sik1	zi3	0	74
譙	ciu3	ciu4 ziu6	1	141
譚	taam4		0	110
譛	zam3		0	149
譜	pou2		0	116
譝	sing4		0	149
譞	hyun1		0	144
譟	cou3		0	144
譠	taan1		0	149
譡	dong2		0	145
譢	seoi6		0	147
譣	cim1	him2	1	152
譤	gik1		0	150
譥	giu3		0	150
警	ging2		0	110
譧	lim4		0	151
譨	nung4		0	152
譩	ji1		0	144
譪	oi2		0	148
譫	zim1		0	145
譬	pei3		0	124
譭	wai2		0	140
譮	waa6		0	142
譯	jik6		0	120
議	ji5	ji3	0	118
譱	sin6		0	149
譲	joeng6		0	141
譳	nau6		0	148
譴	hin2		0	143
譵	deoi6		0	143
譶	daap6		0	148
護	wu6		0	107
譸	zau1		0	148
譹	hou4		0	146
譺	jik6	ngaai6	1	149
譻	jing1		0	150
譼	gaam1		0	150
譽	jyu6	jyu4	0	121
譾	zin2		0	145
譿	wai6		0	147
讀	duk6	dau6	0	85
讁	zaak6		0	147
讂	gyun3	hyun3	1	153
讃	zaan3		0	145
讄	leoi5		0	152
讅	sam2		0	150
讆	ngai6	wai6	1	148
讇	cim2		0	151
讈	lik6		0	151
讉	wai4		0	144
變	bin3		0	82
讋	zip3		0	147
讌	jin3		0	146
讍	ngok6		0	149
讎	cau4	sau4	1	141
讏	wai6		0	205
讐	cau4		0	146
讑	jiu6		0	152
讒	caam4		0	139
讓	joeng6		0	87
讔	jan2		0	148
讕	laan4	laan5	0	144
讖	caam3	cam3	0	141
讗	kwai4		0	150
讘	jip6	zip3	1	146
讙	fun1	hyun1	1	146
讚	zaan3		0	104
讛	ngai6		0	149
讜	dong2		0	141
讝	zim1		0	151
讞	jin6	jin5 jit6	0	143
讟	duk6		0	147
计	gai3	gai2 gei3	1	205
订	ding3	ding6 deng6	1	205
讣	fu6		0	205
认	jing6	jing2	1	205
讥	gei1		0	205
讦	kit3	gai3	1	205
讧	hung6	hung3	1	205
讨	tou2		0	205
让	joeng6		0	205
讪	saan3		0	205
讫	ngat6	at6 gat1	1	205
讬	tok3		0	205
训	fan3		0	205
议	ji5	ji3	1	205
讯	seon3		0	205
记	gei3		0	205
讱	jan6		0	205
讲	gong2		0	205
讳	wai5		0	205
讴	au1	ngau1	1	205
讵	geoi6		0	205
讶	ngaa6	aa6	1	205
讷	neot6	leot6 naap6 laap6 nat6 lat6	1	205
许	heoi2	fu2	1	205
讹	ngo4	o4	1	205
论	leon6	leon2 leon4	1	205
讻	hung1		0	205
讼	zung6		0	205
讽	fung3		0	205
设	cit3		0	205
访	fong2		0	205
诀	kyut3		0	205
证	zing3		0	205
诂	gu2	gwu2 gu3 gwu3	1	205
诃	ho1		0	205
评	ping4		0	205
诅	zo3	zo2	1	205
识	sik1	zi3 hei1	1	205
诇	hing3	gwing2	1	205
诈	zaa3		0	205
诉	sou3		0	205
诊	can2	zan2	1	205
诋	dai2		0	205
诌	zau1	zau3	1	205
词	ci4		0	205
诎	wat1	zeot1	1	205
诏	ziu3	ziu6	1	205
诐	bei3	bei1	1	205
译	jik6	jik2	1	205
诒	ji4	doi6	1	205
诓	hong1	kwong4 kong4 gwong2 gong2	1	205
诔	loi6	leoi6	1	205
试	si3	si5	1	205
诖	gwaa3		0	205
诗	si1		0	205
诘	kit3	gat1	1	205
诙	fui1		0	205
诚	sing4	sing2	1	205
诛	zyu1		0	205
诜	san1		0	205
话	waa6	waa2	1	205
诞	daan3		0	205
诟	gau3		0	205
诠	cyun4		0	205
诡	gwai2		0	205
询	seon1		0	205
诣	ngai6	ai6	1	205
诤	zaang3	zang3 zaang1 zang1	1	205
该	goi1		0	205
详	coeng4		0	205
诧	caa3		0	205
诨	wan6		0	205
诩	heoi2		0	205
诪	zau1		0	205
诫	gaai3		0	205
诬	mou4		0	205
语	jyu5	jyu6	1	205
诮	ciu3		0	205
误	ng6	m6	1	205
诰	gou3		0	205
诱	jau5		0	205
诲	fui3		0	205
诳	gwong2	gong2 kong4 kwong4	1	205
说	syut3	seoi3 jyut6	1	205
诵	zung6		0	205
诶	ei6	ngei6 ei1 ngei1 ei3 ngei3 oi1 ngoi1 aai2 ngaai2 e6 nge6	1	205
请	cing2	ceng2	1	205
诸	zyu1		0	205
诹	zau1		0	205
诺	nok6	lok6	1	205
读	duk6	dau6	1	205
诼	doek3		0	205
诽	fei2		0	205
课	fo3		0	205
诿	wai2		0	205
谀	jyu4		0	205
谁	seoi4	seoi2	1	205
谂	sam2	nam2 lam2	1	205
调	diu6	diu2 deu6 tiu4	1	205
谄	cim2		0	205
谅	loeng6	loeng4	1	205
谆	zeon1	deon1	1	205
谇	seoi6		0	205
谈	taam4		0	205
谉	sam2		0	205
谊	ji4	ji6	1	205
谋	mau4		0	205
谌	sam4		0	205
谍	dip6		0	205
谎	fong1	fong2	1	205
谏	gaan3		0	205
谐	haai4		0	205
谑	joek6		0	205
谒	jit3	kit3	1	205
谓	wai6		0	205
谔	ngok6	ok6	1	205
谕	jyu6		0	205
谖	hyun1		0	205
谗	caam4		0	205
谘	zi1		0	205
谙	am1	ngam1 am2 ngam2	1	205
谚	jin6		0	205
谛	dai3		0	205
谜	mai4	mai2	1	205
谝	pin4	pin5	1	205
谞	seoi1	seoi2	1	205
谟	mou4		0	205
谠	dong2		0	205
谡	suk1		0	205
谢	ze6		0	205
谣	jiu4		0	205
谤	pong3		0	205
谥	si3		0	205
谦	him1		0	205
谧	mat6		0	205
谨	gan2		0	205
谩	maan4	maan6	1	205
谪	zaak6		0	205
谫	zin2		0	205
谬	mau6		0	205
谭	taam4		0	205
谮	zam3	cam3	1	205
谯	ciu4	ciu3	1	205
谰	laan4		0	205
谱	pou2		0	205
谲	kyut3	gwat1	1	205
谳	jin6		0	205
谴	hin2		0	205
谵	zim1		0	205
谶	cam3	caam3	1	205
谷	guk1	juk6 luk6	0	98
谸	cin1		0	151
谹	wang4		0	148
谺	haa1		0	147
谻	gik1	goek3	1	145
谼	hung4		0	147
谽	ham1	ham4	1	148
谾	hung1	lung4	1	151
谿	hai4	kai1	1	142
豀	hai4		0	148
豁	kut3	waa1 waak6 fok3	0	132
豂	liu4		0	152
豃	haam2	haam3	1	147
豄	duk6		0	151
豅	lung4	lung6	1	151
豆	dau6	dau2	0	100
豇	gong1		0	145
豈	hei2	hoi2	0	113
豉	si6		0	135
豊	lai5		0	142
豋	dang1		0	145
豌	wun1	wun2	0	143
豍	bai1	bin2	1	150
豎	syu6		0	123
豏	haam5	hin3	1	149
豐	fung1		0	113
豑	dit6		0	151
豒	dit6		0	205
豓	jim6		0	151
豔	jim6		0	113
豕	ci2		0	141
豖	cuk1	cuk3	1	148
豗	fui1		0	146
豘	tyun4		0	150
豙	ngai6		0	148
豚	tyun4		0	145
豛	jik6		0	151
豜	gin1		0	149
豝	baa1		0	147
豞	kau3		0	145
豟	ak1		0	151
豠	co4		0	151
象	zoeng6		0	110
豢	waan6		0	140
豣	gin1		0	152
豤	han2		0	150
豥	goi1	haai4	1	149
豦	geoi3	keoi4	1	150
豧	fu1		0	152
豨	hei1	hei2	1	143
豩	ban1		0	147
豪	hou4		0	103
豫	jyu6		0	131
豬	zyu1		0	93
豭	gaa1		0	147
豮	fan4		0	205
豯	hai4		0	153
豰	huk1		0	149
豱	wan1		0	152
豲	jyun4	wun4	1	146
豳	ban1		0	143
豴	dik1		0	151
豵	zung1		0	149
豶	fan4		0	148
豷	ai3	ji3	1	147
豸	zi6	zaai6	0	142
豹	paau3		0	107
豺	caai4		0	145
豻	hon4	ngon6 hon6	1	149
豼	pei4		0	151
豽	neot6		0	150
豾	pei1		0	152
豿	gau2		0	143
貀	neot6	zyut3	1	152
貁	jau6		0	152
貂	diu1		0	130
貃	mak6		0	151
貄	gei6	si3 sei3	1	152
貅	jau1		0	143
貆	fun1	wun4 hyun1	1	149
貇	han2		0	146
貈	hok6		0	149
貉	hok6	mak6 lok3 maak6	1	141
貊	maak6	mak6	1	143
貋	ngon6		0	151
貌	maau6		0	121
貍	lei4		0	194
貎	maau6		0	146
貏	bei2		0	152
貐	jyu5		0	145
貑	gaa1		0	146
貒	teon1	tyun1	1	148
貓	maau1		0	88
貔	pei4		0	144
貕	hai4		0	152
貖	jik1		0	150
貗	geoi6		0	152
貘	mak6	mok6	1	142
貙	ceoi1	keoi1 syu1	1	191
貚	taan4	tin4	1	153
貛	fun1		0	150
貜	fok3	gwok3	1	151
貝	bui3		0	107
貞	zing1		0	110
貟	jyun4	wan6	1	143
負	fu6		0	105
財	coi4		0	105
貢	gung3		0	119
貣	tik1		0	149
貤	ji4	ji6	1	148
貥	hong4		0	151
貦	wun6		0	146
貧	pan4		0	114
貨	fo3		0	103
販	faan5	faan3	1	130
貪	taam1		0	108
貫	gun3	gwaan3	0	123
責	zaak3		0	115
貭	zat1		0	145
貮	ji6		0	145
貯	cyu5	cyu2 zyu2	0	138
貰	sai3		0	144
貱	bei3		0	149
貲	zi1		0	143
貳	ji6		0	135
貴	gwai3		0	92
貵	pin2		0	151
貶	bin2		0	125
買	maai5		0	74
貸	taai3	tik1	0	117
貹	sing3		0	144
貺	fong3		0	144
費	fai3	bei3	0	102
貼	tip3		0	98
貽	ji4		0	138
貾	ci4		0	152
貿	mau6		0	129
賀	ho6	ho3	0	114
賁	bei3	fan4 ban1 fan5 ban3	0	140
賂	lou6		0	141
賃	jam6		0	142
賄	kui2	fui2	0	136
賅	goi1		0	144
賆	pin4		0	154
資	zi1		0	114
賈	gaa2	gaa3 gu2	0	103
賉	seot1		0	149
賊	caak6		0	96
賋	gaau2		0	150
賌	goi1		0	153
賍	zong1		0	145
賎	zin6		0	144
賏	jing1		0	145
賐	seon3		0	151
賑	zan3		0	139
賒	se1		0	147
賓	ban1	ban3	0	115
賔	ban1		0	148
賕	kau4		0	145
賖	se1		0	149
賗	cyun3		0	145
賘	zong1		0	205
賙	zau1		0	137
賚	loi6		0	141
賛	zaan3		0	145
賜	ci3		0	110
賝	cam1	sam1	1	149
賞	soeng2		0	114
賟	tin2		0	152
賠	pui4		0	113
賡	gang1	zuk6	0	141
賢	jin4		0	93
賣	maai6		0	89
賤	zin6		0	111
賥	seoi6		0	145
賦	fu3		0	129
賧	daam6		0	144
賨	cung4		0	146
賩	cung4		0	152
質	zat1	zi3	0	109
賫	zai1		0	153
賬	zoeng3		0	113
賭	dou2		0	105
賮	zeon2	zeon6	1	146
賯	hing1		0	148
賰	ceon2	seon2	1	191
賱	wan2	wan3	1	145
賲	bou2		0	146
賳	zoi1		0	146
賴	laai6		0	104
賵	fung3	fung6	1	147
賶	cong3		0	149
賷	zai1		0	145
賸	sing6	zing6	1	144
賹	aai3	jat6	1	149
賺	zaan6		0	100
賻	fu6		0	144
購	kau3	gau3	1	114
賽	coi3		0	105
賾	zaak3	zaak6	1	141
賿	laau4		0	150
贀	ai3		0	148
贁	baai6		0	144
贂	cam2		0	146
贃	taan3		0	154
贄	zi3		0	143
贅	zeoi6	zeoi3	0	147
贆	biu1		0	151
贇	wan1		0	141
贈	zang6		0	123
贉	daam6	taam5	1	150
贊	zaan3		0	99
贋	ngaan6		0	159
贌	duk6		0	205
贍	sin6	sim6	0	140
贎	maan6		0	149
贏	jeng4	jing4	0	93
贐	zeon2	zeon6	1	146
贑	gam3		0	147
贒	jin4		0	148
贓	zong1		0	132
贔	bei6		0	143
贕	duk6		0	148
贖	suk6	zuk6	0	121
贗	ngaan6		0	141
贘	soeng2		0	205
贙	jyun5	jyun6	1	149
贚	lung6		0	148
贛	gam3	gung3	0	135
贜	zong1		0	205
贝	bui3		0	205
贞	zing1		0	205
负	fu6		0	205
贠	jyun4	wan6	1	205
贡	gung3		0	205
财	coi4	coi2	1	205
责	zaak3	zaai3	1	205
贤	jin4		0	205
败	baai6		0	205
账	zoeng3		0	205
货	fo3		0	205
质	zat1	zi3	1	205
贩	faan3	faan2 faan5	1	205
贪	taam1		0	205
贫	pan4		0	205
贬	bin2		0	205
购	gau3	kau3	1	205
贮	cyu5		0	205
贯	gun3	gwun3 gwaan3	1	205
贰	ji6		0	205
贱	zin6		0	205
贲	bei3	fan4 ban1 fan5	1	205
贳	sai3		0	205
贴	tip3	tip1	1	205
贵	gwai3		0	205
贶	fong3		0	205
贷	taai3	tik1	1	205
贸	mau6		0	205
费	fai3	bei3	1	205
贺	ho6		0	205
贻	ji4		0	205
贼	caak3	caak6 caak2	1	205
贽	zi3		0	205
贾	gaa2	gaa3 gu2 gwu2	1	205
贿	kui2	kwui2 fui2	1	205
赀	zi1		0	205
赁	jam6		0	205
赂	lou6		0	205
赃	zong1	zong6	1	205
资	zi1		0	205
赅	goi1		0	205
赆	zeon2		0	205
赇	kau4		0	205
赈	zan3		0	205
赉	loi6		0	205
赊	se1		0	205
赋	fu3		0	205
赌	dou2		0	205
赍	zai1	cai4	1	205
赎	suk6	zuk6	1	205
赏	soeng2		0	205
赐	ci3		0	205
赑	bai3	bei6	1	205
赒	zau1		0	205
赓	gang1		0	205
赔	pui4		0	205
赕	daam6		0	205
赖	laai6	laai2 laai3	1	205
赗	fung3	fung6	1	205
赘	zeoi6		0	205
赙	fu6		0	205
赚	zaan6	zaan2	1	205
赛	coi3		0	205
赜	zaak3		0	205
赝	ngaan6	aan6 ngan3 an3	1	205
赞	zaan3	zaan2	1	205
赟	wan1		0	205
赠	zang6		0	205
赡	sin6	sim6	1	205
赢	jing4	jeng4	1	205
赣	gam3	gung3	1	205
赤	cek3	cik3	0	102
赥	hik1		0	148
赦	se3		0	128
赧	naan5	naan2	0	160
赨	tung4		0	149
赩	hik1	sik1	1	148
赪	cing1		0	205
赫	hak1	haak1	0	139
赬	cing1	zing1	1	144
赭	ze2		0	141
赮	haa4		0	150
赯	tong4		0	145
走	zau2		0	67
赱	zau2		0	140
赲	lik6		0	148
赳	gau2	dau2 giu2	0	142
赴	fu6		0	123
赵	ziu6		0	205
赶	gon2		0	151
起	hei2		0	73
赸	saan3		0	148
赹	king4		0	153
赺	jam5		0	151
赻	sin2		0	147
赼	zi1		0	150
赽	gwai3	kyut3	1	143
赾	jan2		0	150
赿	ci4		0	146
趀	ci1		0	151
趁	can3		0	99
趂	can3	ji5	1	147
趃	dit6		0	149
趄	ce3	zeoi1 cit3 ceoi1	1	144
超	ciu1		0	92
趆	dai1		0	148
趇	sap1		0	150
趈	zaam6		0	150
趉	gwat6	gyut6 kyut3	1	143
越	jyut6		0	82
趋	ceoi1	cuk1	1	205
趌	gat6		0	148
趍	ceoi1		0	149
趎	zyu1		0	148
趏	gwaat3	wut6	1	150
趐	ci3	hyut3	1	145
趑	ci1	zi1	1	146
趒	tiu1	tiu4 tiu2 tiu3	1	150
趓	do2		0	151
趔	lit6		0	144
趕	gon2		0	94
趖	so1		0	148
趗	cuk1		0	151
趘	hat6		0	153
趙	ziu6		0	86
趚	suk1		0	146
趛	gam3		0	153
趜	guk1	kau4 kuk1	1	150
趝	gim3		0	156
趞	coek3		0	148
趟	tong3		0	111
趠	coek3		0	144
趡	ceoi2		0	148
趢	luk6		0	152
趣	ceoi3	cuk1 ceoi1 cau2	0	117
趤	dong6		0	150
趥	cau1	cuk1	1	151
趦	zi1		0	150
趧	tai4		0	145
趨	ceoi1	cuk1	0	134
趩	cik1		0	148
趪	wong4		0	150
趫	kiu4		0	144
趬	hiu1		0	149
趭	ziu3		0	149
趮	cou3		0	148
趯	dek3	tik1	1	145
趰	ji5		0	205
趱	zaan2	zaan3	1	205
趲	zaan2	zyun2	0	144
足	zuk1	zeoi3	0	97
趴	paa1		0	109
趵	paau3	baau3	0	142
趶	fu3		0	151
趷	gat6		0	135
趸	dan2		0	205
趹	kyut3		0	150
趺	fu1		0	136
趻	cam2		0	150
趼	gaan2	gin2	1	143
趽	fong3		0	147
趾	zi2		0	154
趿	cap1	taat3 saap3	1	142
跀	gat6	jyut6	1	148
跁	baa6	paa1	1	147
跂	kei4	kei5	1	144
跃	joek6	joek3 tik1	1	205
跄	coeng1	coeng3	1	205
跅	tok3		0	147
跆	toi4		0	142
跇	jai6		0	151
跈	din2	nin2	1	149
跉	ling4		0	150
跊	mui6		0	151
跋	but6	bat6	0	134
跌	dit3		0	81
跍	fu1		0	149
跎	to4		0	155
跏	gaa1		0	142
跐	caai2	ci2 ci1 coi2	1	145
跑	paau2		0	84
跒	kaa2		0	153
跓	cyu5		0	148
跔	keoi1		0	149
跕	dim2	tip3 dip3 dip6 zaam6 dit3	1	145
跖	zek3		0	141
跗	fu1		0	142
跘	pun4		0	145
跙	zeoi1		0	150
跚	saan1		0	141
跛	bai1	bo2 bei3	0	117
跜	nei4		0	150
距	keoi5	geoi6	0	139
跞	lik1	lok6 lok3	1	205
跟	gan1		0	80
跠	ji4		0	152
跡	zik1	zek3	0	119
跢	ci4	do2 daai3 do1 do3	1	145
跣	sin2		0	129
跤	gaau1		0	132
跥	do2		0	205
跦	zyu1		0	148
跧	cyun4		0	148
跨	kwaa1	kwaa3	0	113
跩	jai6		0	143
跪	gwai6		0	99
跫	kung4		0	142
跬	kwai2		0	142
跭	hong4		0	148
跮	ci3	zi3	1	150
路	lou6		0	81
跰	pin4		0	150
跱	ci5	zi6 si6	1	147
跲	gaap3		0	149
跳	tiu3		0	83
跴	caai2	cai2 coi2 jaai2	1	147
践	cin5	zin6	1	205
跶	taat3		0	205
跷	kiu5	hiu1 kiu1 kiu2	1	205
跸	bat1		0	205
跹	sin1		0	205
跺	do2		0	154
跻	zai1		0	205
跼	guk6		0	146
跽	gei6		0	143
跾	cau1	suk1	1	150
跿	tou4		0	148
踀	cuk1		0	149
踁	ging3	hing5	1	150
踂	nip6		0	154
踃	ciu3	siu1	1	150
踄	bok6	bou6	1	144
踅	ci3	cyut3 zai6 jyut6 zit3 zyut6	1	142
踆	ceon1	cyun4 cyun1 seon1	1	148
踇	mau5	mou5	1	146
踈	so1		0	147
踉	loeng6	long4 loeng4	0	136
踊	jung2	jung5	1	135
踋	goek3		0	145
踌	cau4		0	205
踍	haau1		0	154
踎	mau1		0	118
踏	daap6		0	106
踐	cin5	zin6 cin2	0	136
踑	gei1	kei1	1	148
踒	wo1		0	149
踓	cuk1	wai5	1	152
踔	coek3	diu6	1	142
踕	zit6		0	151
踖	zik1		0	147
踗	nip6		0	152
踘	guk1		0	147
踙	nip6		0	154
踚	leon4		0	152
踛	luk6		0	147
踜	ling4	ling6	1	151
踝	waa5		0	159
踞	geoi3		0	138
踟	ci4		0	146
踠	jyun2		0	148
踡	kyun4		0	146
踢	tek3		0	93
踣	baak6	fau6	1	160
踤	seoi6	zeot1	1	149
踥	cip3	sip3	1	151
踦	gei1	kei1 hei1 gei2 ji2	1	147
踧	cuk1	dik6 zuk1	1	147
踨	zung1		0	148
踩	caai2	coi2 jaai2	0	94
踪	zung1		0	142
踫	pung3		0	153
踬	zi3		0	205
踭	zaang1		0	145
踮	dim2	dim3	0	137
踯	zaak6		0	205
踰	jyu4	jyu6	0	140
踱	dok6		0	132
踲	dan6		0	151
踳	cyun2		0	149
踴	jung2		0	178
踵	zung2	dung2	0	154
踶	ci4	dai6 tai4 zi6	1	148
踷	zaa2		0	154
踸	cam2		0	150
踹	jaai2	cyun2 caai2 dyun3	0	112
踺	gin6		0	145
踻	gwaa1		0	149
踼	dong6	tong4	1	138
踽	geoi2		0	145
踾	bik1	fuk1 pik1	1	147
踿	zuk1		0	153
蹀	dip6		0	145
蹁	pin4	pin1	0	145
蹂	jau4	jau5	1	143
蹃	noek6		0	150
蹄	tai4		0	127
蹅	caa1		0	149
蹆	tan3		0	146
蹇	gin2	zin2 hin1	0	140
蹈	dou6	tou1	0	133
蹉	co1		0	160
蹊	hai4	kai1	0	137
蹋	daap6	taap3 taap6	1	160
蹌	coeng1	coeng3	0	141
蹍	zin2		0	146
蹎	din1		0	149
蹏	tai4		0	147
蹐	zek3	zik3	1	147
蹑	nip6	lip6	1	205
蹒	pun4	mun4	1	205
蹓	lau6	lau4	0	160
蹔	zaam6		0	148
蹕	bat1		0	142
蹖	zung1		0	146
蹗	luk6		0	152
蹘	laau4		0	154
蹙	cuk1	zuk1	0	146
蹚	tong1	tong2	1	143
蹛	daai3	zai6	1	147
蹜	suk1		0	146
蹝	saai2		0	160
蹞	kwai2		0	149
蹟	zik1		0	136
蹠	zek3	zik3	1	164
蹡	coeng1	coeng3	1	146
蹢	dik1	zaak6 zik6	1	148
蹣	mun4	pun4	1	143
蹤	zung1		0	117
蹥	lin4		0	152
蹦	bang1	baang6	0	117
蹧	zou1		0	198
蹨	lim3	nim3	1	147
蹩	bit6		0	160
蹪	teoi4		0	153
蹫	gwat1		0	152
蹬	dang1	dang6	0	129
蹭	sang3	cang3	0	135
蹮	sin1		0	153
蹯	faan4		0	145
蹰	cyu4		0	161
蹱	zung1		0	146
蹲	deon1	cyun4 zeon1	1	120
蹳	but6		0	154
蹴	cuk1	zuk1	1	155
蹵	cuk1		0	149
蹶	kyut3	gwai3	0	159
蹷	kyut3		0	149
蹸	leon6		0	148
蹹	daap6		0	150
蹺	hiu1	kiu2 kiu3	0	135
蹻	giu2	hiu1 kiu2 goek3 kiu3 koek6	1	189
蹼	buk6	buk1 pok3	0	160
蹽	liu4		0	205
蹾	dan3		0	205
蹿	cyun1		0	205
躀	gwaan3		0	205
躁	cou3		0	132
躂	taat3		0	136
躃	bik1		0	149
躄	bik1		0	145
躅	zuk6	zok6	0	144
躆	geoi3		0	148
躇	cyu4	ceoi4 cyu1	0	158
躈	kiu3		0	149
躉	dan2		0	124
躊	cau4		0	158
躋	zai1		0	141
躌	mou5		0	144
躍	joek6	joek3 tik1	0	121
躎	nin5		0	151
躏	leon6		0	205
躐	lip6		0	146
躑	zaak6	zik6	0	145
躒	lik1	lok6 lok3 lik6	1	143
躓	zi3		0	160
躔	cin4		0	144
躕	ceoi4	cyu4 cyu1	1	144
躖	dyun6	teon2	1	150
躗	wai6		0	151
躘	lung4		0	149
躙	leon6		0	148
躚	sin1	cin1	0	142
躛	wai6		0	153
躜	zyun1		0	205
躝	laan1	laan4	1	128
躞	sip3	sit3	1	145
躟	joeng4	nong5	1	149
躠	sit3		0	148
躡	nip6		0	140
躢	daap6	taap3	1	151
躣	keoi4		0	148
躤	zik6		0	152
躥	cyun1		0	156
躦	zyun1		0	145
躧	saai2		0	149
躨	kwai4		0	150
躩	fok3	gwok3 kwok3	1	149
躪	leon6		0	145
身	san1	gyun1 kin4	0	81
躬	gung1		0	119
躭	daam1		0	160
躮	fan1		0	205
躯	keoi1		0	205
躰	tai2		0	144
躱	do2		0	143
躲	do2		0	118
躳	gung1		0	151
躴	long4		0	150
躵	jan2		0	205
躶	lo2		0	148
躷	ai2		0	151
躸	gei1		0	151
躹	guk1		0	147
躺	tong2		0	114
躻	hung1		0	205
躼	lou6		0	205
躽	jin2		0	150
躾	mei5		0	147
躿	hong1		0	150
軀	keoi1		0	130
軁	lau4		0	150
軂	lou6		0	149
軃	do2		0	149
軄	zik1		0	151
軅	ngaan6		0	150
軆	tai2		0	141
軇	dou6		0	153
軈	jing3		0	150
軉	juk1		0	151
車	ce1	geoi1	0	76
軋	aat3	zaat3 gaat3	0	137
軌	gwai2		0	121
軍	gwan1		0	83
軎	wai6		0	147
軏	jyut6		0	194
軐	seon3		0	149
軑	daai6	dai6	1	147
軒	hin1		0	106
軓	faan4	faan6	1	148
軔	jan6		0	144
軕	sim1		0	205
軖	kong4	kwong4	1	152
軗	guk1	syu4	1	149
軘	tyun4		0	148
軙	can4		0	153
軚	taai5		0	146
軛	aak1	aak2 aak3	0	142
軜	naap6		0	149
軝	kei4		0	153
軞	mou4		0	149
軟	jyun5		0	103
軠	kwong4		0	151
軡	kam4	kim4	1	149
転	zyun2		0	142
軣	gwang1		0	151
軤	fu1		0	147
軥	keoi4		0	148
軦	fong3		0	147
軧	dai2		0	148
軨	ling4		0	194
軩	toi5		0	149
軪	au1		0	153
軫	zan2	can2	0	140
軬	faan5	faan6	1	150
軭	waang1		0	149
軮	ong3		0	149
軯	paang1		0	151
軰	bui3		0	144
軱	gu1		0	148
軲	gu1		0	145
軳	pou4		0	148
軴	zyu3		0	146
軵	fu2	jung5	1	150
軶	aak1	aak3 ak1	1	150
軷	bat6		0	148
軸	zuk6		0	134
軹	zi2		0	143
軺	jiu4		0	145
軻	o1	ho2	0	126
軼	jat6	dit6	0	138
軽	zi3		0	143
軾	sik1		0	130
軿	ping4		0	205
輀	ji4		0	148
輁	gung2		0	147
輂	guk1	guk6	1	146
較	gaau3		0	100
輄	gong1	gwong1	1	146
輅	lou6		0	143
輆	hoi2	koi3	1	149
輇	cyun4	syun4	1	145
輈	zau1		0	146
載	zoi3	zoi2	0	115
輊	zi3		0	145
輋	ce4	se4	0	146
輌	loeng6		0	147
輍	juk6		0	152
輎	saau1		0	150
輏	jau4		0	152
輐	wun6		0	146
輑	kwan1		0	148
輒	zip3	zit3	0	144
輓	waan5		0	136
輔	fu6		0	128
輕	hing1	heng1	0	94
輖	zau1		0	146
輗	ngai4		0	194
輘	ling4		0	149
輙	zip3	zit3	1	148
輚	zaan6		0	150
輛	loeng6		0	120
輜	zi1		0	145
輝	fai1		0	104
輞	mong5		0	144
輟	zyut3	zyut6	0	140
輠	gwo2	wui6	1	145
輡	ham2		0	152
輢	ji2		0	152
輣	paang4	pang4	1	146
輤	sin3		0	149
輥	gwan2	kwan2	0	137
輦	lin5		0	141
輧	ping4		0	148
輨	gun2		0	148
輩	bui3		0	109
輪	leon4		0	96
輫	paai4	pui4	1	147
輬	loeng4		0	148
輭	jyun5		0	142
輮	bou1	jau4 bou3 bou6 jau5	1	198
輯	cap1		0	129
輰	joeng4		0	150
輱	haam4		0	150
輲	syun4		0	149
輳	cau3		0	142
輴	ceon1		0	147
輵	got3		0	147
輶	jau4	jau5	1	145
輷	gwang1		0	151
輸	syu1		0	94
輹	fuk1	fuk6	1	148
輺	zi1		0	151
輻	fuk1		0	139
輼	wan1		0	141
輽	ban6		0	154
輾	zin2	nin5 nin6	0	140
輿	jyu4		0	137
轀	wan1		0	141
轁	tou1		0	148
轂	gu1	guk1	1	141
轃	zeon1		0	148
轄	hat6		0	147
轅	jyun4		0	121
轆	luk1	luk6	0	100
轇	gaau1		0	148
轈	caau4		0	151
轉	zyun3	zyun2	0	83
轊	wai6		0	149
轋	hin1	wan4	1	150
轌	syut3		0	145
轍	cit3		0	134
轎	kiu2	giu2 giu6 kiu4	0	115
轏	zaan6		0	153
轐	buk6	pok3	1	149
轑	lou5		0	150
轒	fan4		0	147
轓	faan1		0	147
轔	leon4	leon6	0	145
轕	got3		0	160
轖	sik1		0	151
轗	ham2		0	148
轘	waan4	waan6	1	146
轙	ngai5		0	149
轚	gik1		0	152
轛	deoi3		0	151
轜	ji4		0	149
轝	jyu4		0	149
轞	haam5	laam6	1	148
轟	gwang1		0	115
轠	leoi4		0	148
轡	bei3		0	141
轢	lik1	lik6	1	145
轣	kyut3	lik6	1	205
轤	lou4		0	145
轥	leon6		0	150
车	ce1	geoi1	1	205
轧	aat3	ngaat3 zaat3 gaat3	1	205
轨	gwai2		0	205
轩	hin1		0	205
轪	dai6	daai6	1	205
轫	jan6		0	205
转	zyun2	zyun3	1	205
轭	aak1	ngaak1	1	205
轮	leon4	leon2	1	205
软	jyun5		0	205
轰	gwang1		0	205
轱	gu1	gwu1	1	205
轲	o1	ngo1 ho2	1	205
轳	lou4		0	205
轴	zuk6		0	205
轵	zi2		0	205
轶	jat6	dit6	1	205
轷	fu1		0	205
轸	zan2	can2	1	205
轹	lik1		0	205
轺	jiu4		0	205
轻	hing1	heng1 heng6	1	205
轼	sik1		0	205
载	zoi3	zoi2	1	205
轾	zi3		0	205
轿	giu2	giu6 kiu2	1	205
辀	zau1		0	205
辁	cyun4		0	205
辂	lou6		0	205
较	gaau3		0	205
辄	zip3	zit3	1	205
辅	fu6		0	205
辆	loeng6	loeng2	1	205
辇	lin5		0	205
辈	bui3		0	205
辉	fai1		0	205
辊	gwan2		0	205
辋	mong5		0	205
辌	loeng4		0	205
辍	zyut3	zyut6	1	205
辎	zi1		0	205
辏	cau3		0	205
辐	fuk1		0	205
辑	cap1		0	205
辒	wan1		0	205
输	syu1		0	205
辔	bei3		0	205
辕	jyun4		0	205
辖	hat6		0	205
辗	zin2	nin5 lin5	1	205
辘	luk1		0	205
辙	cit3		0	205
辚	leon4	leon6	1	205
辛	san1		0	117
辜	gu1		0	130
辝	ci4		0	150
辞	ci4		0	205
辟	pik1	bik1 bei6 mai5	0	139
辠	zeoi6		0	149
辡	bin6		0	150
辢	laat6		0	146
辣	laat6		0	103
辤	ci4		0	144
辥	sit3		0	149
辦	baan6		0	98
辧	bin6		0	146
辨	bin6		0	126
辩	bin6		0	205
辪	sit3		0	205
辫	bin1		0	205
辬	baan1		0	145
辭	ci4		0	114
辮	bin1		0	107
辯	bin6		0	120
辰	san4		0	130
辱	juk6		0	122
農	nung4		0	108
辳	nung4		0	150
辴	can2	zin2	1	150
辵	coek3		0	143
辷	jat1		0	140
辸	jing4		0	150
边	bin1	bin6	1	205
辺	dou6		0	142
辻	sap6		0	142
込	jyu1		0	142
辽	liu4		0	205
达	daat6	taat3 dai3	1	141
辿	caam1	cin4	1	145
迀	gon1		0	145
迁	cin1		0	205
迂	jyu1	jyu4	0	139
迃	jyu1		0	152
迄	ngat6	hat1	0	141
迅	seon3		0	114
迆	ji4	ji5 to1	1	147
过	gwo3	go3 gwo2 go2 gwo1 go1	1	205
迈	maai6		0	205
迉	cai1		0	145
迊	jing4		0	145
迋	gwong3	wong6 kwaang3	1	143
迌	teot1		0	148
迍	zeon1	tyun4	0	146
迎	jing4	jing6	0	103
迏	dai3		0	146
运	wan6		0	198
近	gan6	kan5	1	90
迒	gong1	hong4 laang5	1	148
迓	ngaa6		0	141
返	faan1	faan2	1	76
迕	ng5	ng6	1	143
迖	daat6	taat3 tai3	1	146
迗	ngo4		0	142
还	waan4	syun4	1	205
这	ze5	ze3 ze2	1	205
迚	zung1		0	144
进	zeon3		0	205
远	jyun5	jyun2 jyun6	1	205
违	wai4		0	205
连	lin4		0	205
迟	ci4		0	205
迠	cip3		0	148
迡	ci4	nai6	1	143
迢	tiu4	siu4	0	133
迣	lai6	lit6	1	142
迤	ji5	ji4 to1	0	141
迥	gwing2		0	153
迦	gaa1	haai6	0	134
迧	can4		0	152
迨	doi6	toi5	1	141
迩	ji5		0	205
迪	dik6		0	101
迫	bik1	baak1	0	115
迬	zyu3		0	144
迭	dit6	jat6	0	140
迮	zaak3	zok3	1	144
迯	tou4		0	144
述	seot6		0	125
迱	to4		0	149
迲	heoi3		0	142
迳	ging3	gaang3	1	205
迴	wui4		0	107
迵	dung6		0	146
迶	jau6		0	143
迷	mai4		0	104
迸	bing3	bing2	0	137
迹	zik1		0	143
迺	naai5		0	153
迻	ji4		0	146
迼	git3		0	149
追	zeoi1		0	88
迾	laat6	lit6	1	148
迿	seon6		0	147
退	teoi3		0	96
送	sung3		0	80
适	kut3	sik1	1	141
逃	tou4		0	108
逄	pong4		0	142
逅	hau6		0	141
逆	jik6	ngaak6	0	116
逇	deon6		0	148
逈	gwing2		0	147
选	syun2	syun3	1	198
逊	seon3		0	205
逋	bou1		0	142
逌	jau4		0	147
逍	siu1		0	136
逎	cau4		0	149
透	tau3		0	104
逐	zuk6		0	108
逑	kau4		0	140
递	dai6		0	205
逓	dai6		0	150
途	tou4		0	122
逕	ging3	gaang3	0	145
逖	tik1	dik6	0	141
逗	dau6		0	124
逘	ji4		0	151
這	ze2	ze5 ze3	0	82
通	tung1		0	93
逛	kwaang3	gwaang6	0	121
逜	ng6		0	145
逝	sai6		0	123
逞	cing2		0	135
速	cuk1		0	108
造	zou6	cou3 cou5	1	109
逡	ceon1	seon1	1	143
逢	fung4	pung4	0	110
連	lin4		0	80
逤	saa1	so3	1	149
逥	wui4		0	145
逦	lei5		0	205
逧	guk1		0	148
逨	loi4		0	144
逩	ban3		0	146
逪	cok3		0	152
逫	zyut3		0	150
逬	bing2	bing3	1	148
逭	wun6		0	143
逮	dai6	doi6	0	141
逯	luk6		0	141
逰	jau4		0	146
週	zau1		0	105
進	zeon3		0	95
逳	juk1		0	147
逴	coek3		0	147
逵	kwai4		0	111
逶	wai1	wai2	0	142
逷	tik1		0	148
逸	jat6		0	126
逹	daat6		0	144
逺	jyun5		0	141
逻	lo4		0	205
逼	bik1		0	94
逽	nok6		0	148
逾	jyu6	jyu4	0	145
逿	dong6	tong4	1	148
遀	ceoi4		0	150
遁	deon6		0	130
遂	seoi6		0	129
遃	jin5		0	151
遄	cyun2	cyun4 syun4	1	142
遅	ci4		0	144
遆	tai4		0	146
遇	jyu6		0	107
遈	zik6		0	141
遉	zing1		0	148
遊	jau4		0	99
運	wan6		0	96
遌	ngok6		0	151
遍	pin3	bin3	0	110
過	gwo3		0	63
遏	aat3	kit3	0	144
遐	haa4		0	139
遑	wong4		0	141
遒	cau4	jau4	1	142
道	dou6		0	80
達	daat6		0	94
違	wai4		0	121
遖	naam4		0	145
遗	wai4	wai6	1	205
遘	gau3	kau3	1	144
遙	jiu4		0	124
遚	cau3		0	152
遛	lau6	lau4	0	137
遜	seon3		0	119
遝	daap6		0	145
遞	dai6	daai3 sai6	0	103
遟	ci4		0	147
遠	jyun5		0	85
遡	sou3		0	152
遢	taap3	taat3	1	142
遣	hin2		0	127
遤	maa5		0	205
遥	jiu4		0	205
遦	gwaan3		0	145
遧	zoeng1		0	151
遨	ngou4	ngou6	0	137
適	sik1		0	119
遪	caap3		0	152
遫	cik1		0	150
遬	cuk1		0	149
遭	zou1		0	115
遮	ze1		0	97
遯	deon6		0	145
遰	dai3	dai6 sai6	1	145
遱	lau4		0	151
遲	ci4	zi3 zi6	0	95
遳	co1		0	152
遴	leon4	leon6	1	143
遵	zeon1		0	126
遶	jiu5		0	146
遷	cin1		0	113
選	syun2		0	101
遹	jyut6	wat6 leot6	1	145
遺	wai4		0	119
遻	ngok6		0	150
遼	liu4		0	105
遽	geoi6	geoi3	0	141
遾	sai6		0	151
避	bei6		0	102
邀	jiu1		0	131
邁	maai6		0	121
邂	haai5	haai6	1	142
邃	seoi6	seoi3	0	147
還	waan4	syun4	0	87
邅	zin1		0	146
邆	tang4		0	148
邇	ji5		0	138
邈	miu5	mok6	0	140
邉	bin1		0	142
邊	bin1		0	70
邋	laap6	laat6 lip6	1	136
邌	lai4		0	146
邍	jyun4		0	148
邎	jau4		0	147
邏	lo4	lo6	0	137
邐	lei5	lai5	0	142
邑	jap1	ap1	0	128
邒	ting4		0	150
邓	dang6		0	171
邔	gei2	hei2 gei6	1	149
邕	jung1		0	140
邖	saan1		0	149
邗	hon4		0	143
邘	jyu1	jyu4	1	146
邙	mong4		0	142
邚	jyu4		0	149
邛	kung4		0	160
邜	zik6		0	205
邝	kwong3	kong3 kwong2 kong2	1	205
邞	fu1		0	151
邟	kong3		0	150
邠	ban1		0	144
邡	fong1		0	144
邢	jing4		0	124
那	naa5	no4 naa4 naa1 no6	0	82
邤	jan1		0	147
邥	sam2		0	147
邦	bong1		0	106
邧	jyun4		0	149
邨	cyun1		0	126
邩	fo2		0	148
邪	ce4	je4	0	103
邫	bong1		0	152
邬	wu1		0	205
邭	geoi3		0	148
邮	jau4		0	160
邯	hon4	ham4	0	126
邰	toi4	toi1	0	140
邱	jau1		0	115
邲	bat6	bei3 bin6 bit1	1	147
邳	pei4		0	139
邴	bing2		0	142
邵	siu6		0	116
邶	bui3	bui6	1	143
邷	ngaa5		0	152
邸	dai2		0	136
邹	zau1		0	205
邺	jip6		0	198
邻	leon4		0	198
邼	hong1		0	153
邽	gwai1		0	145
邾	zyu1		0	142
邿	si1		0	149
郀	fu1		0	151
郁	juk1		0	97
郂	goi1		0	149
郃	gap3	hap6	1	142
郄	gwik1	kwik1	1	142
郅	gat1	zat6 zat1	1	139
郆	gat1		0	152
郇	seon1	wan4 waan4	1	142
郈	hau5	hau6	1	146
郉	jing4		0	147
郊	gaau1		0	126
郋	hai4		0	148
郌	gwai1		0	152
郍	naa5		0	149
郎	long4		0	93
郏	gaap3		0	205
郐	kui2	kwui2 kui3 kwui3	1	205
郑	zeng6	zing6	1	205
郒	long4		0	205
郓	wan6		0	205
郔	jin4		0	148
郕	sing4		0	145
郖	dau1	dau6	1	147
郗	ci1	hei1	1	141
郘	leoi5		0	148
郙	fu2		0	147
郚	ng4		0	146
郛	fu1		0	144
郜	gou3		0	139
郝	kok3	gok3	0	126
郞	long4		0	142
郟	gaap3		0	142
郠	gang2		0	149
郡	gwan6		0	105
郢	cing2	jing5	1	140
郣	but6		0	150
郤	gwik1	kwik1	1	143
郥	kwik1		0	148
郦	lik6		0	205
郧	wan4		0	205
部	bou6		0	83
郩	haau4	ou2	1	149
郪	cai1		0	144
郫	pei4		0	144
郬	cing1		0	149
郭	gwok3		0	94
郮	zau1		0	148
郯	taam4		0	142
郰	zau1		0	149
郱	ping4		0	150
郲	loi4		0	147
郳	ngai4		0	146
郴	sam1	cam1	0	139
郵	jau4		0	127
郶	bou6		0	150
郷	hoeng1		0	143
郸	daan1		0	205
郹	gwik1		0	152
郺	jung1	jung2	1	153
郻	hiu1		0	153
郼	ji1		0	151
都	dou1		0	48
郾	jin2		0	142
郿	mei4		0	144
鄀	joek6		0	145
鄁	bui3	bui6	1	148
鄂	ngok6		0	126
鄃	syu1		0	148
鄄	gyun3		0	141
鄅	geoi2	jyu5	1	149
鄆	wan6		0	135
鄇	hau6		0	149
鄈	kwai4		0	152
鄉	hoeng1		0	107
鄊	hoeng1		0	151
鄋	sau1		0	150
鄌	tong4		0	148
鄍	ming4		0	149
鄎	sik1		0	150
鄏	juk6		0	148
鄐	cuk1		0	149
鄑	zi1		0	150
鄒	zau1		0	137
鄓	jip3		0	153
鄔	wu1		0	142
鄕	hoeng1	hoeng3	1	146
鄖	wan4		0	141
鄗	haau1	hou6 hok3	1	146
鄘	jung4		0	145
鄙	pei2		0	139
鄚	mok6		0	146
鄛	caau4		0	149
鄜	fu1		0	144
鄝	liu5		0	148
鄞	ngan4		0	142
鄟	zyun1		0	151
鄠	wu6		0	146
鄡	hiu1		0	149
鄢	jin1		0	139
鄣	zoeng1		0	141
鄤	maan6		0	148
鄥	hiu1		0	152
鄦	heoi2		0	148
鄧	dang6		0	101
鄨	bai3	bit3	1	149
鄩	cam4		0	145
鄪	bei3		0	150
鄫	cang4		0	146
鄬	wai4		0	147
鄭	zeng6	zing6	0	95
鄮	mau6		0	146
鄯	sin6		0	143
鄰	leon4		0	124
鄱	po4	bo3	0	137
鄲	daan1	gwik1	0	128
鄳	maang4	maang5	1	149
鄴	jip6		0	140
鄵	cou3		0	151
鄶	kui2	kui3	1	144
鄷	fung1		0	148
鄸	mung4	mung6	1	148
鄹	zau1		0	142
鄺	kwong3	kong3	0	130
鄻	lin5		0	156
鄼	co4	zaan3	1	152
鄽	cin4		0	150
鄾	jau1		0	149
鄿	gei1	kei4	1	152
酀	jin3		0	150
酁	caam4		0	154
酂	zaan3	co4	1	205
酃	ling4		0	142
酄	fun1	hyun1	1	146
酅	kwai4		0	148
酆	fung1		0	141
酇	co4	zaan3 zyun2	1	146
酈	lik6		0	140
酉	jau5		0	158
酊	ding2	ding1	0	141
酋	jau4	cau4	0	138
酌	zoek3		0	136
配	pui3		0	102
酎	zau6		0	144
酏	ji4	ji5	1	146
酐	gon1	hong5	0	142
酑	jyu1		0	152
酒	zau2		0	88
酓	jam2	jim2 jim3	1	149
酔	zeoi3		0	143
酕	mou4		0	147
酖	daam1	zam6	1	147
酗	jyu3	heoi3	0	142
酘	tau4		0	149
酙	zam1		0	149
酚	fan1		0	135
酛	jyun4		0	205
酜	fu1		0	205
酝	wan5	wan3	1	205
酞	taai3		0	142
酟	tim1		0	153
酠	gaa3		0	151
酡	to4		0	143
酢	zok6	cou3	0	142
酣	ham4		0	139
酤	gu1	gu3 wu6	1	144
酥	sou1		0	119
酦	put3	faat3 but3	1	205
酧	cau4		0	149
酨	doi6	zoi6	1	146
酩	ming5	ming4	0	140
酪	lok3	lou6 lok6	0	138
酫	cyut3		0	148
酬	cau4		0	131
酭	jau6		0	148
酮	tung4		0	133
酯	zi2		0	136
酰	sin1		0	160
酱	zoeng3		0	205
酲	cing4		0	144
酳	jan2	jan6 seon3	1	148
酴	tou4		0	144
酵	haau1	gaau3 haau3	0	137
酶	mui4		0	139
酷	huk6		0	128
酸	syun1		0	105
酹	laai6	lyut3 lyut6 leoi6 loi6	1	142
酺	pou4		0	145
酻	zeoi1		0	151
酼	hoi2		0	151
酽	jim6		0	205
酾	si1		0	205
酿	joeng6	joeng2	1	205
醀	wai4	zeoi3	1	153
醁	luk6		0	146
醂	lam5		0	148
醃	jip3	jim1 ap1	0	119
醄	tou4		0	148
醅	pui1		0	143
醆	zaan2		0	205
醇	seon4		0	134
醈	taam4		0	150
醉	zeoi3		0	101
醊	zeoi3	zyut3	1	148
醋	cou3	zok6	0	116
醌	kwan1		0	142
醍	tai4		0	141
醎	haam4		0	148
醏	dou1		0	150
醐	wu4		0	145
醑	seoi2		0	145
醒	seng2	sing2 sing1	1	90
醓	taam2	taam5	1	149
醔	jau4		0	149
醕	seon4		0	149
醖	wan3	wan5	1	163
醗	put3		0	150
醘	hap1		0	148
醙	sau1	sau2	1	149
醚	mai4		0	139
醛	cyun4		0	138
醜	cau2		0	105
醝	co4		0	149
醞	wan5	wan3 wan2	0	140
醟	wing6		0	151
醠	ong3		0	148
醡	zaa3		0	146
醢	hoi2		0	143
醣	tong4		0	136
醤	zoeng3		0	146
醥	piu2	piu5	1	151
醦	cam2		0	150
醧	jyu3		0	147
醨	lei4		0	146
醩	zou1		0	147
醪	lou4		0	142
醫	ji1		0	99
醬	zoeng3		0	109
醭	buk6	pok3	1	142
醮	ziu3		0	142
醯	hei1		0	138
醰	taam4		0	148
醱	faat3	put3	1	146
醲	nung4		0	147
醳	jik6	sik1	1	149
醴	lai5		0	141
醵	geoi6	koek6 kek6	1	143
醶	jim6		0	149
醷	jik1		0	149
醸	joeng6		0	146
醹	jyu4	jyu5	1	151
醺	fan1		0	150
醻	cau4		0	147
醼	jin3		0	150
醽	ling4		0	146
醾	mei4		0	146
醿	mei4		0	145
釀	joeng6		0	129
釁	jan6	jan3	0	141
釂	ziu3		0	149
釃	si1		0	144
釄	mei4		0	148
釅	jim6		0	142
釆	bin6		0	160
采	coi2	coi3	0	130
釈	sik1		0	145
釉	jau6	jau2	0	135
释	sik1	jik6	1	205
釋	sik1	jik6	0	119
里	lei5		0	94
重	zung6	cung5 cung4	1	89
野	je5		0	79
量	loeng6	loeng4	1	97
釐	lei4	hei1 hei2	0	134
金	gam1		0	80
釓	gaa1	gaat3 kau4	1	143
釔	jyut3	jyut6	1	141
釕	liu4	liu5 liu6	1	141
釖	dou1		0	146
釗	ciu1	ziu1	0	136
釘	ding1	deng1	1	107
釙	pok3		0	143
釚	kau4		0	149
釛	baat3		0	153
釜	fu2		0	141
針	zam1		0	104
釞	zap1		0	150
釟	baat3		0	147
釠	lyun6		0	152
釡	fu2		0	149
釢	naai5		0	144
釣	diu3		0	107
釤	saam1	saam3 sin3	1	142
釥	ciu2		0	147
釦	kau3		0	142
釧	cyun1	cyun3	1	141
釨	zi2		0	143
釩	faan4		0	138
釪	jyu4	waa4	1	147
釫	waa4	wu1	1	151
釬	hon6		0	159
釭	gong1	gung1	1	145
釮	cai4		0	148
釯	mong4		0	149
釰	jat6		0	148
釱	daai6	dai6	1	149
釲	zi6		0	150
釳	hat1		0	198
釴	jik6		0	148
釵	caai1		0	119
釶	jaa5		0	145
釷	tou2		0	142
釸	zik6		0	149
釹	neoi5		0	139
釺	cin1		0	141
釻	jyun4		0	205
釼	jat6		0	151
釽	pik1		0	147
釾	je4	ngaa4	1	205
釿	gan1		0	146
鈀	baa2	paa4	0	160
鈁	fong1		0	142
鈂	cam4	zam3	1	149
鈃	gin1	jing4	1	146
鈄	dau2		0	153
鈅	joek6	jyut6	1	143
鈆	jyun4		0	149
鈇	fu1	fu2	1	189
鈈	bat1		0	140
鈉	naap6	naat3	0	132
鈊	sam1	sam3	1	140
鈋	ngo4		0	205
鈌	kyut3		0	149
鈍	deon6		0	131
鈎	ngau1	gau1	0	126
鈏	jan5	jan6	1	145
鈐	kim4		0	141
鈑	baan2		0	141
鈒	kap1	zaap6	1	147
鈓	jam5		0	147
鈔	caau1	caau3	0	143
鈕	nau2	nau5	0	116
鈖	fan1		0	145
鈗	deoi6	wan5 jeoi6	1	148
鈘	ngai5		0	153
鈙	gam6	kam4	1	150
鈚	pai1	pei1	1	146
鈛	go1	gwo1	1	147
鈜	wang4		0	147
鈝	jam4		0	150
鈞	gwan1	kwan1	0	131
鈟	diu3		0	150
鈠	jik6		0	205
鈡	zung1		0	205
鈢	saai2		0	148
鈣	koi3		0	125
鈤	jat6		0	140
鈥	fo2		0	140
鈦	taai3		0	134
鈧	kong3		0	141
鈨	jyun4		0	205
鈩	lou4		0	146
鈪	aak2	aak3 ngaak6	1	205
鈫	man4		0	205
鈬	dok6		0	150
鈭	ci1	zi1	1	145
鈮	nei4	nei6	1	141
鈯	dat6		0	205
鈰	si5		0	141
鈱	man4		0	148
鈲	gu1		0	198
鈳	aa3	ko1 ho1	1	142
鈴	ling4		0	108
鈵	bing3		0	149
鈶	ci4	zi6 ci5	1	147
鈷	gu1	gu2	1	138
鈸	but6	bat6 put3	0	142
鈹	pei1	pei4	1	141
鈺	juk6		0	134
鈻	zi6		0	145
鈼	zok6		0	145
鈽	bou1		0	143
鈾	jau2		0	137
鈿	tin4	din6	0	140
鉀	gaap3		0	133
鉁	zan1		0	205
鉂	si2		0	145
鉃	si6		0	144
鉄	tit3		0	152
鉅	geoi6		0	125
鉆	cim1	zyun1 zyun3	1	165
鉇	se4	si1	1	151
鉈	si1	taa1 to4	1	141
鉉	jyun5		0	139
鉊	ciu1	ziu1	1	148
鉋	paau4		0	147
鉌	wo4		0	148
鉍	bei3	bit1	1	141
鉎	sang1	seng3	1	143
鉏	ceoi4	co4 zeoi2 zeoi6	1	145
鉐	sek6	zuk1	1	145
鉑	bok6		0	137
鉒	zyu3		0	144
鉓	cik1		0	146
鉔	zaap3		0	149
鉕	po2		0	145
鉖	tung4		0	150
鉗	kim4		0	123
鉘	fat6		0	152
鉙	zaai2		0	151
鉚	maau5		0	139
鉛	jyun4		0	135
鉜	fau4		0	150
鉝	laap6		0	149
鉞	jyut6		0	140
鉟	pei1		0	151
鉠	joeng1		0	152
鉡	bun6		0	146
鉢	but3		0	127
鉣	gip3		0	151
鉤	ngau1		0	124
鉥	seot6		0	147
鉦	zing1	zing3	1	142
鉧	mou5		0	146
鉨	nai5		0	140
鉩	saai2		0	146
鉪	dai6		0	151
鉫	gaa1		0	146
鉬	muk6		0	138
鉭	daan3	taan2	1	140
鉮	san4		0	144
鉯	ji5		0	143
鉰	si1		0	148
鉱	kong3		0	145
鉲	kaa1		0	143
鉳	bak1		0	205
鉴	gaam3		0	205
鉵	tung4		0	150
鉶	jing4		0	145
鉷	hung4		0	146
鉸	gaau2	gaau3	1	140
鉹	ci2	ji4	1	152
鉺	ji5		0	141
鉻	gok3	lok3 lok6	0	160
鉼	beng2	ping4	1	147
鉽	sik1		0	143
鉾	maau4	mau4	1	147
鉿	gaap3	haa1 hap6 hap1	1	142
銀	ngan4		0	90
銁	gwan1		0	154
銂	zau1		0	149
銃	cung3		0	141
銄	hoeng2		0	144
銅	tung4		0	108
銆	mak6		0	140
銇	leoi6		0	144
銈	gai1		0	144
銉	jyut6		0	145
銊	seot1		0	147
銋	jam4		0	148
銌	zyun6		0	148
銍	zat1	zat6	1	146
銎	kung4		0	142
銏	saan3		0	145
銐	cai3		0	150
銑	sin2		0	139
銒	gin1	jing4	1	150
銓	cyun4		0	140
銔	pei1		0	153
銕	tit3		0	145
銖	zyu1	syu4	0	141
銗	hau4	hong6	1	144
銘	ming5	ming4	0	121
銙	kwaa1		0	147
銚	diu6	jiu4 siu6	1	144
銛	cim1		0	145
銜	haam4		0	129
銝	jau1		0	149
銞	gwan1		0	152
銟	caa1		0	152
銠	lou5		0	141
銡	gat1		0	149
銢	pik1		0	152
銣	jyu4	jyu6	1	142
銤	mai5		0	146
銥	ji1	ji2	0	140
銦	jan1		0	141
銧	gwong1		0	144
銨	on1	on2	0	138
銩	diu1		0	142
銪	jau5		0	141
銫	sik1		0	141
銬	kaau3	kau3	0	149
銭	cin4		0	143
銮	lyun4		0	205
銯	mik6		0	205
銰	ngaai6		0	148
銱	diu3		0	144
銲	hon6		0	150
銳	jeoi6		0	119
銴	jeoi6	sai6 zai6	1	149
銵	hang1		0	151
銶	kau4		0	187
銷	siu1		0	118
銸	zip3		0	150
銹	sau3		0	160
銺	zong6		0	152
銻	tai1		0	140
銼	co3		0	140
銽	cim1		0	151
銾	hung6		0	150
銿	zung1		0	149
鋀	dau6		0	145
鋁	leoi5		0	126
鋂	mui4		0	145
鋃	long4		0	142
鋄	faan6		0	149
鋅	san1		0	131
鋆	gwan1	wan4	1	143
鋇	bui3		0	139
鋈	juk1		0	141
鋉	cuk1		0	198
鋊	guk1	juk6	1	150
鋋	jin4	sin4	1	146
鋌	ding6	ting5 ting2	0	141
鋍	but6		0	150
鋎	waan5	wun5	1	148
鋏	gaap3		0	143
鋐	wang4		0	145
鋑	cyun1	zeon3	1	150
鋒	fung1		0	112
鋓	cim1		0	152
鋔	waan5		0	148
鋕	zi3		0	145
鋖	si1		0	149
鋗	hyun1		0	147
鋘	ng4	waa4	1	147
鋙	jyu5	ng4	1	146
鋚	tiu4		0	152
鋛	kong3		0	153
鋜	zuk6		0	147
鋝	lyut3	lyut6	1	160
鋞	hang6	jing4	1	146
鋟	cam2	cim1 zim1	1	142
鋠	san6		0	152
鋡	ham4		0	148
鋢	lyut3		0	152
鋣	ce4	je4	1	144
鋤	co4		0	125
鋥	caang3		0	144
鋦	geoi3	guk1 guk6	1	142
鋧	hin2	jin6	1	148
鋨	ngo4		0	141
鋩	mong4		0	145
鋪	pou1	pou3 pou2	0	95
鋫	lei4		0	150
鋬	paan3		0	147
鋭	jeoi6		0	121
鋮	sing4		0	141
鋯	gou3		0	140
鋰	lei5		0	133
鋱	tik1		0	143
鋲	bing1		0	147
鋳	zyu3		0	147
鋴	hak1		0	205
鋵	tuk1		0	205
鋶	lau5		0	143
鋷	zeoi3		0	151
鋸	goe3	geoi3 guk1	0	118
鋹	coeng2	cong2	1	145
鋺	jyun1		0	149
鋻	gin1	gin3	1	147
鋼	gong3		0	111
鋽	tiu3		0	143
鋾	tou4		0	147
鋿	soeng4		0	151
錀	fan1	leon4	1	147
錁	fo3	gwo2	1	142
錂	ling4		0	198
錃	bei1		0	151
錄	luk6		0	96
錅	lei4		0	153
錆	coeng1		0	143
錇	pui4		0	143
錈	gyun2	gyun6	1	142
錉	man4		0	154
錊	zeoi3		0	148
錋	paang4		0	145
錌	ngon6		0	147
錍	pai1		0	146
錎	haam6		0	149
錏	aa1	aa3	1	147
錐	zeoi1	jeoi1	0	129
錑	leoi6		0	144
錒	aa3	o1	1	138
錓	haang1		0	150
錔	daap6	taap3	1	149
錕	gwan1	kwan1	1	139
錖	duk1		0	152
錗	neoi6		0	150
錘	ceoi4	seoi4	0	112
錙	zi1		0	142
錚	zang1	zaang1 caang1	0	140
錛	ban1		0	139
錜	nip6		0	150
錝	cung4	zung3	1	145
錞	deoi6	seon4	1	146
錟	cim1	taam4 taan2	1	143
錠	ding3	ding6 ding2	0	130
錡	kei4		0	143
錢	cin2	cin4 zin2	1	77
錣	zeoi3	zyut3	1	150
錤	gei1		0	150
錥	juk6		0	148
錦	gam2		0	105
錧	gun2		0	145
錨	naau4	maau4	0	137
錩	coeng1		0	146
錪	din2	tin2	1	146
錫	sek3	sik3 sek6	1	93
錬	lin6		0	144
錭	diu1		0	148
錮	gu3		0	141
錯	co3	cok3	0	85
錰	seot6		0	152
錱	zan1		0	147
録	luk6		0	191
錳	maang5		0	137
錴	luk6		0	152
錵	faa1		0	142
錶	biu1	biu2	0	104
錷	aat3		0	148
錸	loi4		0	142
錹	hang2		0	150
錺	fong1		0	146
錻	mou5		0	149
錼	noi6		0	146
錽	faan6		0	150
錾	zaam6		0	205
錿	fu2		0	205
鍀	dak1		0	139
鍁	hin1		0	205
鍂	gam1		0	205
鍃	fat1		0	142
鍄	loeng6		0	198
鍅	faat3		0	144
鍆	mun4		0	142
鍇	gaai1	kaai2	1	141
鍈	joeng1		0	145
鍉	dik1	dik6 si4	1	145
鍊	lin6	lin2	0	114
鍋	wo1		0	113
鍌	sin2		0	146
鍍	dou6		0	136
鍎	dat6		0	145
鍏	wai4	wai5	1	140
鍐	zung1		0	142
鍑	fu3	fuk1	1	143
鍒	jau4		0	141
鍓	cip3		0	144
鍔	ngok6		0	139
鍕	gwan1		0	145
鍖	zam1		0	142
鍗	tai4		0	141
鍘	zaap6	zaat3	0	140
鍙	huk1		0	141
鍚	joeng4		0	120
鍛	dyun3	dyun6	0	138
鍜	haa4		0	143
鍝	jyu4		0	144
鍞	hang1		0	144
鍟	seng3		0	144
鍠	caang4	wong4	1	146
鍡	wui2		0	147
鍢	fuk1		0	142
鍣	ciu1	ziu1	1	145
鍤	caap3		0	142
鍥	kit3		0	153
鍦	se4	si1	1	142
鍧	gwang1		0	144
鍨	kwai4		0	145
鍩	nok6		0	142
鍪	mau4		0	141
鍫	ciu1		0	146
鍬	ciu1		0	140
鍭	hau4		0	144
鍮	tau1		0	198
鍯	cung1		0	149
鍰	waan4		0	143
鍱	jip6		0	147
鍲	man4		0	152
鍳	gaam3		0	149
鍴	dyun1		0	145
鍵	gin6		0	131
鍶	si1		0	140
鍷	kwai1		0	153
鍸	wu4		0	147
鍹	syun1		0	149
鍺	ze2		0	140
鍻	git3		0	151
鍼	zam1		0	114
鍽	bin1		0	150
鍾	zung1		0	95
鍿	zi1		0	152
鎀	sau1		0	146
鎁	je4		0	148
鎂	mei5		0	134
鎃	paai3		0	148
鎄	oi1		0	143
鎅	gaai3		0	205
鎆	zin2		0	205
鎇	mei4		0	142
鎈	caa1		0	145
鎉	taap3		0	148
鎊	bong6		0	137
鎋	hat6		0	148
鎌	lim4		0	140
鎍	sok3		0	144
鎎	hei3		0	151
鎏	lau4		0	139
鎐	jiu4		0	147
鎑	jip6	taap3	1	151
鎒	nau6		0	151
鎓	jung1		0	145
鎔	jung4		0	158
鎕	tong4		0	145
鎖	so2		0	102
鎗	caang1	coeng1	1	136
鎘	gaak3	lik6	0	160
鎙	sok3		0	148
鎚	ceoi4		0	130
鎛	bok3		0	145
鎜	pun4		0	148
鎝	daap3	saap3	1	205
鎞	bai1	pei1 bei6	1	147
鎟	song2		0	147
鎠	gong3		0	152
鎡	zi1		0	147
鎢	wu1		0	138
鎣	jing4		0	142
鎤	fong2		0	151
鎥	tiu4		0	153
鎦	lau4	lau6	1	141
鎧	hoi2	koi3	0	138
鎨	seon2		0	153
鎩	saat3		0	141
鎪	sau1	sau2 suk1	1	143
鎫	faan6		0	147
鎬	gou2	hou6	0	139
鎭	zan3		0	150
鎮	zan3		0	99
鎯	long4		0	173
鎰	jat6		0	141
鎱	jyun4		0	146
鎲	tong2		0	146
鎳	nip1	nip6	0	136
鎴	sik1		0	141
鎵	gaa1		0	141
鎶	go1		0	143
鎷	maa5		0	178
鎸	zeon3	zyun1	1	205
鎹	sung3		0	143
鎺	zou2		0	205
鎻	so2		0	144
鎼	laa3		0	205
鎽	fung1		0	205
鎾	wan1		0	205
鎿	naa4		0	143
鏀	lou5		0	143
鏁	so2		0	143
鏂	au1		0	141
鏃	zuk1	zuk6	1	140
鏄	tyun4		0	142
鏅	sau1		0	144
鏆	gun3		0	180
鏇	syun4	syun6	1	142
鏈	lin2		0	107
鏉	sau3		0	205
鏊	ngou4	ngou6	1	142
鏋	mun5		0	144
鏌	mok6		0	141
鏍	lo4		0	142
鏎	bat1		0	152
鏏	seoi6	wai6	1	150
鏐	lau4		0	144
鏑	dik1	dik6	1	142
鏒	saam2	sam3	1	148
鏓	cung1		0	146
鏔	ji4		0	151
鏕	luk6	ou1	1	150
鏖	ngou4	ou1	0	143
鏗	hang1		0	143
鏘	coeng1		0	145
鏙	ceoi1		0	149
鏚	cik1		0	143
鏛	soeng4		0	144
鏜	tong1	tong4	1	141
鏝	maan4	maan6	1	143
鏞	jung4		0	139
鏟	caan2		0	114
鏠	fung1		0	148
鏡	geng3		0	98
鏢	biu1		0	111
鏣	syu3		0	148
鏤	lau6		0	153
鏥	sau3		0	149
鏦	cung1		0	198
鏧	lung4		0	150
鏨	zaam6		0	141
鏩	zim6		0	150
鏪	cou4		0	149
鏫	lei4		0	150
鏬	laa3		0	150
鏭	sik1		0	148
鏮	hong1	kong3	1	148
鏯	song2		0	205
鏰	bang1		0	143
鏱	gam2		0	205
鏲	cim1		0	205
鏳	caang4		0	150
鏴	lou6		0	145
鏵	waa4	waa1	0	141
鏶	cip3	zaap6	1	145
鏷	buk6	pok3	1	146
鏸	jeoi6	wai6 seoi6	1	144
鏹	koeng5		0	143
鏺	put3		0	205
鏻	leon4		0	146
鏼	suk1		0	153
鏽	sau3		0	131
鏾	sin3		0	145
鏿	caang1		0	150
鐀	gwai6		0	151
鐁	si1		0	147
鐂	lau4	lau6	1	151
鐃	naau4	naau6	1	143
鐄	wong4		0	148
鐅	pit3		0	152
鐆	seoi6		0	150
鐇	faan4		0	147
鐈	kiu4		0	146
鐉	cyun4		0	173
鐊	joeng4		0	148
鐋	tong1	tong3 tong2	1	147
鐌	zoeng6		0	145
鐍	kyut3		0	194
鐎	ciu4	ziu1	1	172
鐏	zeon1	zyun3	1	178
鐐	liu4		0	139
鐑	kit3		0	144
鐒	lou4		0	144
鐓	deoi6	deon1	1	143
鐔	cam4	taam4 jam4	1	143
鐕	zaam1		0	147
鐖	gei1		0	143
鐗	gaan2		0	140
鐘	zung1		0	97
鐙	dang1	dang3	1	142
鐚	aa1		0	145
鐛	jing2		0	148
鐜	deoi6		0	143
鐝	kyut3		0	205
鐞	lau6	nau6	1	144
鐟	zaam1		0	145
鐠	pou2		0	143
鐡	tit3		0	136
鐢	faan4		0	205
鐣	zoeng2		0	205
鐤	ding2		0	205
鐥	sin3		0	186
鐦	hoi1		0	142
鐧	gaan2	gaan3	1	146
鐨	fai3		0	141
鐩	seoi6		0	143
鐪	lou5		0	143
鐫	syun6	zyun1 zeon3 zeon1	1	141
鐬	wai3		0	148
鐭	juk1	ou3	1	144
鐮	lim4		0	134
鐯	zoek3	zoek6	1	205
鐰	ciu1	cou3 cou4	1	148
鐱	cim1	gim6	1	149
鐲	zuk6	zuk1	0	141
鐳	leoi4		0	138
鐴	bik1		0	146
鐵	tit3		0	90
鐶	waan4		0	146
鐷	jip6		0	146
鐸	dok6	nok6	0	104
鐹	gwo1	gwo2 gwo3	1	142
鐺	dong1	caang1 cing1 tong1	0	136
鐻	geoi3	geoi6 keoi4 geoi4	1	147
鐼	ban1	fan4 fan3	1	149
鐽	daat6		0	146
鐾	bai3		0	142
鐿	ji3		0	142
鑀	oi3		0	142
鑁	zung1		0	148
鑂	fan3		0	150
鑃	diu6		0	150
鑄	zyu3		0	129
鑅	waang4		0	150
鑆	zeoi6		0	151
鑇	zai1		0	153
鑈	nai5	nip6	1	149
鑉	hap6	taap3	1	151
鑊	wok6		0	109
鑋	hing1		0	148
鑌	ban1		0	142
鑍	jing1		0	151
鑎	gwai6		0	153
鑏	ning4		0	148
鑐	jau4	seoi1	1	148
鑑	gaam3		0	119
鑒	gaam3		0	153
鑓	hin2		0	150
鑔	caa2		0	143
鑕	zat1		0	148
鑖	mit6		0	149
鑗	lei4		0	147
鑘	leoi4		0	151
鑙	kai1		0	152
鑚	zyun1	zyun3	1	146
鑛	gwong3		0	147
鑜	soeng2		0	149
鑝	pung4		0	151
鑞	laap6		0	146
鑟	duk6		0	150
鑠	soek3		0	141
鑡	cuk1		0	153
鑢	leoi6		0	148
鑣	biu1		0	139
鑤	paau4		0	194
鑥	lou5		0	144
鑦	jin4		0	205
鑧	jin6		0	205
鑨	lung4		0	147
鑩	ngok6		0	149
鑪	lou4		0	194
鑫	jam1		0	127
鑬	gaam3		0	152
鑭	laan4		0	142
鑮	bok3	bok6	1	149
鑯	cim1	zim1	1	147
鑰	joek6		0	139
鑱	caam4		0	146
鑲	soeng1		0	131
鑳	gin6		0	143
鑴	kwai4		0	145
鑵	gun3		0	161
鑶	cong4		0	146
鑷	nip6		0	142
鑸	leoi5		0	145
鑹	cyun1		0	146
鑺	keoi4		0	143
鑻	paan3		0	144
鑼	lo4		0	124
鑽	zyun3	zyun1	0	110
鑾	lyun4		0	131
鑿	zok6		0	118
钀	jit6	ngai5	1	144
钁	fok3	kyut3 gwok3	1	145
钂	tong2		0	147
钃	suk6		0	146
钄	laan4		0	147
钆	gaa1	gaat3	1	205
钇	jyut6	jyut3	1	205
针	zam1		0	205
钉	ding1	deng1	1	205
钊	ciu1		0	205
钋	pok3	puk3	1	205
钌	liu5	liu6	1	205
钍	tou2		0	205
钎	cin1		0	205
钏	cyun3	cyun1	1	205
钐	saam1	saam3 sin3	1	205
钑	zaap6	saap3 kap1	1	205
钒	faan4		0	205
钓	diu3		0	205
钔	mun4		0	205
钕	neoi5	leoi5 neoi4 leoi4	1	205
钖	joeng4		0	205
钗	caai1		0	205
钘	jing4	gin1	1	205
钙	koi3		0	205
钚	bat1		0	205
钛	taai3		0	205
钜	geoi6		0	205
钝	deon6		0	205
钞	caau1		0	205
钟	zung1		0	205
钠	naap6	laap6	1	205
钡	bui3		0	205
钢	gong3	gong1	1	205
钣	baan2		0	205
钤	kim4		0	205
钥	joek6	jyut6	1	205
钦	jam1		0	205
钧	gwan1	kwan1	1	205
钨	wu1		0	205
钩	ngau1	au1	1	205
钪	kong3		0	205
钫	fong1		0	205
钬	fo2		0	205
钭	dau2		0	205
钮	nau2	lau2	1	205
钯	baa2	paa4	1	205
钰	juk6		0	205
钱	cin4	cin2 zin2	1	205
钲	zing1	zing3	1	205
钳	kim4	kim2	1	205
钴	gu2	gwu2 gu1 gwu1	1	205
钵	but3		0	205
钶	ko1		0	205
钷	po2		0	205
钸	bou1		0	205
钹	bat6	but6	1	205
钺	jyut6		0	205
钻	zyun3	zyun2 zyun1 cim1	1	205
钼	muk6		0	205
钽	taan2	daan3	1	205
钾	gaap3		0	205
钿	tin4	din6	1	205
铀	jau4	jau2	1	205
铁	tit3		0	205
铂	bok6		0	205
铃	ling4	ling1 ling2	1	205
铄	soek3		0	205
铅	jyun4		0	205
铆	maau5		0	205
铇	paau4		0	205
铈	si5		0	205
铉	jyun5		0	205
铊	taa1	to4 to2 si1 se4	1	205
铋	bei3	bit1	1	205
铌	nei4	lei4 nei6 lei6	1	205
铍	pei4	pei1	1	205
铎	dok6		0	205
铏	jing4		0	205
铐	kaau3	kau3	1	205
铑	lou5		0	205
铒	ji5		0	205
铓	mong4		0	205
铔	aa1	ngaa1	1	205
铕	jau5		0	205
铖	sing4		0	205
铗	gaap3		0	205
铘	je4		0	205
铙	naau4	laau4	1	205
铚	zat6		0	205
铛	dong1	caang1	1	205
铜	tung4		0	205
铝	leoi5		0	205
铞	diu3		0	205
铟	jan1		0	205
铠	hoi2		0	205
铡	zaap6	zaat3	1	205
铢	zyu1		0	205
铣	sin2		0	205
铤	ding3	ding6 ting5	1	205
铥	diu1		0	205
铦	cim1		0	205
铧	waa4		0	205
铨	cyun4		0	205
铩	saat3		0	205
铪	haa1	hap6 hap1 gaap3	1	205
铫	diu6	jiu4 tiu4	1	205
铬	lok3	gok3 lok6	1	205
铭	ming4	ming2 ming5	1	205
铮	zang1	zaang1	1	205
铯	sik1		0	205
铰	gaau2	gaau3	1	205
铱	ji1		0	205
铲	caan2		0	205
铳	cung3		0	205
铴	tong1	tong3 tong2	1	205
铵	on1	ngon1 on2 ngon2	1	205
银	ngan4	an4 ngan2 an2	1	205
铷	jyu4	jyu6	1	205
铸	zyu3		0	205
铹	lou4		0	205
铺	pou1	pou3 pou2	1	205
铻	jyu5	ng4 m4	1	205
铼	loi4		0	205
铽	tik1		0	205
链	lin6	lin2	1	205
铿	hang1		0	205
销	siu1		0	205
锁	so2		0	205
锂	lei5		0	205
锃	caang3	cang3	1	205
锄	co4		0	205
锅	wo1		0	205
锆	gou3		0	205
锇	ngo4	o4	1	205
锈	sau3		0	205
锉	co3	co2	1	205
锊	lyut3		0	205
锋	fung1		0	205
锌	san1		0	205
锍	lau5		0	205
锎	hoi1		0	205
锏	gaan2	gaan3	1	205
锐	jeoi6		0	205
锑	tai1		0	205
锒	long4		0	205
锓	cim1		0	205
锔	guk1	guk6	1	205
锕	aa3	ngaa3 aa1 ngaa1 o1 ngo1	1	205
锖	coeng1		0	205
锗	ze2		0	205
锘	nok6	lok6	1	205
错	co3	cok3 cou3	1	205
锚	naau4	laau4 maau4	1	205
锛	ban1		0	205
锜	kei4		0	205
锝	dak1		0	205
锞	gwo2	go2 fo3	1	205
锟	kwan1		0	205
锠	coeng1		0	205
锡	sek3	sik3	1	205
锢	gu3	gwu3	1	205
锣	lo4	lo2	1	205
锤	ceoi4	ceoi2	1	205
锥	zeoi1		0	205
锦	gam2		0	205
锧	zat1		0	205
锨	him1	hin1	1	205
锩	gyun2		0	205
锪	fat1	kut3 kwut3	1	205
锫	pui4		0	205
锬	taam4	cim1	1	205
锭	ding3	ding6	1	205
键	gin6		0	205
锯	geoi3	goe3 guk1	1	205
锰	maang5		0	205
锱	zi1		0	205
锲	kit3		0	205
锳	joeng1		0	205
锴	kaai2	gaai1	1	205
锵	coeng1		0	205
锶	si1		0	205
锷	ngok6	ok6	1	205
锸	caap3		0	205
锹	ciu1		0	205
锺	zung1		0	205
锻	dyun3		0	205
锼	sau1	sau2	1	205
锽	wong4		0	205
锾	waan4	wun4	1	205
锿	oi1	ngoi1	1	205
镀	dou6		0	205
镁	mei5		0	205
镂	lau6		0	205
镃	zi1		0	205
镄	fai3		0	205
镅	mei4		0	205
镆	mok6		0	205
镇	zan3		0	205
镈	bok3		0	205
镉	gaak3	lik6	1	205
镊	nip6	lip6	1	205
镋	tong2		0	205
镌	zyun1	zeon3	1	205
镍	nip1	lip1 nip6 lip6	1	205
镎	naa4	laa4	1	205
镏	lau4	lau6	1	205
镐	gou2	hou6	1	205
镑	bong6	bong2	1	205
镒	jat6		0	205
镓	gaa1		0	205
镔	ban1		0	205
镕	jung4		0	205
镖	biu1		0	205
镗	tong1	tong4	1	205
镘	maan6		0	205
镙	lo4		0	205
镚	bang1		0	205
镛	jung4		0	205
镜	geng3	geng2	1	205
镝	dik1	dik6	1	205
镞	zuk6		0	205
镟	syun4	syun6	1	205
镠	lau4		0	205
镡	taam4	cam4	1	205
镢	kyut3		0	205
镣	liu4		0	205
镤	pok3	buk6	1	205
镥	lou5		0	205
镦	deoi6	deoi1 deon1	1	205
镧	laan4		0	205
镨	pou2		0	205
镩	cyun1		0	205
镪	koeng5		0	205
镫	dang3	dang1	1	205
镬	wok6	wok2	1	205
镭	leoi4		0	205
镮	waan4		0	205
镯	zuk6		0	205
镰	lim4		0	205
镱	ji3		0	205
镲	caa2		0	205
镳	biu1		0	205
镴	laap6		0	205
镵	caam4		0	205
镶	soeng1		0	205
長	coeng4	zoeng2	1	78
镸	coeng4		0	146
镹	gau2		0	145
镺	ou2		0	151
镻	dit6		0	149
镼	gwat6	wat1	1	148
镽	liu4	liu5	1	152
镾	nei4		0	150
长	coeng4	coeng1 coeng2 zoeng6 zoeng2	1	205
門	mun4		0	78
閁	maat3		0	144
閂	saan1		0	96
閃	sim2		0	97
閄	wik6		0	145
閅	mun4		0	142
閆	jim4		0	133
閇	bai3		0	146
閈	hon6		0	147
閉	bai3		0	106
閊	saan1		0	146
開	hoi1		0	71
閌	kong3		0	141
閍	paang1		0	205
閎	wang4		0	141
閏	jeon6		0	136
閐	sam3		0	205
閑	haan4		0	134
閒	haan4		0	111
間	gaan1	gaan3 haan4	1	74
閔	man5		0	124
閕	haa1	ngaa6	1	152
閖	seoi2		0	145
閗	dau3		0	205
閘	zaap6		0	121
閙	naau6		0	142
閚	zaam1		0	149
閛	ping1		0	150
閜	haa1	ho2	1	148
閝	ling4		0	150
閞	bin6	faan6	1	142
閟	bei3		0	145
閠	jeon6		0	148
閡	goi1	hat6 ngoi6	1	159
関	gwaan1		0	140
閣	gok3		0	117
閤	gap3	gok3 hap6	1	128
閥	fat6		0	132
閦	cuk1		0	145
閧	hung6		0	148
閨	gwai1		0	137
閩	man5	man4	0	126
閪	hai1		0	205
閫	kwan2		0	141
閬	long6	long5	0	141
閭	leoi4	leoi5	0	140
閮	ting4	ting5	1	143
閯	saa3		0	149
閰	guk1		0	144
閱	jyut6		0	123
閲	jyut6		0	128
閳	zin2		0	148
閴	gwik1		0	149
閵	leon6		0	148
閶	coeng1		0	142
閷	saai3	saat3	1	147
閸	kwan2		0	146
閹	jim1		0	125
閺	man4		0	144
閻	jim4		0	120
閼	aat3	jin1	1	142
閽	fan1		0	142
閾	wik6	kwik1	0	141
閿	man4		0	141
闀	hung6		0	144
闁	bou1		0	145
闂	hung3		0	143
闃	gwik1	kwik1	1	141
闄	jiu2		0	143
闅	man4		0	144
闆	baan2		0	100
闇	am1	am2 am3	1	138
闈	wai4		0	141
闉	jan1		0	146
闊	fut3		0	107
闋	kyut3		0	140
闌	laan4		0	141
闍	dou1	se4 ze1	0	160
闎	cyun4		0	205
闏	fung1		0	205
闐	tin4		0	142
闑	jit6		0	150
闒	daap6	taap3	1	148
闓	hoi1	hoi2	1	160
闔	hap6		0	136
闕	kyut3		0	128
闖	cong2	cam3 cong3	0	107
闗	gwaan1		0	145
闘	dau3		0	142
闙	kai2		0	150
闚	kwai1		0	148
闛	coeng1	tong1 tong4	1	148
關	gwaan1		0	87
闝	piu4		0	153
闞	haam2	ham3 haam3 ham6	1	139
闟	hap1	kap1 taap3 jap1	1	148
闠	gwai6	kui2 wui6	1	147
闡	zin2	cin2 sin6	0	140
闢	pik1		0	122
闣	dong3	tong1	1	148
闤	waan4		0	147
闥	taat3	tip3	0	141
闦	ngan4		0	205
闧	jyun5		0	205
门	mun4	mun2	1	205
闩	saan1		0	205
闪	sim2		0	205
闫	jim4		0	205
闬	hon6		0	205
闭	bai3		0	205
问	man6		0	205
闯	cong2		0	205
闰	jeon6		0	205
闱	wai4		0	205
闲	haan4	haan2	1	205
闳	wang4		0	205
间	gaan1	gaan3	1	205
闵	man5		0	205
闶	kong3		0	205
闷	mun6		0	205
闸	zaap6		0	205
闹	naau6	laau6	1	205
闺	gwai1		0	205
闻	man4	man2 man6	1	205
闼	taat3		0	205
闽	man5		0	205
闾	leoi4	leoi5	1	205
闿	hoi2		0	205
阀	fat6		0	205
阁	gok3	gok2	1	205
阂	hat6	goi1 ngoi6 oi6	1	205
阃	kwan2		0	205
阄	gau1		0	205
阅	jyut6		0	205
阆	long6	long4 long5	1	205
阇	dou1	se4 ze1	1	205
阈	wik6		0	205
阉	jim1		0	205
阊	coeng1		0	205
阋	jik1		0	205
阌	man4		0	205
阍	fan1		0	205
阎	jim4		0	205
阏	aat3	ngaat3 aat1 ngaat1 jin1	1	205
阐	zin2	cin2 sin6	1	205
阑	laan4		0	205
阒	gwik1		0	205
阓	kui2	kwui2 gwai6	1	205
阔	fut3		0	205
阕	kyut3		0	205
阖	hap6		0	205
阗	tin4		0	205
阘	taap3	daap6	1	205
阙	kyut3	gwat6	1	205
阚	ham3	haam3 haam2	1	205
阛	waan4		0	205
阜	fau6		0	144
阞	lak6		0	148
队	deoi6	deoi2 zeoi6	1	194
阠	can2	seon3 san1	1	150
阡	cin1		0	142
阢	ngat6		0	146
阣	goi3	ngat6	1	144
阤	ji5	zi6 to4	1	148
阥	jam1		0	151
阦	joeng4		0	153
阧	dau2		0	149
阨	aai3	ak1 aak1	1	145
阩	sing1		0	149
阪	baan2	faan2 baan6	0	137
阫	pei1	pui4	1	150
阬	gon1	gong1 haang1 kong3	1	146
阭	jin5	wan5	1	148
阮	jyun2	jyun5	0	113
阯	zi2		0	144
阰	pei4		0	148
阱	zeng2	zing6 zeng6	1	140
防	fong4		0	106
阳	joeng4	joeng2	1	205
阴	jam1	jam3 am1 ngam1	1	205
阵	zan6	zan2	1	205
阶	gaai1		0	205
阷	cing1		0	150
阸	aai3	ak1 aak1 ai3	1	149
阹	keoi1		0	147
阺	dai2		0	149
阻	zo2		0	102
阼	zou6		0	144
阽	dim3	jim4	1	146
阾	ling5		0	148
阿	aa3	o1	1	72
陀	to4		0	111
陁	to4		0	147
陂	bei1	po1 pei4 bei3 bo1	0	138
陃	bing2		0	149
附	fu6		0	122
际	zai3		0	205
陆	luk6		0	205
陇	lung5		0	205
陈	can4	can2 zan6	1	205
陉	jing4	ging3	1	205
陊	do6		0	145
陋	lau6		0	137
陌	mak6	maak6	0	131
降	gong3	hong4	1	101
陎	syu4		0	150
陏	do6		0	198
限	haan6		0	112
陑	ji4		0	146
陒	gwai2		0	150
陓	jyu1	wu1	1	148
陔	goi1		0	142
陕	sim2		0	205
陖	zeon3		0	150
陗	ciu3		0	149
陘	jing4		0	143
陙	seon4		0	150
陚	fu3		0	151
陛	bai6		0	136
陜	gip6	haap6	1	144
陝	sim2		0	132
陞	sing1		0	131
陟	zik1		0	142
陠	pou1		0	150
陡	dau2		0	134
院	jyun2	jyun6	0	98
陣	zan6		0	76
除	ceoi4		0	82
陥	haam6		0	145
陦	dou2		0	151
陧	nip6	lip6 nit6 lit6	1	205
陨	wan5	jyun4	1	205
险	him2		0	205
陪	pui4		0	86
陫	fei2		0	149
陬	zau1		0	143
陭	ji2	kei1	1	150
陮	deoi6		0	149
陯	leon4	leon6	1	149
陰	jam1		0	97
陱	guk1		0	153
陲	seoi4		0	159
陳	can4	zan6	0	81
陴	pei4		0	144
陵	ling4		0	113
陶	tou4	jiu4	0	106
陷	ham6	haam6	0	117
陸	luk6		0	94
陹	sing1		0	147
険	him2		0	143
陻	jan1		0	146
陼	zyu2		0	148
陽	joeng4		0	92
陾	jing4		0	148
陿	haap6	hap6	1	147
隀	cung4		0	151
隁	jin2		0	154
隂	jam1		0	143
隃	jyu4		0	148
隄	tai4		0	198
隅	jyu4	jyu6	0	138
隆	lung4	naam4	0	115
隇	wai1		0	150
隈	wui1		0	143
隉	jit6	nip6	1	145
隊	deoi6	deoi2 zeoi6	0	92
隋	ceoi4	do6	0	129
隌	am2		0	147
隍	wong4		0	135
階	gaai1		0	124
随	ceoi4		0	205
隐	jan2		0	205
隑	goi1	kei4	1	150
隒	jim2		0	160
隓	fai1	to5	1	149
隔	gaak3		0	98
隕	wan5	jyun4	0	137
隖	wu2		0	149
隗	kwai4	ngai5 wai5 ngai4	1	142
隘	aai3	ai3 ak1	0	157
隙	kwik1	gwik1	0	135
隚	tong4		0	148
際	zai3		0	123
障	zoeng3		0	130
隝	dou2		0	149
隞	ngou4		0	148
隟	gwik1	kwik1	1	150
隠	jan2		0	149
隡	saat3		0	149
隢	jiu5		0	147
隣	leon4		0	160
隤	teoi4		0	151
隥	dang3		0	148
隦	pei4		0	151
隧	seoi6	zeoi6	0	136
隨	ceoi4		0	104
隩	juk1	ou3	1	144
險	him2		0	110
隫	fan4		0	148
隬	nei5		0	144
隭	ji4		0	151
隮	zai1		0	148
隯	dou2		0	152
隰	zaap6		0	143
隱	jan2		0	106
隲	zat1		0	149
隳	fai1	fui1	1	142
隴	lung5		0	132
隵	hei1		0	149
隶	dai6	doi6	1	148
隷	dai6		0	145
隸	dai6	doi6 lai6	0	137
隹	zeoi1		0	141
隺	hok6		0	149
隻	zek3		0	67
隼	zeon2		0	139
隽	syun5	zeon3	1	159
难	naan4	laan4 naan6 laan6 no4 lo4	1	205
隿	jik6		0	150
雀	zoek3	zoek2	0	112
雁	ngaan6		0	122
雂	kam4		0	151
雃	hin1		0	149
雄	hung4		0	100
雅	ngaa5	aa1 ngaa1	0	101
集	zaap6		0	90
雇	gu3		0	140
雈	wun4		0	152
雉	zi6		0	138
雊	gau3		0	147
雋	zeon3	syun5 cyun5	0	135
雌	ci1		0	137
雍	jung1	jung3	0	117
雎	zeoi1		0	141
雏	co1	co4	1	205
雐	fu1		0	150
雑	zaap6		0	147
雒	lok3		0	140
雓	jyu4		0	153
雔	cau4	sau4	1	148
雕	diu1	tiu1	0	110
雖	seoi1		0	113
雗	hon6		0	149
雘	wok3		0	146
雙	soeng1		0	86
雚	fun2	gun3 wun4	1	147
雛	co1	co4	0	149
雜	zaap6		0	112
雝	jung1		0	147
雞	gai1		0	89
雟	kwai1	sai1 seoi2 seoi5	1	149
雠	cau4	sau4	1	205
雡	lau6		0	152
離	lei4	lei6	0	87
難	naan4	naan6 no4	1	84
雤	hok6		0	149
雥	zaap6		0	148
雦	zaap6		0	148
雧	zaap6		0	148
雨	jyu5	jyu6	0	91
雩	jyu4		0	142
雪	syut3		0	93
雫	lo5	no5	1	143
雬	fau2		0	152
雭	saap3		0	148
雮	muk6		0	144
雯	man4		0	121
雰	fan1		0	145
雱	pong1	pong4	1	144
雲	wan4		0	84
雳	lik1	lik6	1	205
雴	cap1		0	148
雵	joeng1		0	152
零	ling4		0	81
雷	leoi4		0	95
雸	ngam4		0	146
雹	bok6	bok3	0	140
雺	mung4		0	149
電	din6		0	96
雼	dong6		0	145
雽	fu1	wu6	1	148
雾	mou6		0	205
雿	diu6	zaak6	1	146
需	seoi1		0	107
霁	zai3		0	205
霂	muk6		0	144
霃	cam4	muk6	1	145
霄	siu1		0	127
霅	saap3	zip3 sip3 zaap6	1	146
霆	ting4		0	125
震	zan3		0	94
霈	pui3		0	141
霉	mui4	mei4	0	136
霊	ling4		0	143
霋	cai1		0	150
霌	zau1		0	146
霍	fok3		0	101
霎	saap3		0	136
霏	fei1		0	147
霐	wang4		0	148
霑	zim1		0	141
霒	jam1		0	147
霓	ngai4		0	148
霔	zyu3		0	150
霕	tyun4		0	148
霖	lam4		0	117
霗	ling4		0	145
霘	dung6		0	149
霙	jing1		0	145
霚	mou6		0	147
霛	ling4		0	145
霜	soeng1		0	122
霝	ling4		0	147
霞	haa4		0	111
霟	hung4		0	148
霠	jam1		0	148
霡	mak6		0	205
霢	maak6	mak6	1	146
霣	wan5		0	148
霤	lau6		0	153
霥	mung6		0	148
霦	ban1		0	147
霧	mou6		0	107
霨	wai3		0	147
霩	gwok3	kwok3	1	149
霪	jam4		0	144
霫	zaap6	zap6	1	147
霬	jik6		0	148
霭	oi2	ngoi2	1	205
霮	daam6		0	150
霯	dang6		0	151
霰	sin3		0	141
霱	wat6		0	148
露	lou6	lau6	0	98
霳	lung4		0	148
霴	doi6		0	150
霵	zap1		0	151
霶	pong4		0	151
霷	joeng4		0	152
霸	baa3		0	105
霹	pik1		0	139
霺	mei4		0	145
霻	fung1		0	205
霼	hei3		0	152
霽	zai3	cai4	0	137
霾	maai4	mai4 lei4	0	142
霿	mung6		0	148
靀	mung4		0	150
靁	leoi4		0	146
靂	lik1	lik6	0	140
靃	fok3	seoi5 seoi2	1	147
靄	oi2		0	139
靅	fai3		0	149
靆	doi6		0	147
靇	ling4	lung4	1	145
靈	ling4	leng4	0	92
靉	oi2	oi3	0	143
靊	fung1		0	149
靋	lik6		0	150
靌	bou2		0	205
靍	fok3		0	150
靎	kam4		0	205
靏	hok6		0	150
靐	bang6		0	145
靑	ceng1	cing1	1	142
青	cing1	ceng1	1	89
靓	leng3	leng1 zing6	1	205
靔	tin1		0	181
靕	zan1		0	153
靖	zing6		0	102
靗	cang1		0	152
靘	cing1	cing3	1	147
静	zing6		0	205
靚	leng3	zing6	0	80
靛	din6		0	139
靜	zing6		0	96
靝	tin1		0	150
非	fei1		0	96
靟	fei1		0	151
靠	kaau3		0	91
靡	mei4	mei5	0	155
面	min6	min2	0	77
靣	min6		0	143
靤	paau3		0	145
靥	jip3	jim2	1	205
靦	din2	tin2 min5	1	143
靧	fui3		0	149
靨	jim2	jip3 jip6	0	141
革	gaak3		0	128
靪	ding1		0	150
靫	caa1	caai1	1	148
靬	gin1		0	145
靭	jan6		0	148
靮	dik1		0	147
靯	dou6		0	148
靰	wu1		0	146
靱	jan6	ngan6	1	147
靲	kam4		0	152
靳	gan3		0	136
靴	hoe1		0	123
靵	lau2	nau2	1	151
靶	baa2	baa3	0	133
靷	jan5		0	145
靸	cap1	saap3 taat3	1	146
靹	noi6		0	146
靺	mut6	maat6	0	144
靻	zou2		0	147
靼	daat3		0	142
靽	bun3	bun6	1	148
靾	jai6	sit3	1	147
靿	aau2	aau3	1	147
鞀	tou4		0	142
鞁	bei6	pei5	1	146
鞂	gaai1		0	151
鞃	wang4		0	151
鞄	baau6	pok3 paau4	1	146
鞅	joeng1	joeng2 joeng3	0	128
鞆	bing2		0	150
鞇	jan1		0	151
鞈	gaap3		0	149
鞉	tou4		0	149
鞊	kit3		0	151
鞋	haai4		0	91
鞌	on1		0	148
鞍	on1		0	130
鞎	han4		0	144
鞏	gung2		0	132
鞐	lung6		0	145
鞑	taat3	daat3	1	205
鞒	kiu4		0	205
鞓	ting1		0	146
鞔	mun4	mun6	1	142
鞕	ngaang6		0	146
鞖	seoi1		0	145
鞗	tiu4		0	146
鞘	ciu3	saau1	0	122
鞙	gyun1	jyun5	1	147
鞚	hung3		0	144
鞛	bung2		0	145
鞜	daap6		0	149
鞝	soeng5	zoeng2	1	141
鞞	bei2	bing2 pei4	1	143
鞟	kwok3		0	148
鞠	guk1		0	127
鞡	laa1	laai1	1	145
鞢	sip3	zaap6	1	147
鞣	jau4		0	142
鞤	bong1		0	144
鞥	ang1		0	140
鞦	cau1		0	160
鞧	cau1		0	148
鞨	hot3	maat3 hot6	0	144
鞩	ciu3		0	152
鞪	mau4	mou6	1	152
鞫	guk1		0	142
鞬	gin1		0	146
鞭	bin1		0	108
鞮	dai1		0	144
鞯	zin1		0	205
鞰	wan3		0	149
鞱	tou1		0	152
鞲	gau1	kau1	1	205
鞳	daap6	taap3	1	147
鞴	bei6		0	142
鞵	haai4		0	147
鞶	pun4		0	146
鞷	gaak3	lik6	1	150
鞸	bat1	bei2	1	149
鞹	kwok3		0	150
鞺	tong1		0	149
鞻	lau4		0	150
鞼	gwai6		0	150
鞽	kiu4		0	142
鞾	hoe1		0	150
鞿	gei1		0	148
韀	zin1		0	149
韁	goeng1		0	145
韂	cim3		0	145
韃	taat3	daat3	0	139
韄	waak6	wu6	1	151
韅	hin2		0	149
韆	cin1		0	159
韇	duk6		0	151
韈	maat6	mat6	1	148
韉	zin1		0	141
韊	laan4		0	151
韋	wai5	wai4	0	97
韌	jan6	ngan6	0	129
韍	fat1		0	148
韎	mui6	mut6	1	147
韏	gyun3	hyun3	1	149
韐	gaap3		0	148
韑	wai5		0	152
韒	ciu3		0	150
韓	hon4		0	92
韔	coeng3		0	146
韕	tou4		0	152
韖	jau5		0	149
韗	wan6		0	152
韘	sip3		0	147
韙	wai5		0	142
韚	gaak3		0	152
韛	bai6		0	149
韜	tou1		0	134
韝	gau1	kau1	1	142
韞	wan3	wan2	0	123
韟	gou1		0	151
韠	bat1		0	148
韡	wai5		0	144
韢	ceoi3		0	148
韣	duk6		0	147
韤	maat6	mat6	1	151
韥	duk6		0	148
韦	wai4	wai5	1	205
韧	jan6	ngan6 an6 ngan1 an1	1	205
韨	fat1		0	205
韩	hon4		0	205
韪	wai5		0	205
韫	wan3		0	205
韬	tou1		0	205
韭	gau2		0	140
韮	gau2		0	145
韯	cim1		0	149
韰	haai6		0	149
韱	cim1		0	148
韲	zai1		0	152
音	jam1		0	94
韴	zaap6		0	152
韵	wan6		0	143
韶	siu4		0	130
韷	lyut3		0	151
韸	pung4		0	152
韹	jing1	wong4 waang4	1	148
韺	jing1		0	148
韻	wan5	wan6 wan2	0	106
韼	pung4		0	151
韽	am1		0	148
韾	jam1		0	148
響	hoeng2		0	82
頀	wu6		0	149
頁	jip6		0	108
頂	ding2	deng2	1	89
頃	king2	king1	0	129
頄	kau4	kwai4	1	146
項	hong6		0	92
順	seon6		0	99
頇	hon1	hon4	1	145
須	seoi1		0	114
頉	ji4		0	147
頊	juk1		0	142
頋	gu3		0	145
頌	zung6	jung4	0	121
頍	kwai2		0	148
頎	kei4		0	141
頏	hong4	kong3	0	146
預	jyu6		0	108
頑	waan4		0	132
頒	baan1	paan1 fan4	0	130
頓	deon6	duk6	0	109
頔	dik6		0	144
頕	daam1		0	151
頖	pun3		0	143
頗	po2	po1	0	118
領	ling5	leng5 leng2	1	96
頙	caak3		0	149
頚	geng2		0	148
頛	leoi5		0	150
頜	hap6	gap3	0	139
頝	haau1		0	152
頞	aat3		0	146
頟	ngaak6		0	147
頠	ngai5		0	145
頡	kit3	git3	0	139
頢	kut3		0	150
頣	can2		0	146
頤	ji4		0	141
頥	ji4		0	149
頦	goi2	hoi4 hoi5	1	141
頧	deoi1	deoi2 deoi6	1	152
頨	jyu5	pin3	1	149
頩	ping1		0	145
頪	loi6		0	149
頫	fu2	tiu3	1	142
頬	gaap3		0	145
頭	tau4		0	74
頮	fui3		0	149
頯	kwai4		0	151
頰	gaap3	haap3	0	126
頱	lyut3		0	152
頲	ting2	ting5	1	145
頳	cing1		0	149
頴	wing6		0	146
頵	gwan1	wan1	1	146
頶	huk6		0	153
頷	ham5		0	142
頸	geng2		0	98
頹	teoi4		0	117
頺	teoi4		0	147
頻	pan4		0	123
頼	laai6		0	143
頽	teoi4		0	198
頾	zi1		0	151
頿	zi1		0	151
顀	ceoi4		0	149
顁	ding2	ding3	1	143
顂	laai4	laai6	1	147
顃	taam4		0	198
顄	ham5		0	150
顅	haan1		0	151
顆	fo2	fo3	0	115
顇	seoi5	seoi6	1	150
顈	gwing2		0	149
顉	ham6	jam1	1	150
顊	ji4		0	152
顋	soi1		0	151
題	tai4		0	108
額	ngaak6		0	110
顎	ngok6		0	147
顏	ngaan4		0	107
顐	wan6		0	150
顑	ham2		0	148
顒	jung4		0	141
顓	zyun1		0	141
顔	ngaan4		0	179
顕	hin2		0	145
顖	seon3		0	149
顗	ngai5		0	143
願	jyun6		0	100
顙	song2		0	142
顚	din1		0	146
顛	din1		0	128
顜	gong2		0	147
顝	fui1		0	151
類	leoi6		0	100
顟	liu4		0	151
顠	piu5		0	146
顡	wui6		0	149
顢	mun1	mun4	1	145
顣	cuk1	zuk1	1	148
顤	jiu4	kiu4	1	149
顥	hou6		0	141
顦	ciu4		0	149
顧	gu3		0	103
顨	seon3		0	151
顩	jim5		0	149
顪	fui3		0	151
顫	zin3		0	130
顬	jyu4		0	148
顭	mang6		0	147
顮	ban1		0	150
顯	hin2		0	111
顰	pan4		0	138
顱	lou4		0	137
顲	lam5		0	150
顳	nip6	jip6	0	140
顴	kyun4		0	141
页	jip6		0	205
顶	ding2	deng2	1	205
顷	king2	king1	1	205
顸	hon1		0	205
项	hong6	hong2	1	205
顺	seon6	seon2	1	205
须	seoi1	sou1	1	205
顼	juk1		0	205
顽	waan4		0	205
顾	gu3	gwu3	1	205
顿	deon6	deon2 duk6	1	205
颀	kei4		0	205
颁	baan1	paan1	1	205
颂	zung6		0	205
颃	hong4		0	205
预	jyu6		0	205
颅	lou4		0	205
领	ling5	leng5 leng2	1	205
颇	po2	po1	1	205
颈	geng2		0	205
颉	kit3	git3	1	205
颊	gaap3	haap3	1	205
颋	ting5		0	205
颌	hap6	gap3	1	205
颍	wing6		0	205
颎	gwing2	gang2	1	205
颏	hoi4	hoi5	1	205
颐	ji4		0	205
频	pan4	ban1	1	205
颒	fui3		0	205
颓	teoi4		0	205
颔	ham5		0	205
颕	wing6		0	205
颖	wing6		0	205
颗	fo2		0	205
题	tai4	tai2	1	205
颙	jung4		0	205
颚	ngok6	ok6 ngok2 ok2	1	205
颛	zyun1		0	205
颜	ngaan4	aan4	1	205
额	ngaak6	aak6 ngaak2 aak2	1	205
颞	nip6	lip6	1	205
颟	mun4	mun1	1	205
颠	din1		0	205
颡	song2		0	205
颢	hou6		0	205
颣	leoi6		0	205
颤	zin3		0	205
颥	jyu4		0	205
颦	pan4		0	205
颧	kyun4		0	205
風	fung1	fung3	0	86
颩	biu1		0	142
颪	haa6		0	150
颫	fu4		0	151
颬	haa1		0	151
颭	zim2		0	145
颮	biu1	paau4	1	143
颯	saap3		0	138
颰	bat6		0	205
颱	toi4		0	153
颲	lit6		0	147
颳	gwaat3		0	126
颴	syun4		0	205
颵	saau1		0	147
颶	geoi6		0	143
颷	biu1		0	205
颸	ci1	si1	1	145
颹	wai5		0	150
颺	joeng4		0	143
颻	jiu4		0	144
颼	sau1	suk1	0	141
颽	hoi2		0	147
颾	sau1	sou1	1	205
颿	faan4		0	147
飀	lau4		0	146
飁	zaap6		0	149
飂	lau4	liu4 luk6	1	146
飃	piu1		0	144
飄	piu1		0	102
飅	lau4		0	205
飆	biu1		0	111
飇	biu1		0	149
飈	biu1		0	130
飉	liu4		0	150
飊	biu1		0	147
飋	sat1		0	148
飌	fung1		0	149
飍	haau1		0	148
风	fung1	fung3	1	205
飏	joeng4		0	205
飐	zim2		0	205
飑	paau4	biu1	1	205
飒	saap3		0	205
飓	geoi6		0	205
飔	si1		0	205
飕	sau1		0	205
飖	jiu4		0	205
飗	lau4		0	205
飘	piu1		0	205
飙	biu1		0	205
飚	biu1		0	205
飛	fei1		0	80
飜	faan1		0	145
飝	fei1		0	143
飞	fei1		0	205
食	sik6	zi6 ji6	0	65
飡	caan1		0	147
飢	gei1		0	127
飣	ding3		0	147
飤	sik6	zi6	1	205
飥	tok3		0	146
飦	zin1		0	147
飧	syun1		0	141
飨	hoeng2		0	205
飩	tan1	tan4 tyun4	0	142
飪	jam6	jam5 jan5	0	142
飫	jyu3		0	141
飬	gyun3		0	147
飭	cik1	sik1	0	140
飮	jam2	jam3	1	144
飯	faan6		0	88
飰	faan6		0	147
飱	syun1		0	205
飲	jam2		0	75
飳	tau2		0	145
飴	ji4		0	141
飵	zok3	zok6	1	147
飶	bei3	bit6 bit1	1	151
飷	ze2		0	148
飸	tou1		0	150
飹	baau2		0	154
飺	ci1		0	150
飻	tit3		0	152
飼	zi6		0	138
飽	baau2		0	98
飾	sik1		0	128
飿	deot1		0	149
餀	ngaai6		0	146
餁	jam6		0	148
餂	tim2	tim5	1	147
餃	gaau2		0	131
餄	hap6		0	144
餅	beng2		0	104
餆	jiu4		0	149
餇	tung4		0	147
餈	ci4		0	156
餉	hoeng2		0	128
養	joeng5		0	96
餋	gyun3		0	149
餌	nei6		0	139
餍	jim3		0	205
餎	lok3		0	144
餏	si1		0	152
餐	caan1		0	95
餑	but6		0	143
餒	neoi5	noi5	0	140
餓	ngo6		0	102
餔	bou1	bou3	1	191
餕	zeon3		0	147
餖	dau6		0	145
餗	cuk1	suk1	1	194
餘	jyu4		0	101
餙	sik1		0	146
餚	ngaau4		0	139
餛	wan4		0	142
餜	gwo2		0	144
餝	sik1		0	150
餞	zin3	zin6	1	142
餟	zeoi3	zyut3	1	149
餠	beng2	bing2	1	145
餡	haam2	haam6	0	119
餢	bau6		0	150
餣	jip3		0	150
餤	daam6	taam4	1	145
餥	fei1		0	145
餦	zoeng1		0	205
餧	neoi5	noi5 wai3	1	148
館	gun2		0	107
餩	ak1		0	148
餪	nyun5		0	151
餫	wan4	wan6	1	148
餬	wu4		0	152
餭	wong4		0	205
餮	tit3		0	142
餯	fui3		0	152
餰	gin1	zin1	1	154
餱	hau4		0	142
餲	aai3	aat3 ngaat3 hot3	1	148
餳	cing4	tong4	1	141
餴	ban1	fan1	1	152
餵	wai3		0	91
餶	gwat1		0	148
餷	caa4		0	143
餸	sung3		0	117
餹	tong4		0	142
餺	bok3		0	147
餻	gou1		0	146
餼	hei3		0	141
餽	gwai6		0	167
餾	lau6	lau4	0	142
餿	sau1	suk1	0	140
饀	tou4		0	150
饁	jip3	jip6	1	148
饂	wan1		0	147
饃	mo4		0	137
饄	tong4		0	147
饅	maan6	maan4	0	141
饆	bat1		0	150
饇	jyu3		0	152
饈	sau1		0	140
饉	gan2	gan6	0	142
饊	saan2		0	142
饋	gwai6	gwai3 kwai5	0	126
饌	zaan6		0	141
饍	sin6		0	149
饎	ci3		0	149
饏	daam6		0	152
饐	ji3		0	146
饑	gei1		0	137
饒	jiu4		0	126
饓	caang1		0	153
饔	jung1		0	141
饕	tou1		0	140
饖	wai3		0	154
饗	hoeng2		0	144
饘	zin1		0	198
饙	fan1	pan3	1	151
饚	hoi3		0	147
饛	mung4		0	147
饜	jim3	jim1	0	142
饝	mo4		0	150
饞	caam4		0	135
饟	hoeng2		0	162
饠	lo4		0	147
饡	zaan3		0	150
饢	nong4		0	141
饤	ding3		0	205
饥	gei1		0	205
饦	tok3		0	205
饧	cing4	tong4	1	205
饨	tan1	tan4	1	205
饩	hei3		0	205
饪	jam6	jam5	1	205
饫	jyu3		0	205
饬	cik1	sik1	1	205
饭	faan6	faan2	1	205
饮	jam2	jam3	1	205
饯	zin3		0	205
饰	sik1	cik1	1	205
饱	baau2		0	205
饲	zi6		0	205
饳	deot1		0	205
饴	ji4	zi6	1	205
饵	nei6	lei6	1	205
饶	jiu4		0	205
饷	hoeng2		0	205
饸	gaap3	hap6	1	205
饹	lok3		0	205
饺	gaau2		0	205
饻	si1		0	205
饼	beng2	bing2	1	205
饽	but6		0	205
饾	dau6		0	205
饿	ngo6	o6	1	205
馀	jyu4		0	205
馁	neoi5	leoi5 noi5 loi5	1	205
馂	zeon3		0	205
馃	gwo2	go2	1	205
馄	wan4		0	205
馅	haam2	haam6	1	205
馆	gun2	gwun2	1	205
馇	caa4		0	205
馈	gwai6	gwai3	1	205
馉	gwat1		0	205
馊	sau1	suk1	1	205
馋	caam4		0	205
馌	jip3		0	205
馍	mo4		0	205
馎	bok3		0	205
馏	lau6	lau4	1	205
馐	sau1		0	205
馑	gan2		0	205
馒	maan6	maan4	1	205
馓	saan2		0	205
馔	zaan6	syun2	1	205
馕	nong4	long4 nong5 long5	1	205
首	sau2		0	90
馗	kwai4		0	137
馘	gwik1	gwok3	1	143
香	hoeng1		0	86
馚	fan4		0	147
馛	bat6		0	149
馜	nei5		0	148
馝	bit1	bit6	1	147
馞	but6		0	148
馟	tou4		0	153
馠	ham4		0	147
馡	fei1		0	146
馢	zin1		0	150
馣	am1		0	150
馤	oi3		0	151
馥	fuk1	fuk6	0	138
馦	him1		0	150
馧	wan1	wat1	1	150
馨	hing1		0	129
馩	fan4		0	152
馪	pan1		0	150
馫	hing1		0	145
馬	maa5		0	77
馭	jyu6		0	137
馮	fung4		0	103
馯	hon4	hon6	1	152
馰	dik1		0	148
馱	to4	do6 to6	0	134
馲	lok6	tok3	1	150
馳	ci4		0	129
馴	seon4	ceon4	0	137
馵	zyu3		0	149
馶	zi1		0	148
馷	pui3		0	152
馸	jan6		0	149
馹	jat6	jik6	1	143
馺	saap3		0	148
馻	jin5	wan5	1	148
馼	man4		0	144
馽	zap1		0	151
馾	daam3		0	152
馿	lou4		0	144
駀	jau6		0	152
駁	bok3		0	120
駂	bou2		0	150
駃	faai3	kyut3	1	191
駄	to4		0	149
駅	jik6		0	143
駆	keoi1		0	144
駇	man4		0	152
駈	keoi1		0	148
駉	gwing1		0	146
駊	po2		0	147
駋	ciu1	ziu1	1	150
駌	jyun1		0	146
駍	paang1	pei4	1	151
駎	zau6		0	205
駏	geoi6		0	146
駐	zyu3		0	115
駑	nou4		0	142
駒	keoi1		0	126
駓	pei1		0	150
駔	cong2	zou2 zong2	1	146
駕	gaa3		0	113
駖	ling4		0	150
駗	can2	leon4	1	149
駘	doi6	toi4 toi5	1	143
駙	fu6		0	142
駚	joeng2		0	205
駛	sai2	si2	0	85
駜	bat6	bit1	1	148
駝	to4		0	127
駞	to4		0	149
駟	si3		0	141
駠	lau4		0	152
駡	maa6		0	144
駢	pin4	ping4	0	141
駣	tou4		0	147
駤	zi3		0	150
駥	jung4		0	148
駦	tang4		0	146
駧	dung6		0	205
駨	seon1		0	150
駩	cyun1	cyun4	1	205
駪	san1		0	149
駫	gwing1		0	149
駬	ji5		0	149
駭	haai5	hoi5 haai6 hoi4	1	135
駮	bok3		0	156
駯	zyu1		0	151
駰	jan1		0	145
駱	lok6	lok3	0	125
駲	zau1		0	153
駳	daan6		0	152
駴	haai5		0	149
駵	lau4		0	150
駶	guk1		0	198
駷	sung2		0	151
駸	cam1		0	145
駹	mong4		0	148
駺	loeng4	long4	1	146
駻	hon2	hon6 hon5	1	198
駼	tou4		0	148
駽	gyun1	hyun1 hyun3	1	150
駾	teoi3		0	150
駿	zeon3		0	126
騀	ngo5		0	144
騁	cing2	ping3	0	147
騂	sing1		0	146
騃	daai1	zi6 ngoi4 ngaai6	1	198
騄	luk6		0	146
騅	zeoi1		0	142
騆	dung6	zau1	1	148
騇	se3		0	147
騈	pin4	ping4	1	150
騉	kwan1		0	149
騊	tou4		0	147
騋	loi4		0	146
騌	zung1		0	148
騍	fo3		0	146
騎	ke4	kei4 kei3 gei6	0	97
騏	kei4		0	139
騐	jim6		0	149
騑	fei1		0	145
騒	sou1		0	144
験	jim6		0	142
騔	got3		0	205
騕	jiu2	jiu5	1	143
騖	mou6		0	151
騗	pin3		0	145
騘	cung1		0	150
騙	pin3		0	116
騚	cin4		0	205
騛	fei1		0	146
騜	wong4		0	148
騝	kin4		0	198
騞	faak3	waak6	1	148
騟	jyu4		0	205
騠	tai4		0	198
騡	cyun1		0	152
騢	haa4		0	150
騣	zung1		0	154
騤	kwai4		0	147
騥	jau4		0	152
騦	si1		0	149
騧	gwaa1	waa1	1	194
騨	to4		0	147
騩	gwai1	kwai3 gwai3	1	144
騪	sau1		0	205
騫	hin1		0	139
騬	sing4		0	148
騭	zat1	zik1	1	144
騮	lau4		0	127
騯	paang4		0	151
騰	tang4		0	108
騱	hai4		0	149
騲	cou2		0	145
騳	duk6		0	149
騴	aan3		0	152
騵	jyun4		0	146
騶	zau1		0	143
騷	sou1		0	126
騸	sin3		0	160
騹	kei4		0	152
騺	zi3		0	150
騻	soeng1		0	150
騼	luk6		0	151
騽	jap6	zaap6	1	148
騾	leoi4	lo4	0	149
騿	zoeng1		0	151
驀	mak6	maak6	0	142
驁	ngou4	ngou6	0	140
驂	caam1		0	143
驃	biu1	piu3 biu6	0	138
驄	cung1		0	142
驅	keoi1		0	119
驆	bat1		0	152
驇	ngai6		0	153
驈	jyut6	wat6 leot6	1	152
驉	heoi1		0	148
驊	waa4		0	139
驋	but3		0	205
驌	suk1		0	146
驍	hiu1		0	139
驎	leon4		0	146
驏	caan2	zaan2 can2	1	148
驐	deon1		0	151
驑	lau4		0	151
驒	to4		0	148
驓	cang4		0	146
驔	tim5		0	149
驕	giu1		0	132
驖	tit3		0	150
驗	jim6		0	117
驘	lo4		0	151
驙	taan4	zin1	1	152
驚	geng1	ging1	1	76
驛	jik6		0	134
驜	jip6		0	148
驝	tok3		0	151
驞	ban1	pan1	1	148
驟	zaau6	zau6	1	133
驠	jin1	jin3	1	151
驡	lung4		0	149
驢	lou4	leoi4	0	128
驣	tang4		0	148
驤	soeng1		0	142
驥	kei3	gei3	0	138
驦	soeng1		0	147
驧	guk1		0	151
驨	kwai4		0	151
驩	fun1		0	144
驪	lei4		0	139
驫	biu1		0	144
马	maa5	maa1	1	205
驭	jyu6		0	205
驮	to4	do6	1	205
驯	seon4	ceon4	1	205
驰	ci4		0	205
驱	keoi1		0	205
驲	jat6		0	205
驳	bok3		0	205
驴	lou4	leoi4 leoi2	1	205
驵	zou2	zong2 cong2	1	205
驶	sai2		0	205
驷	si3		0	205
驸	fu6		0	205
驹	keoi1		0	205
驺	zau1		0	205
驻	zyu3		0	205
驼	to4	to2	1	205
驽	nou4	lou4	1	205
驾	gaa3	gaa2	1	205
驿	jik6		0	205
骀	toi4	toi5	1	205
骁	hiu1		0	205
骂	maa6	maa3	1	205
骃	jan1		0	205
骄	giu1		0	205
骅	waa4		0	205
骆	lok3	lok6	1	205
骇	haai5	hoi5	1	205
骈	pin4	ping4	1	205
骉	biu1		0	205
骊	lei4		0	205
骋	cing2	ping3	1	205
验	jim6		0	205
骍	sing1		0	205
骎	cam1		0	205
骏	zeon3		0	205
骐	kei4		0	205
骑	ke4	kei4 kei3 gei6	1	205
骒	fo3		0	205
骓	zeoi1		0	205
骔	zung1		0	205
骕	suk1		0	205
骖	caam1		0	205
骗	pin3		0	205
骘	zat1		0	205
骙	kwai4		0	205
骚	sou1		0	205
骛	mou6		0	205
骜	ngou4	ou4	1	205
骝	lau4	lau1	1	205
骞	hin1		0	205
骟	sin3		0	205
骠	biu1	piu3	1	205
骡	leoi4	lo4	1	205
骢	cung1		0	205
骣	zaan2		0	205
骤	zaau6	zau6	1	205
骥	kei3		0	205
骦	soeng1		0	205
骧	soeng1		0	205
骨	gwat1		0	100
骩	wai2		0	148
骪	wai2		0	153
骫	wai2		0	149
骬	jyu4		0	151
骭	gon3	haan6	1	148
骮	jik6		0	149
骯	kong3	ong1	1	141
骰	sik1	tau4	0	132
骱	gaai3	haai6	1	142
骲	baau6		0	151
骳	bei6		0	147
骴	ci1	zi6	1	149
骵	tai2		0	145
骶	dai2		0	140
骷	fu1		0	125
骸	hoi4	haai4	1	138
骹	haau1		0	146
骺	hau4		0	142
骻	kwaa2	kwaa3	1	148
骼	gaak3		0	142
骽	teoi2		0	148
骾	gang2	kang2	1	149
骿	pin4		0	152
髀	bei2		0	119
髁	fo1		0	140
髂	kaa3		0	140
髃	jyu4	ngau5	1	145
髄	seoi5		0	146
髅	lau4		0	205
髆	bok3	pok3	1	148
髇	haau1	hou1	1	147
髈	bong2		0	145
髉	bok1		0	151
髊	ci1	zi6	1	150
髋	fun1		0	205
髌	ban3		0	205
髍	mo4		0	151
髎	liu2	liu4	1	144
髏	lau4		0	127
髐	haau1		0	150
髑	duk6		0	143
髒	zong1		0	126
髓	seoi5		0	148
體	tai2		0	98
髕	ban3		0	142
髖	fun1		0	140
髗	lou4		0	149
高	gou1		0	76
髙	gou1		0	142
髚	hiu3		0	154
髛	hou1		0	153
髜	haau1		0	148
髝	lou4		0	151
髞	cou3		0	150
髟	biu1		0	143
髠	kwan1		0	149
髡	kwan1		0	141
髢	tai3		0	147
髣	fong2		0	147
髤	jau1		0	149
髥	jim4		0	148
髦	mou4	mou1	0	141
髧	daam6	dam3	1	146
髨	kwan1		0	149
髩	ban3		0	148
髪	faat3		0	142
髫	tiu4		0	146
髬	pei1		0	149
髭	zi1		0	143
髮	faat3		0	96
髯	jim4	jim6	0	140
髰	tai3		0	153
髱	paau3		0	150
髲	bei6		0	148
髳	maau4	mau4	1	148
髴	fai3	fat1	1	147
髵	ji4		0	149
髶	ji6	jung4	1	149
髷	kuk1		0	148
髸	gung1		0	149
髹	jau1		0	143
髺	kut3		0	149
髻	gai3		0	135
髼	pung4		0	150
髽	zaa1		0	147
髾	saau1		0	148
髿	saa1	so1	1	150
鬀	tai3		0	152
鬁	lei1	lei6	1	150
鬂	ban3		0	147
鬃	cung4	zung1	1	140
鬄	tai3	tik1	1	149
鬅	pang4	pung4	1	147
鬆	sung1		0	104
鬇	zaang1	zang1	1	148
鬈	kyun4		0	149
鬉	zung1		0	150
鬊	seon3		0	150
鬋	zin1	zin2	1	147
鬌	ceoi4	do2 do6	1	150
鬍	wu4		0	115
鬎	laat3	laat6	1	149
鬏	cau1		0	145
鬐	kei4		0	146
鬑	lim4		0	148
鬒	can2	zan2	1	147
鬓	ban3		0	205
鬔	pung4		0	153
鬕	maa6		0	150
鬖	saam1		0	149
鬗	maan6	mun4	1	150
鬘	maan4		0	143
鬙	sang1	zang1	1	148
鬚	sou1		0	111
鬛	lip6		0	149
鬜	haan1		0	153
鬝	haan1		0	205
鬞	nong4	nung4	1	152
鬟	waan4		0	137
鬠	kui3	kut3	1	150
鬡	ning4		0	149
鬢	ban3		0	133
鬣	lip6		0	153
鬤	joeng4	joeng5	1	150
鬥	dau3		0	97
鬦	dau3		0	145
鬧	naau6		0	89
鬨	hung3	hung6 hong6 hung1	0	132
鬩	jik1	hik1	0	141
鬪	dau3		0	146
鬫	haam2	haam3	1	149
鬬	dau3		0	147
鬭	dau3		0	147
鬮	gau1	kau1	1	142
鬯	coeng3		0	160
鬰	wat1		0	147
鬱	wat1		0	113
鬲	ak1	lik6 gaak3	1	143
鬳	gyun3	jin6	1	149
鬴	fu2		0	149
鬵	cam4	cim4	1	150
鬶	kwai1		0	205
鬷	zung1		0	148
鬸	lau6		0	151
鬹	kwai1		0	150
鬺	soeng1		0	145
鬻	juk6	zuk1	1	142
鬼	gwai2		0	82
鬽	mei6	mui6	1	146
鬾	gei6		0	148
鬿	kei4		0	148
魀	gaai3		0	148
魁	fui1		0	129
魂	wan4		0	108
魃	baat6	bat6	1	142
魄	paak3	tok3 bok6	0	121
魅	mei6	mui6	0	135
魆	fat1	wat1	1	147
魇	jim2		0	205
魈	siu1		0	141
魉	loeng5		0	205
魊	wik6		0	144
魋	ceoi4	teoi4 zeoi1	1	146
魌	hei1		0	147
魍	mong5		0	134
魎	loeng5		0	142
魏	ngai6	ngai4	1	97
魐	gaam1		0	152
魑	ci1	lei4	0	141
魒	piu1		0	150
魓	bat1		0	151
魔	mo1		0	94
魕	kei4		0	150
魖	heoi1		0	148
魗	cau2	cau4	1	150
魘	jim2	jip3	0	149
魙	zim6		0	150
魚	jyu2	jyu4	1	88
魛	dou1		0	148
魜	jan4		0	140
魝	git3		0	153
魞	jap6		0	205
魟	gung1	hung4	1	187
魠	tok3		0	148
魡	dik1	diu3 dik6	1	143
魢	gei2		0	144
魣	jyu4		0	147
魤	faa3	ngo4	1	148
魥	ngap6		0	205
魦	saa1		0	148
魧	gong1	hong4	1	149
魨	tyun4		0	144
魩	mut6		0	151
魪	gaai3		0	149
魫	sam2		0	148
魬	baan2		0	148
魭	jyun4		0	144
魮	pei4		0	147
魯	lou5		0	103
魰	man4		0	144
魱	wu4		0	152
魲	lou4		0	150
魳	zaap3		0	149
魴	fong4		0	141
魵	fan4	fan5	1	146
魶	naap6		0	147
魷	jau4		0	146
魸	pin3		0	145
魹	mou4		0	205
魺	go2	ho4	1	152
魻	haap3	haap6	1	152
魼	keoi1		0	143
魽	haam4	ham1	1	148
魾	pei1	pei4	1	150
魿	ling4		0	147
鮀	to4		0	144
鮁	bat6	but3	1	142
鮂	cau4		0	145
鮃	ping4		0	141
鮄	fat1	ping4	1	147
鮅	bit1		0	150
鮆	ci2	zai1	1	148
鮇	mei6		0	145
鮈	geoi1	keoi1	1	144
鮉	diu1		0	152
鮊	baak6		0	144
鮋	jau4		0	144
鮌	gwan2		0	150
鮍	pei4		0	147
鮎	nim4		0	138
鮏	sing1		0	144
鮐	toi1	toi4	1	145
鮑	baau1	baau6	0	117
鮒	fu6		0	142
鮓	zaa2	zaa3	1	140
鮔	geoi6		0	143
鮕	gu1		0	198
鮖	sek6		0	148
鮗	dung1		0	146
鮘	doi6		0	205
鮙	taap3		0	151
鮚	git3	git6	1	145
鮛	suk1		0	150
鮜	hau6		0	146
鮝	soeng2		0	205
鮞	ji4		0	144
鮟	on1		0	194
鮠	wai4		0	145
鮡	siu6	ziu6	1	146
鮢	zyu1		0	148
鮣	jan3		0	205
鮤	lit6		0	152
鮥	gaak3	lok6 gok3	1	146
鮦	tung4	zau6	1	145
鮧	ji4	tai4	1	150
鮨	kei4	ngai6 zi1 zi2	1	146
鮩	bing6		0	148
鮪	fui2	wai5	0	144
鮫	gaau1		0	141
鮬	fu1		0	152
鮭	gwai1		0	137
鮮	sin1	sin2	0	111
鮯	gap3		0	151
鮰	wui4		0	205
鮱	lou5		0	143
鮲	fuk6		0	205
鮳	kaau3		0	147
鮴	jau1		0	150
鮵	dyut6		0	152
鮶	gwan1		0	146
鮷	tai4		0	146
鮸	min5		0	191
鮹	saau1		0	150
鮺	zaa2		0	151
鮻	so1		0	149
鮼	cam1		0	151
鮽	jyu4		0	146
鮾	neoi5		0	151
鮿	zip3		0	150
鯀	gwan2	kwan2	1	142
鯁	gang2	kang2	1	160
鯂	sou1		0	152
鯃	ng4		0	143
鯄	kau4		0	205
鯅	saan1		0	153
鯆	bou1	pou1	1	198
鯇	waan5		0	143
鯈	jau4	tiu4	1	147
鯉	lei5		0	133
鯊	saa1		0	142
鯋	saa1		0	147
鯌	hou3		0	152
鯍	mang4		0	153
鯎	sing4		0	205
鯏	lei6		0	149
鯐	zau2		0	205
鯑	hei1		0	146
鯒	jung2		0	148
鯓	san1		0	143
鯔	zi1		0	145
鯕	kei4		0	147
鯖	cing1	zing1	0	142
鯗	soeng2		0	144
鯘	neoi5		0	154
鯙	seon4		0	151
鯚	gwai3		0	149
鯛	diu1		0	142
鯜	cip3		0	152
鯝	gu3		0	145
鯞	zau2		0	148
鯟	dung1		0	146
鯠	loi4		0	144
鯡	fei1		0	144
鯢	ngai4		0	142
鯣	jik6		0	147
鯤	gwan1	kwan1	1	140
鯥	luk6		0	146
鯦	cau4	gau6 oi2	1	149
鯧	coeng1		0	143
鯨	king4		0	135
鯩	leon4		0	146
鯪	ling4	leng4	0	142
鯫	zau1	zau6 zip3	1	146
鯬	lai4	lei4	1	148
鯭	maang1		0	147
鯮	zung1		0	148
鯯	zai3		0	147
鯰	nim4		0	144
鯱	fu2		0	198
鯲	jyu1		0	149
鯳	dai2		0	205
鯴	sat1		0	144
鯵	sam1		0	148
鯶	waan5		0	205
鯷	tai4		0	145
鯸	hau4		0	145
鯹	sing1		0	145
鯺	zyu1		0	149
鯻	laat6		0	143
鯼	zung1		0	150
鯽	zik1	zak1	0	140
鯾	bin1	bin2	1	146
鯿	bin1		0	144
鰀	waan5		0	150
鰁	cyun4		0	149
鰂	caak6	zak1	0	146
鰃	wai1		0	148
鰄	wai1		0	149
鰅	jung4	jyu4	1	147
鰆	ceon1		0	205
鰇	jau4		0	149
鰈	dip6		0	143
鰉	wong4		0	145
鰊	lin6		0	147
鰋	jin2		0	149
鰌	cau1		0	159
鰍	cau1		0	142
鰎	gin2		0	147
鰏	bik1		0	148
鰐	ngok6		0	148
鰑	joeng4		0	150
鰒	fuk1	fuk6	1	147
鰓	soi1		0	149
鰔	gam2	zam1	1	147
鰕	haa1		0	145
鰖	to2		0	151
鰗	wu4		0	145
鰘	sat1		0	205
鰙	joek6		0	205
鰚	syun1		0	205
鰛	wan1		0	140
鰜	gim1		0	149
鰝	hou6		0	149
鰞	wu1		0	148
鰟	fong4	pong4	1	147
鰠	sou1		0	145
鰡	lau4		0	147
鰢	maa5		0	145
鰣	si4		0	143
鰤	si1		0	198
鰥	gwaan1		0	143
鰦	zi1		0	147
鰧	tang4		0	205
鰨	taap3	taat3	1	142
鰩	jiu4		0	143
鰪	ap1		0	152
鰫	jung4	sung4	1	150
鰬	kin4		0	153
鰭	kei4		0	137
鰮	wan1		0	140
鰯	joek6		0	145
鰰	san4		0	144
鰱	lin4		0	142
鰲	ngou4		0	126
鰳	lak6		0	142
鰴	fai1		0	150
鰵	man5		0	145
鰶	man5	zai3	1	148
鰷	tiu4		0	144
鰸	keoi1		0	147
鰹	gin1		0	143
鰺	sam1		0	145
鰻	maan6	maan4	0	142
鰼	zaap6		0	148
鰽	cau4		0	150
鰾	piu5	biu1	0	144
鰿	zik1		0	150
鱀	kei3	gei6	0	149
鱁	zuk6		0	151
鱂	zoeng1		0	145
鱃	sau1		0	149
鱄	tyun4	zyun1	1	148
鱅	jung4		0	143
鱆	zeon1	zoeng1	1	147
鱇	hong1		0	205
鱈	syut3		0	136
鱉	bit3		0	136
鱊	leot6	wat6	1	148
鱋	keoi1		0	153
鱌	zoeng6		0	146
鱍	but3	but6	1	148
鱎	giu2		0	149
鱏	cam4		0	150
鱐	sau1	suk1	1	150
鱑	wong4		0	149
鱒	zyun1	zeon1 zyun6	0	143
鱓	sin5		0	145
鱔	sin5		0	136
鱕	faan1		0	146
鱖	gwai3	kyut3	1	144
鱗	leon4		0	140
鱘	cam4		0	141
鱙	jiu4	miu4	1	151
鱚	hei1		0	146
鱛	zang1		0	205
鱜	hoeng1		0	205
鱝	fan5		0	146
鱞	gwaan1		0	151
鱟	hau6		0	141
鱠	kui2	kui3	1	146
鱡	caak6		0	149
鱢	sou1		0	151
鱣	sin5	zin1	1	147
鱤	gam2		0	143
鱥	gwai3		0	149
鱦	maang5	sing4 sing6	1	149
鱧	lai5		0	144
鱨	soeng4		0	147
鱩	leoi4		0	205
鱪	syu2		0	205
鱫	oi3		0	205
鱬	jyu4		0	147
鱭	cai5	cai4	0	144
鱮	zeoi6		0	198
鱯	wu6		0	147
鱰	cyu5		0	205
鱱	lai6		0	151
鱲	laap6	lip6	0	145
鱳	lik6	lok6 luk6	1	148
鱴	mit6		0	148
鱵	zam1		0	149
鱶	soeng2		0	152
鱷	ngok6		0	132
鱸	lou4		0	140
鱹	gun3		0	152
鱺	lei4		0	145
鱻	sin1		0	144
鱼	jyu4	jyu2	1	205
鱽	dou1		0	205
鱾	gei2		0	205
鱿	jau4	jau2	1	205
鲀	tyun4		0	205
鲁	lou5		0	205
鲂	fong4		0	205
鲃	baa1	bat6	1	205
鲄	ho4		0	205
鲅	bat6	bat3 but3	1	205
鲆	ping4		0	205
鲇	nim4	lim4	1	205
鲈	lou4		0	205
鲉	jau4		0	205
鲊	zaa2	zaa3	1	205
鲋	fu6		0	205
鲌	baak6	bat6	1	205
鲍	baau1	baau6	1	205
鲎	hau6		0	205
鲏	pei4		0	205
鲐	toi4		0	205
鲑	gwai1	haai4 waa1	1	205
鲒	git3		0	205
鲓	kaau3		0	205
鲔	fui2		0	205
鲕	ji4		0	205
鲖	tung4	zau6	1	205
鲗	caak6	zak1	1	205
鲘	hau6		0	205
鲙	kui2	kwui2	1	205
鲚	cai5	cai4	1	205
鲛	gaau1		0	205
鲜	sin1	sin2	1	205
鲝	zaa2		0	205
鲞	soeng2		0	205
鲟	cam4		0	205
鲠	gang2	kang2	1	205
鲡	lei4		0	205
鲢	lin4		0	205
鲣	gin1		0	205
鲤	lei5		0	205
鲥	si4		0	205
鲦	tiu4		0	205
鲧	gwan2		0	205
鲨	saa1		0	205
鲩	waan5		0	205
鲪	gwan1		0	205
鲫	zik1	zak1	1	205
鲬	jung2		0	205
鲭	cing1	zing1	1	205
鲮	ling4	leng4	1	205
鲯	kei4		0	205
鲰	zau1		0	205
鲱	fei1		0	205
鲲	kwan1		0	205
鲳	coeng1		0	205
鲴	gu3	gwu3	1	205
鲵	ngai4	ai4	1	205
鲶	nim4	lim4	1	205
鲷	diu1		0	205
鲸	king4		0	205
鲹	sam1		0	205
鲺	sat1		0	205
鲻	zi1		0	205
鲼	fan5		0	205
鲽	dip6		0	205
鲾	bik1		0	205
鲿	soeng4		0	205
鳀	tai4		0	205
鳁	wan1		0	205
鳂	wai1	wui1	1	205
鳃	soi1		0	205
鳄	ngok6	ok6	1	205
鳅	cau1		0	205
鳆	fuk1		0	205
鳇	wong4		0	205
鳈	cyun4		0	205
鳉	zoeng1		0	205
鳊	bin1	bin2	1	205
鳋	sou1		0	205
鳌	ngou4	ou4	1	205
鳍	kei4		0	205
鳎	taap3	dip6 taat3	1	205
鳏	gwaan1		0	205
鳐	jiu4		0	205
鳑	pong4	fong4	1	205
鳒	gim1		0	205
鳓	lak6	laak6	1	205
鳔	piu5		0	205
鳕	syut3		0	205
鳖	bit3		0	205
鳗	maan6	maan4	1	205
鳘	man5		0	205
鳙	jung4	sung4	1	205
鳚	wai3		0	205
鳛	zaap6		0	205
鳜	gwai3	kyut3	1	205
鳝	sin5	sin2	1	205
鳞	leon4		0	205
鳟	zyun1	zyun3	1	205
鳠	wu6		0	205
鳡	gam2		0	205
鳢	lai5		0	205
鳣	zin1	sin5	1	205
鳤	gun2	gwun2	1	205
鳥	niu5	diu2	0	108
鳦	jyut3	jyut6	1	146
鳧	fu4		0	141
鳨	lik6		0	148
鳩	gau1	kau1	0	97
鳪	buk1		0	142
鳫	ngaan6		0	152
鳬	fu4		0	205
鳭	diu1	dou1	1	151
鳮	gai1		0	145
鳯	fung6		0	144
鳰	jap6		0	148
鳱	gon1	hon6	1	149
鳲	si1		0	147
鳳	fung6		0	92
鳴	ming4		0	115
鳵	bou2		0	150
鳶	jyun1	jyun4	0	152
鳷	zi1		0	198
鳸	wu6		0	150
鳹	kam4	kim4	1	150
鳺	fu1		0	150
鳻	baan1	fan4	1	149
鳼	man4		0	205
鳽	gin1	hang1 zin1	1	145
鳾	si1		0	205
鳿	juk6		0	152
鴀	fau2	fau4	1	148
鴁	jiu1		0	150
鴂	gwik1	kyut3	1	146
鴃	kyut3		0	198
鴄	pat1		0	152
鴅	fun1		0	150
鴆	zam6		0	142
鴇	bou2		0	142
鴈	ngaan6		0	154
鴉	aa1		0	127
鴊	zing3		0	149
鴋	fong1		0	147
鴌	fung6		0	148
鴍	man4		0	150
鴎	au1		0	148
鴏	dak6		0	146
鴐	gaa1		0	149
鴑	jyu4		0	150
鴒	ling4		0	143
鴓	bat6	mit6 mat6	1	152
鴔	fuk6		0	151
鴕	to4		0	157
鴖	man4		0	150
鴗	lap6		0	198
鴘	bin6		0	151
鴙	zi6		0	149
鴚	gaa1	go1	1	149
鴛	jyun1	jin1	0	155
鴜	ci4		0	205
鴝	keoi4		0	143
鴞	hiu1		0	160
鴟	ci1		0	142
鴠	daan3		0	148
鴡	zeoi1		0	149
鴢	aau2	jiu2	1	151
鴣	gu1		0	138
鴤	zung1		0	150
鴥	jyut6	wat6	1	149
鴦	joeng1		0	149
鴧	wat6		0	150
鴨	aap3	aap2	0	98
鴩	tit3		0	151
鴪	wat6		0	152
鴫	tin4		0	148
鴬	ang1		0	150
鴭	deoi1		0	153
鴮	wu1		0	151
鴯	ji4		0	142
鴰	kut3		0	142
鴱	ngaai6		0	148
鴲	zi1		0	205
鴳	aan3		0	147
鴴	hang4		0	145
鴵	giu1		0	154
鴶	gat1	git3	1	150
鴷	lit6		0	198
鴸	zyu1		0	149
鴹	joeng4		0	146
鴺	ji4	tai4	1	151
鴻	hung4		0	109
鴼	lou6		0	152
鴽	jyu4		0	148
鴾	mau4		0	152
鴿	gaap3	gap3 gap2 gaap2	0	128
鵀	jam4	jam6	1	149
鵁	gaau1		0	198
鵂	jau1		0	143
鵃	zaau1	zau1	1	150
鵄	ci1		0	149
鵅	gaak3	lok6	1	149
鵆	hang4		0	150
鵇	nin4		0	205
鵈	diu1		0	154
鵉	lyun4		0	205
鵊	gaap3		0	149
鵋	gei6		0	151
鵌	tou4		0	151
鵍	fun1		0	152
鵎	to2		0	153
鵏	bou2	bou6	1	149
鵐	mou4		0	145
鵑	gyun1		0	137
鵒	juk6		0	141
鵓	but6		0	143
鵔	seon3	zeon3	1	149
鵕	zeon3		0	148
鵖	gip3		0	149
鵗	hei1		0	150
鵘	gwan6		0	149
鵙	gwik1	kyut3	1	147
鵚	tuk1		0	205
鵛	ging1		0	150
鵜	tai4		0	142
鵝	ngo4	ngo2	0	114
鵞	ngo4		0	147
鵟	kong4	kwong4	1	145
鵠	huk6	guk1	0	140
鵡	mou5		0	139
鵢	san1		0	149
鵣	laai6		0	149
鵤	gok3		0	149
鵥	pun3		0	205
鵦	luk6		0	154
鵧	pei4		0	152
鵨	syu1		0	153
鵩	fuk6		0	146
鵪	am1		0	142
鵫	zaau6	zok6	1	152
鵬	paang4		0	112
鵭	kam4		0	152
鵮	daam1	zaam1	1	148
鵯	bei1	pat1	1	143
鵰	diu1		0	122
鵱	luk6		0	150
鵲	coek3	zoek3	0	135
鵳	gin1		0	153
鵴	guk1		0	152
鵵	tou3		0	151
鵶	aa1		0	147
鵷	jyun1		0	145
鵸	kei4		0	148
鵹	lei4		0	149
鵺	je6		0	144
鵻	zeoi1		0	147
鵼	hung1		0	146
鵽	zyut3		0	150
鵾	gwan1	kwan1	1	145
鵿	sing1		0	150
鶀	hei1	kei4	1	148
鶁	ging1		0	147
鶂	jik1	jik6	1	149
鶃	jik6		0	151
鶄	zing1		0	194
鶅	zi1		0	151
鶆	loi4		0	149
鶇	dung1		0	142
鶈	cai1		0	151
鶉	ceon1	seon4	1	140
鶊	gang1		0	149
鶋	geoi1		0	149
鶌	gwat6		0	150
鶍	ji6		0	205
鶎	zung1		0	205
鶏	gai1		0	163
鶐	seot6		0	153
鶑	ang1		0	152
鶒	cik1		0	194
鶓	miu4		0	143
鶔	jau4		0	153
鶕	am1		0	152
鶖	cau1		0	147
鶗	tai4		0	198
鶘	wu4		0	142
鶙	tai4		0	151
鶚	ngok6		0	141
鶛	gaai1	gaai3	1	152
鶜	maau4		0	153
鶝	bik1	fuk1	1	149
鶞	ceon1		0	152
鶟	dat6		0	151
鶠	jin2		0	150
鶡	hot3	hot6	1	145
鶢	jyun4	wun4	1	150
鶣	bin1	pin1	1	149
鶤	gwan1	kwan1	1	147
鶥	mei4		0	142
鶦	wu4		0	148
鶧	jing1		0	149
鶨	deon6	zi6	1	149
鶩	mou6		0	139
鶪	gwik1	kyut3	1	198
鶫	gaan2		0	148
鶬	coeng1	cong1	1	147
鶭	fong2		0	148
鶮	hok6		0	150
鶯	ang1		0	122
鶰	jyun4		0	149
鶱	hin1		0	148
鶲	jung1		0	145
鶳	si1		0	149
鶴	hok6	hok2	0	122
鶵	co1	co4	1	146
鶶	tong4		0	149
鶷	hat6		0	148
鶸	joek6		0	149
鶹	lau4		0	147
鶺	zek3	zik3	1	144
鶻	gwat1	wat6	0	142
鶼	gim1		0	143
鶽	zeon2		0	148
鶾	hon6		0	146
鶿	ci4		0	142
鷀	ci4		0	148
鷁	jik6		0	146
鷂	jiu4	jiu6 jiu2	0	141
鷃	aan3		0	146
鷄	gai1		0	144
鷅	leot6		0	151
鷆	tin4		0	151
鷇	kau3		0	147
鷈	tai1	tai4	1	205
鷉	tai1		0	146
鷊	jik6		0	148
鷋	tou4		0	151
鷌	maa5		0	148
鷍	hiu1		0	151
鷎	gou1		0	152
鷏	tin4		0	149
鷐	san4		0	149
鷑	gap6	kap6	1	150
鷒	tyun4		0	150
鷓	ze3		0	142
鷔	ngou4		0	205
鷕	jiu6		0	149
鷖	ai1	ji1	1	147
鷗	au1		0	137
鷘	cik1		0	151
鷙	zi3		0	142
鷚	lau4	lau6	1	142
鷛	jung4		0	151
鷜	lau4	leoi4	1	151
鷝	bat1		0	153
鷞	soeng1		0	149
鷟	zok6	zuk1	1	145
鷠	jyu4		0	150
鷡	mou4		0	145
鷢	kyut3		0	151
鷣	jam4	jiu6	1	151
鷤	dai6	taan4 tai4	1	151
鷥	si1		0	143
鷦	ziu1		0	143
鷧	ji3		0	149
鷨	waa4		0	198
鷩	bai6	bit3	1	148
鷪	ang1		0	150
鷫	suk1		0	147
鷬	wong4		0	153
鷭	faan4		0	150
鷮	giu1		0	150
鷯	liu1	liu4	1	142
鷰	jin3		0	194
鷱	gou1		0	154
鷲	zau6		0	136
鷳	haan4		0	143
鷴	haan4		0	205
鷵	tou4		0	152
鷶	maai5		0	147
鷷	zeon1		0	150
鷸	wat6	neot6 leot6 jyut6	0	160
鷹	jing1		0	109
鷺	lou6		0	135
鷻	tyun4		0	155
鷼	haan4		0	153
鷽	hok6		0	149
鷾	ji3		0	151
鷿	pik1		0	205
鸀	suk6	zuk1	1	143
鸁	lo4		0	148
鸂	kai1		0	191
鸃	ji4		0	149
鸄	gik1		0	150
鸅	zaak6		0	148
鸆	jyu4		0	146
鸇	zin1		0	147
鸈	jip6		0	150
鸉	joeng4		0	147
鸊	pik1		0	146
鸋	ning4		0	205
鸌	wok6		0	143
鸍	si1		0	152
鸎	ang1		0	148
鸏	mung4		0	149
鸐	dik6		0	150
鸑	ngok6		0	146
鸒	jyu4		0	148
鸓	leoi5		0	149
鸔	bok3	buk1 bou6	1	150
鸕	lou4		0	141
鸖	hok6		0	150
鸗	lung4		0	150
鸘	soeng1		0	148
鸙	joek6		0	152
鸚	jing1		0	141
鸛	gun3		0	142
鸜	keoi4		0	148
鸝	lei4		0	142
鸞	lyun4		0	134
鸟	niu5	liu5 diu2	1	205
鸠	gau1	kau1	1	205
鸡	gai1		0	205
鸢	jyun1	jyun4	1	205
鸣	ming4		0	205
鸤	si1		0	205
鸥	au1	ngau1	1	205
鸦	aa1	ngaa1	1	205
鸧	cong1	coeng1	1	205
鸨	bou2		0	205
鸩	zam6		0	205
鸪	gu1	gwu1	1	205
鸫	dung1		0	205
鸬	lou4		0	205
鸭	aap3	ngaap3 aap2 ngaap2	1	205
鸮	hiu1		0	205
鸯	joeng1		0	205
鸰	ling4		0	205
鸱	ci1		0	205
鸲	keoi4		0	205
鸳	jyun1	jin1	1	205
鸴	hok6	ang1 ngang1	1	205
鸵	to4		0	205
鸶	si1		0	205
鸷	zi3		0	205
鸸	ji4		0	205
鸹	kut3	kwut3 gwaat3	1	205
鸺	jau1		0	205
鸻	hang4	hong4	1	205
鸼	zau1		0	205
鸽	gap3	gap2 gaap3	1	205
鸾	lyun4		0	205
鸿	hung4		0	205
鹀	mou4		0	205
鹁	but6		0	205
鹂	lei4		0	205
鹃	gyun1		0	205
鹄	huk6	guk1	1	205
鹅	ngo4	o4 ngo2 o2	1	205
鹆	juk6		0	205
鹇	haan4		0	205
鹈	tai4		0	205
鹉	mou5		0	205
鹊	zoek3	zoek2 coek3	1	205
鹋	miu4		0	205
鹌	am1	ngam1 aan3 ngaan3	1	205
鹍	kwan1		0	205
鹎	bei1	pat1	1	205
鹏	paang4		0	205
鹐	zaam1		0	205
鹑	seon4	ceon1	1	205
鹒	gang1		0	205
鹓	jyun1		0	205
鹔	suk1		0	205
鹕	wu4		0	205
鹖	hot3		0	205
鹗	ngok6	ok6	1	205
鹘	gwat1	wat6	1	205
鹙	cau1		0	205
鹚	ci4		0	205
鹛	mei4		0	205
鹜	mou6		0	205
鹝	jik6		0	205
鹞	jiu6	jiu2 jiu4	1	205
鹟	jung1		0	205
鹠	lau4		0	205
鹡	zik3	zek3	1	205
鹢	jik6		0	205
鹣	gim1		0	205
鹤	hok6	hok2	1	205
鹥	ji1		0	205
鹦	jing1		0	205
鹧	ze3		0	205
鹨	lau6		0	205
鹩	liu4	liu1	1	205
鹪	ziu1		0	205
鹫	zau6		0	205
鹬	wat6	neot6 leot6	1	205
鹭	lou6		0	205
鹮	waan4		0	205
鹯	zin1		0	205
鹰	jing1		0	205
鹱	wok3	wok6	1	205
鹲	mung4		0	205
鹳	gun3	gwun3	1	205
鹴	soeng1		0	205
鹵	lou5		0	160
鹶	ging1		0	149
鹷	ling4		0	150
鹸	gaan2		0	147
鹹	haam4		0	107
鹺	co1	co4	1	142
鹻	gaan2		0	151
鹼	gaan2		0	125
鹽	jim4		0	106
鹾	co4		0	205
鹿	luk6	luk2	0	111
麀	jau1		0	146
麁	cou1		0	149
麂	gei2		0	143
麃	biu1	paau4 piu2	1	147
麄	cou1		0	150
麅	paau4		0	151
麆	cyu4		0	149
麇	gwan1	kwan4	1	144
麈	zyu2		0	149
麉	gin1		0	150
麊	mai4	mei4	1	150
麋	mei4	mai4	0	142
麌	jyu5		0	147
麍	lau4		0	149
麎	san4		0	149
麏	gwan1		0	149
麐	leon4		0	148
麑	ngai4		0	146
麒	kei4		0	136
麓	luk1	luk6	0	135
麔	kau5		0	151
麕	gwan1	kwan2	1	147
麖	ging1		0	148
麗	lai6	lei4	0	101
麘	hoeng1		0	151
麙	haam4	ngaam4	1	152
麚	gaa1		0	149
麛	mai4	ngai4	1	148
麜	leot6		0	151
麝	se6		0	138
麞	zoeng1		0	148
麟	leon4		0	120
麠	ging1		0	151
麡	cai4		0	151
麢	ling4		0	151
麣	ngaam4		0	148
麤	cou1		0	145
麥	mak6		0	98
麦	mak6	maak6	1	205
麧	hat6		0	152
麨	ciu2		0	205
麩	fu1		0	141
麪	min6		0	103
麫	min6		0	205
麬	fu1		0	149
麭	paau3		0	147
麮	heoi3		0	143
麯	guk1	kuk1	1	153
麰	mau4		0	148
麱	fu1		0	150
麲	haan6		0	159
麳	loi4		0	205
麴	guk1	kuk1	0	138
麵	min6		0	103
麶	nim4		0	150
麷	fung1		0	149
麸	fu1		0	205
麹	guk1	kuk1	1	205
麺	min6		0	205
麻	maa4		0	103
麼	mo1		0	119
麽	mo1		0	141
麾	fai1		0	141
麿	leoi5		0	144
黀	zau1		0	151
黁	nyun5		0	146
黂	fan4		0	150
黃	wong4		0	79
黄	wong4		0	149
黅	gam1		0	149
黆	gong1	gwong1	1	151
黇	tin1		0	148
黈	tau2		0	149
黉	hung4		0	205
黊	waa6		0	152
黋	kong3	kwong3	1	152
黌	hung4	waang4	1	144
黍	syu2		0	141
黎	lai4		0	82
黏	nim1	nim4	1	112
黐	ci1		0	106
黑	hak1	haak1	0	83
黒	hak1		0	140
黓	jik6		0	147
黔	kim4		0	135
黕	dam2		0	150
黖	hei3		0	150
黗	tan1		0	151
默	mak6		0	114
黙	mak6		0	142
黚	kim4		0	147
黛	doi6		0	119
黜	zeot1	ceot1 zyut3 zyut6 zeot3	0	141
黝	jau2		0	141
點	dim2		0	68
黟	ji1		0	144
黠	kit3	hat6 waat6 hat1	0	143
黡	jim2		0	205
黢	zeot1		0	145
黣	mui5		0	146
黤	jim2		0	149
黥	king4		0	143
黦	jit3	wat1 jyut3	1	148
黧	lai4		0	144
黨	dong2		0	105
黩	duk6		0	205
黪	caam2		0	205
黫	jan1		0	148
黬	am2	am3	1	152
黭	jim2		0	152
黮	daam6	taam5 sam6 taam2 taam3 taan2	1	146
黯	am3	am2	0	144
黰	can2	zan2	1	145
黱	doi6		0	143
黲	caam2		0	146
黳	ji1		0	150
黴	mei4	mui4	0	124
黵	daam2	zaam2 zin2	1	147
黶	jim2		0	145
黷	duk6		0	144
黸	lou1		0	149
黹	zi2		0	144
黺	fan2		0	146
黻	fat1		0	144
黼	fu2		0	143
黽	maang5	man5 min5	1	141
黾	man5	maang5	1	205
黿	jyun4		0	141
鼀	cuk1		0	150
鼁	heoi3		0	150
鼂	ciu4	ziu1	1	150
鼃	waa1		0	149
鼄	zyu1		0	149
鼅	zi1		0	149
鼆	man4		0	147
鼇	ngou4		0	167
鼈	bit3		0	147
鼉	to4		0	142
鼊	bik1		0	151
鼋	jyun4		0	205
鼌	ciu4	ziu1	1	205
鼍	to4		0	205
鼎	ding2		0	114
鼏	mik6		0	148
鼐	naai5	noi6	1	142
鼑	ding2		0	146
鼒	zi1		0	147
鼓	gu2		0	105
鼔	gu2		0	146
鼕	dung1	tung4	1	168
鼖	fan4		0	150
鼗	tou4		0	205
鼘	jyun1		0	150
鼙	pei4		0	142
鼚	coeng1		0	151
鼛	gou1		0	150
鼜	cik1		0	150
鼝	jyun1		0	151
鼞	tong1		0	149
鼟	dang1	tang1	1	205
鼠	syu2		0	108
鼡	lip6		0	143
鼢	fan4		0	145
鼣	fai6		0	151
鼤	man4		0	150
鼥	bat6		0	150
鼦	diu1		0	151
鼧	to4		0	151
鼨	zung1		0	152
鼩	keoi4		0	144
鼪	saang1	sang1	1	148
鼫	sek6		0	148
鼬	jau2	jau6	1	140
鼭	si4		0	151
鼮	ting4		0	150
鼯	ng4		0	143
鼰	gwik1		0	153
鼱	cing1	zing1	1	146
鼲	wan4		0	151
鼳	gwik1		0	150
鼴	jin2		0	144
鼵	dat6		0	148
鼶	si1	tai4	1	148
鼷	hai4		0	146
鼸	him2		0	148
鼹	jin2		0	159
鼺	leoi4		0	151
鼻	bei6		0	100
鼼	jiu6		0	151
鼽	kau4		0	145
鼾	hon4		0	140
鼿	ngat6		0	150
齀	fui1	ngat6	1	150
齁	hau1		0	144
齂	hei3		0	152
齃	aat3		0	150
齄	zaa1		0	205
齅	cau3		0	149
齆	ung3		0	148
齇	zaa1		0	147
齈	nung4		0	149
齉	nong6		0	148
齊	cai4		0	91
齋	zaai1		0	109
齌	zai1		0	147
齍	zi1		0	149
齎	zai1	zi1	1	142
齏	zai1		0	142
齐	cai4	cai2 zai6 zi1 zaai1	1	205
齑	zai1		0	205
齒	ci2		0	119
齓	can3		0	152
齔	can3		0	142
齕	hat6	ngaat6	1	145
齖	ngaa4	ngaa6	1	149
齗	ngan4		0	147
齘	haai6		0	149
齙	baau6	paau4	1	141
齚	zaak6		0	151
齛	sit3		0	146
齜	caai4	zi1 ci1	1	142
齝	ci1		0	149
齞	jin6		0	150
齟	zeoi2	zeoi6	1	142
齠	tiu4		0	141
齡	ling4		0	111
齢	ling4		0	144
齣	ceot1		0	103
齤	kyun4		0	153
齥	sit3		0	151
齦	ngan4	hang2 han2	0	141
齧	jit3	ngit6 jit6 ngaat6 nip6	1	144
齨	kau5		0	151
齩	ngaau5		0	148
齪	cuk1		0	141
齫	kwan2		0	150
齬	jyu5		0	142
齭	co2		0	149
齮	ji2	ngai5	1	145
齯	ngai4		0	148
齰	zaa6	zaak3 zaak6	1	148
齱	cuk1	zau1	1	150
齲	geoi2		0	140
齳	wan5		0	150
齴	jin6	ngaan5	1	151
齵	jyu4		0	146
齶	ngok6		0	140
齷	ak1		0	141
齸	jat6		0	147
齹	ci1	co4	1	148
齺	zau1		0	151
齻	din1		0	151
齼	co2		0	149
齽	gam6		0	148
齾	aat3	ngaat3 ngaa3 aa3	1	149
齿	ci2		0	205
龀	can3		0	205
龁	hat6	ngaat6 aat6	1	205
龂	ngan4	an4	1	205
龃	zeoi2	zaa1	1	205
龄	ling4	ling2	1	205
龅	baau6		0	205
龆	tiu4		0	205
龇	zi1	caai4	1	205
龈	ngan4	an4 hang2	1	205
龉	jyu5		0	205
龊	cuk1		0	205
龋	geoi2		0	205
龌	ak1	ngak1 aak1 ngaak1	1	205
龍	lung4		0	80
龎	pong4		0	146
龏	gung1		0	146
龐	pong4	lung4	0	108
龑	jim2	jim5 jin2	1	144
龒	lung4		0	146
龓	lung5		0	149
龔	gung1		0	124
龕	am1	ham1	1	149
龖	daap6		0	145
龗	ling4		0	148
龘	daap6		0	160
龙	lung4	lung2	1	205
龚	gung1		0	205
龛	ham1		0	205
龜	gwai1	gwan1 kau1 gau1	0	103
龝	cau1		0	151
龞	bit3		0	150
龟	gwai1	gwan1 kau1 gau1	1	205
龠	joek6		0	143
龡	ceoi1	ceoi3	1	150
龢	wo4		0	145
龣	gok3		0	152
龤	haai4		0	151
龥	jyu6		0	150
龦	soeng4		0	205
龧	syu2		0	205
龨	zeoi1		0	205
龩	gan3		0	205
龪	jan4		0	205
龫	gon3		0	205
龬	mong5		0	205
龭	ji6		0	205
龮	jik6		0	205
龯	mou6		0	205
鿃	sim2		0	205
鿐	zau2		0	205
兀	ngat6		0	205
嗀	fo3	hok3	1	205
𠀕	gang2		0	205
𠀡	tin1		0	205
𠀾	bui5		0	205
𠁅	cyu3	cyu2	1	205
𠁆	bik6		0	205
𠁊	song2		0	205
𠁎	lin4		0	205
𠁞	bui5		0	205
𠁨	cung1		0	205
𠂆	jai6		0	205
𠂇	zo2		0	205
𠂊	jan4		0	205
𠂔	zi2		0	205
𠂤	deoi1	si1	1	205
𠃊	jan2		0	205
𠃋	gwang1		0	205
𠃌	gwan2		0	205
𠃔	wan5		0	205
𠃮	tam5		0	205
𠄌	kyut3		0	205
𠄎	naai5		0	205
𠄘	sing4		0	205
𠅤	wai6		0	205
𠆤	ding1	zaang1 zang1	1	205
𠆩	faan2		0	205
𠆫	coi4		0	205
𠇁	jan5		0	205
𠇔	mou4		0	205
𠇗	zaa1		0	205
𠇮	ming6		0	205
𠇲	jau1		0	205
𠈁	tok3		0	205
𠈄	waan6		0	205
𠈌	jyu4		0	205
𠈔	lap6		0	205
𠈹	jau4		0	205
𠉛	sing4		0	205
𠉣	fan1		0	205
𠉪	jip6		0	205
𠉴	jyu5		0	205
𠉵	ding6		0	205
𠊎	ngaai1		0	205
𠊙	ji4		0	205
𠊞	zung1		0	205
𠊠	fan1		0	205
𠊧	bing3	ping3	1	205
𠊷	zi6		0	205
𠊿	syun1		0	205
𠋀	jung5		0	205
𠋥	mei4		0	205
𠌂	saan3		0	205
𠌊	paa4		0	205
𠌥	wu1	wu3	1	205
𠌯	lei4		0	205
𠌶	faa1		0	205
𠌼	waan6		0	205
𠍁	man3		0	205
𠍅	mak6		0	205
𠍆	lei6		0	205
𠍇	caan3		0	205
𠍲	keoi5		0	205
𠍹	zaap3		0	205
𠍽	saa2		0	205
𠍾	jin2		0	205
𠍿	gun3		0	205
𠎀	git6		0	205
𠎠	ging2		0	205
𠎧	git3		0	205
𠎵	ngai6		0	205
𠎹	oi2		0	205
𠏉	gon3		0	205
𠏋	jyu4		0	205
𠏵	fung6		0	205
𠏼	gaa1		0	205
𠐓	jing4		0	205
𠐔	lou5		0	205
𠐟	liu4		0	205
𠑥	cau4		0	205
𠑹	gu2		0	205
𠒇	ji4		0	205
𠒋	hung1		0	205
𠒎	fu4		0	205
𠒑	jyun4		0	205
𠒒	jan5		0	205
𠒣	hang4		0	205
𠒺	teoi4		0	205
𠓗	fu3		0	205
𠓼	sip3		0	205
𠓾	cyun4		0	205
𠔃	haai4	hai4	1	205
𠔥	gim1		0	205
𠕂	zoi3		0	205
𠕄	nap1		0	205
𠕅	zoi3		0	205
𠕇	mou5		0	205
𠕠	sing4		0	205
𠕷	ngon1	on1	1	205
𠖇	ming4		0	205
𠖎	zeot1		0	205
𠖥	cung2		0	205
𠖫	kam2		0	205
𠖳	mat6		0	205
𠗂	lok3		0	205
𠗃	jan1		0	205
𠗊	ging6		0	205
𠗐	ng4		0	205
𠗕	zeon3		0	205
𠗟	mui5		0	205
𠗠	maang6		0	205
𠗦	pang4		0	205
𠗫	wun6		0	205
𠘑	hei1		0	205
𠘕	hei1		0	205
𠘙	lok6		0	205
𠘚	mo1		0	205
𠘰	fung1		0	205
𠙖	pang4		0	205
𠙶	au2		0	205
𠚹	saam1		0	205
𠛎	ngau1		0	205
𠛪	tiu1		0	205
𠜍	gwun1	gwun3	1	205
𠜎	sin3		0	205
𠜱	pai1		0	205
𠜳	bang1		0	205
𠜶	nou5		0	205
𠜾	kyut3	gyut3	1	205
𠝭	peng2		0	205
𠝵	cong3	cong1	1	205
𠝹	gaai3		0	205
𠞭	lau4		0	205
𠞰	ziu2	caau1	1	205
𠟟	faat6		0	205
𠟪	jip6		0	205
𠠃	cim1		0	205
𠠝	lek6		0	205
𠠬	cim1		0	205
𠡳	min5		0	205
𠢎	kau5		0	205
𠢤	kyut3		0	205
𠣕	gwan1		0	205
𠤏	bou2		0	205
𠤖	me1		0	205
𠤣	ci3		0	205
𠥔	wui6		0	205
𠥹	au1		0	205
𠦄	wai2		0	205
𠦑	suk1		0	205
𠦝	coek3		0	205
𠦫	cap1		0	205
𠧧	sai1		0	205
𠧨	gau3		0	205
𠧩	fui3		0	205
𠨍	hing1	hoeng3	1	205
𠨑	mong4		0	205
𠨜	ngai6		0	205
𠩄	so2		0	205
𠩐	san4		0	205
𠩯	cyun4		0	205
𠩺	hei1	lei4	1	205
𠪊	lim4		0	205
𠪨	cin4		0	205
𠪴	co2		0	205
𠪾	lik6		0	205
𠫂	lou4		0	205
𠫊	teng1		0	205
𠫍	ai3		0	205
𠫵	caam1		0	205
𠫻	bun2		0	205
𠬍	zeon3		0	205
𠬝	fuk6		0	205
𠬞	gung2		0	205
𠬢	tou1		0	205
𠭯	zaa1		0	205
𠭴	zyut3	zyut6	1	205
𠮉	jeoi6		0	205
𠮏	jeoi6		0	205
𠮓	bin3		0	205
𠮟	cik1		0	205
𠮥	ziu6		0	205
𠮨	naai3		0	205
𠮩	aa1	liu1	1	205
𠮾	ng4		0	205
𠮿	saan1		0	205
𠯆	jyu4		0	205
𠯈	daai6		0	205
𠯋	jai5		0	205
𠯑	kwat3		0	205
𠯦	cai3		0	205
𠯪	toi2		0	205
𠯫	go1	gwo1	1	205
𠯻	waan6		0	205
𠯽	zi1		0	205
𠯿	luk6		0	205
𠰋	jaau1		0	205
𠰌	mut1		0	205
𠰍	zyu2		0	205
𠰠	keoi5		0	205
𠰥	joek6	je5	1	205
𠰲	oet1		0	205
𠰴	sek6		0	205
𠰺	doi6		0	205
𠰻	ngoi6		0	205
𠱁	tam3		0	205
𠱂	dat1		0	205
𠱃	nip1		0	205
𠱓	ngai1		0	205
𠱘	ngaak6		0	205
𠱠	ling4		0	205
𠱥	fik1	we5	1	205
𠱷	ming4		0	205
𠱸	san2	seon2	1	205
𠱼	haau2		0	205
𠱾	zi6		0	205
𠲍	diu1		0	205
𠲎	fat6		0	205
𠲖	ji1		0	205
𠲜	zaang1		0	205
𠲵	gip3		0	205
𠲸	naam4		0	205
𠳁	kwan3		0	205
𠳋	hin2		0	205
𠳏	ce2	ce6	1	205
𠳓	bei3		0	205
𠳔	keoi5		0	205
𠳕	caau3		0	205
𠳖	dap6		0	205
𠳝	fau2		0	205
𠳭	hak1		0	205
𠳼	sung3		0	205
𠳿	mei5		0	205
𠴕	miu2		0	205
𠴟	me1		0	205
𠴢	seng1		0	205
𠴨	gwaan1		0	205
𠴰	gau6		0	205
𠴱	wu4		0	205
𠴲	daap6		0	205
𠴳	ngaau1	ngaau3	1	205
𠵆	daam3		0	205
𠵇	keu4		0	205
𠵈	mui2		0	205
𠵉	hong4		0	205
𠵌	ji4		0	205
𠵍	zaat3		0	205
𠵎	gu1		0	205
𠵘	mun4		0	205
𠵦	ng5		0	205
𠵩	go2		0	205
𠵯	gwit1		0	205
𠵱	ji1		0	205
𠵴	ming6		0	205
𠵼	mang1		0	205
𠵽	faat3		0	205
𠵾	waak1		0	205
𠵿	pe1		0	205
𠶈	se5		0	205
𠶖	wong2		0	205
𠶜	zai3		0	205
𠶥	kung4		0	205
𠶧	dim6		0	205
𠶲	gap6	kap6	1	205
𠷈	leot6		0	205
𠷎	cau4		0	205
𠷠	kai2		0	205
𠸄	jing1		0	205
𠸉	kak1		0	205
𠸊	tap1		0	205
𠸍	mei5		0	205
𠸎	naa1		0	205
𠸏	ge2		0	205
𠸐	kam1		0	205
𠸑	soek3		0	205
𠸒	bou2		0	205
𠸖	ling4		0	205
𠸝	saap3		0	205
𠸺	ngaak6		0	205
𠹇	be1		0	205
𠹌	lan2	lang1 lang3 nang3	1	205
𠹭	ko1		0	205
𠹳	git6		0	205
𠹵	aan3		0	205
𠹶	bing4	ping1	1	205
𠹷	ngo4		0	205
𠹸	kam2		0	205
𠹹	lan4		0	205
𠹺	maai4		0	205
𠹻	zam6		0	205
𠺌	gwe1		0	205
𠺖	mau5		0	205
𠺘	long2		0	205
𠺝	gaak3		0	205
𠺢	gaa1		0	205
𠺪	he3	hi1	1	205
𠺫	leu1		0	205
𠺬	he2		0	205
𠺶	naap6		0	205
𠻗	le4		0	205
𠻘	coet2	zoet6 zoet2	1	205
𠻝	caam1		0	205
𠻳	sau3		0	205
𠻴	long2		0	205
𠻸	zi6		0	205
𠻹	tim1		0	205
𠻺	aa6	ngaa6	1	205
𠻻	bai3		0	205
𠻼	dau6		0	205
𠼕	paai2		0	205
𠼗	zaam2		0	205
𠼝	lei4		0	205
𠼟	loek6		0	205
𠼦	maan4		0	205
𠼭	but1		0	205
𠼮	ngai1		0	205
𠼰	kang3		0	205
𠼱	loe1	loe2	1	205
𠼻	gi1		0	205
𠽃	zap1		0	205
𠽄	taam3		0	205
𠽊	man3		0	205
𠽌	syut1		0	205
𠽒	neng2		0	205
𠽤	kik1		0	205
𠾍	he3		0	205
𠾏	ce1		0	205
𠾐	lung4		0	205
𠾭	we5		0	205
𠾴	baang6		0	205
𠾵	zaa1		0	205
𠾶	ging2		0	205
𠾼	cyut1	cyut6	1	205
𠿁	si1		0	205
𠿟	ak1		0	205
𠿪	gaa2		0	205
𠿫	saau4		0	205
𠿬	soe4		0	205
𠿭	wet1		0	205
𡀔	lou6		0	205
𡀖	but1		0	205
𡀚	seon3		0	205
𡀝	nam6		0	205
𡀞	jaap3	zip1	1	205
𡀠	bei6		0	205
𡀩	lok1		0	205
𡀲	goi1		0	205
𡀾	ngap1		0	205
𡁆	lok1		0	205
𡁏	am1	ngam1	1	205
𡁕	zaap6		0	205
𡁜	wo5		0	205
𡁯	dyut1		0	205
𡁵	gan2		0	205
𡁶	zit1		0	205
𡁷	doeng1		0	205
𡁸	kwaak1		0	205
𡁻	ziu6		0	205
𡂈	buk6		0	205
𡂖	lai2		0	205
𡂝	zuk6		0	205
𡂪	ze1		0	205
𡂴	lin4		0	205
𡂿	au1		0	205
𡃀	e4	nge4	1	205
𡃁	leng1		0	205
𡃇	bai6		0	205
𡃈	kwaak1	kwaak3	1	205
𡃉	gaa3		0	205
𡃏	doe6		0	205
𡃓	bo3		0	205
𡃤	laai6		0	205
𡃧	heoi1		0	205
𡃰	hei1		0	205
𡃴	ceoi4		0	205
𡃵	ung2		0	205
𡃶	sek3		0	205
𡄎	gam2		0	205
𡄟	haa1		0	205
𡄡	zaai1		0	205
𡄯	jik1		0	205
𡄵	ji1		0	205
𡄻	ji3		0	205
𡄽	soe4		0	205
𡅅	ngaak6		0	205
𡅈	laa3		0	205
𡅏	lai2		0	205
𡅽	wun6		0	205
𡆀	gwang2		0	205
𡆇	wok1		0	205
𡆠	jat6		0	205
𡇙	doe4		0	205
𡈎	mui4		0	205
𡈙	mui4	ngo4	1	205
𡈼	ting2	ting5	1	205
𡉏	ji5		0	205
𡉼	sing1		0	205
𡊄	fan3		0	205
𡊒	saai2		0	205
𡊥	ziu6	siu6	1	205
𡊨	jyun4		0	205
𡊩	juk6		0	205
𡊰	tin4		0	205
𡋑	co5	zo6	1	205
𡋣	kwai4		0	205
𡋾	bit6		0	205
𡌂	fan4		0	205
𡌃	kok3		0	205
𡌄	ce1		0	205
𡌅	fat6		0	205
𡌴	zik6		0	205
𡌶	baan6		0	205
𡌺	mang4		0	205
𡍲	daap3	daat3	1	205
𡍵	zeon3		0	205
𡍶	zi6		0	205
𡍷	gang2		0	205
𡎎	sai3		0	205
𡎘	jing1		0	205
𡎛	pun4		0	205
𡎜	naam4		0	205
𡎴	gung3		0	205
𡏅	long5		0	205
𡏆	joeng5		0	205
𡏭	hiu1		0	205
𡏾	gei3		0	205
𡐓	hong1		0	205
𡐖	haam5		0	205
𡐤	kit3		0	205
𡐿	daat6		0	205
𡑒	gam2		0	205
𡑔	kwan1		0	205
𡑕	sam1		0	205
𡑞	seoi6		0	205
𡒃	juk1		0	205
𡒄	lam5		0	205
𡒊	jyu6		0	205
𡒗	mun5		0	205
𡒶	joeng5		0	205
𡓨	wan2		0	205
𡓽	fan1		0	205
𡔽	sau6		0	205
𡕗	hoi6		0	205
𡕷	hing3		0	205
𡖂	kwai4		0	205
𡖖	hing1		0	205
𡘊	fan5		0	205
𡘓	hau4		0	205
𡘙	taai3		0	205
𡘾	zong6		0	205
𡙇	kyut3		0	205
𡙡	gang1		0	205
𡚁	bai6		0	205
𡚒	fan5		0	205
𡚦	hai1		0	205
𡚸	maa1		0	205
𡚺	jyun4		0	205
𡛀	tong2		0	205
𡛁	mat6		0	205
𡛂	ji1		0	205
𡛓	daan1		0	205
𡛕	taai3		0	205
𡛟	jyut6		0	205
𡛦	bing2		0	205
𡛧	lei5	nei5	1	205
𡛨	kaa1		0	205
𡛺	jau4		0	205
𡛻	wing5		0	205
𡛼	juk6		0	205
𡛾	naai5		0	205
𡜍	zat6		0	205
𡜐	syu3		0	205
𡜦	wai3		0	205
𡜱	gei2		0	205
𡜺	hang6		0	205
𡜻	saam3		0	205
𡜼	wui4		0	205
𡝗	kwan3		0	205
𡝬	bou2		0	205
𡝭	mou6		0	205
𡝮	ji4		0	205
𡝯	dai6		0	205
𡝰	laai1		0	205
𡝱	fan1		0	205
𡝳	zi1		0	205
𡝴	jyun4		0	205
𡞫	noi6		0	205
𡞰	ci4		0	205
𡞱	leoi5		0	205
𡞲	ping1		0	205
𡞳	gwai3		0	205
𡞴	ping4		0	205
𡞵	wun6		0	205
𡞾	nyun6		0	205
𡟃	jyun2		0	205
𡟇	fui3		0	205
𡟋	lei4		0	205
𡟙	sing1		0	205
𡟚	jing4		0	205
𡟛	bing2		0	205
𡟜	goeng1		0	205
𡟟	cung1		0	205
𡟯	jan1		0	205
𡟵	go1		0	205
𡟶	ngo4		0	205
𡟸	ong2		0	205
𡟹	zi3		0	205
𡟺	haa6		0	205
𡟻	jan1		0	205
𡟼	fui3		0	205
𡠜	mou4		0	205
𡠠	tong4		0	205
𡠧	gei1		0	205
𡠨	tai5		0	205
𡠩	gin1		0	205
𡠪	mun5		0	205
𡠭	syut3		0	205
𡠹	daai3		0	205
𡠺	wing4		0	205
𡠻	zou6		0	205
𡡀	gyun3		0	205
𡡅	niu5		0	205
𡡒	si1		0	205
𡡞	seon3		0	205
𡡡	ging2		0	205
𡡢	cong2		0	205
𡡣	guk1		0	205
𡡤	gei2		0	205
𡡷	ling4		0	205
𡡻	mei4		0	205
𡢃	haan5		0	205
𡢄	man5		0	205
𡢅	wan4		0	205
𡢘	jing6		0	205
𡢞	jing1		0	205
𡢟	co3		0	205
𡢠	wo1		0	205
𡢡	kwan4		0	205
𡢢	jyu4		0	205
𡢾	gam3		0	205
𡢿	nung4		0	205
𡣑	pan4		0	205
𡣕	ban3		0	205
𡣖	soeng4		0	205
𡣗	gaa1		0	205
𡣘	mung4		0	205
𡣙	caai4		0	205
𡣺	wai6		0	205
𡤃	gaan1		0	205
𡤄	haan4		0	205
𡤅	can1		0	205
𡤐	coi3		0	205
𡤑	coeng4		0	205
𡤒	geoi2		0	205
𡤕	haa4		0	205
𡤜	ji3		0	205
𡤢	lo4		0	205
𡤧	bou2		0	205
𡤻	lyun4		0	205
𡥄	zi2		0	205
𡥘	hou2		0	205
𡥜	zi6		0	205
𡥪	seon3		0	205
𡥼	me1		0	205
𡦀	long5		0	205
𡦃	waan4		0	205
𡦈	gu1		0	205
𡦖	mun5		0	205
𡧍	man5		0	205
𡧛	fu6		0	205
𡧯	zik6		0	205
𡧳	coi3		0	205
𡨘	jyun1		0	205
𡨜	zik6		0	205
𡨭	cung4		0	205
𡨴	ning4		0	205
𡨼	sau2		0	205
𡩅	gaa1		0	205
𡩋	ning4		0	205
𡩣	git6		0	205
𡬶	cam4		0	205
𡭄	cyun3		0	205
𡭊	deoi3		0	205
𡯁	wong1		0	205
𡯂	wong1		0	205
𡯋	gaam1		0	205
𡯓	gaai3		0	205
𡯗	gaai3		0	205
𡰪	duk1		0	205
𡰫	jyun5		0	205
𡱮	waak6	waa6	1	205
𡱰	tyun4		0	205
𡲕	tai3		0	205
𡲗	gwat6		0	205
𡲢	ke1		0	205
𡲥	sang1		0	205
𡲬	gwat6		0	205
𡳞	lan2		0	205
𡴎	jit3		0	205
𡵆	zi6		0	205
𡵓	wang4		0	205
𡵞	fung1		0	205
𡶐	ke4		0	205
𡶶	gong3		0	205
𡶺	pui3		0	205
𡶾	si4		0	205
𡷊	dou2		0	205
𡷑	ci3		0	205
𡷫	sing4		0	205
𡷹	jin6		0	205
𡸁	seoi4		0	205
𡸜	zik6		0	205
𡸣	jit6		0	205
𡸷	kei4		0	205
𡸽	zik6		0	205
𡹇	lam6		0	205
𡺉	lei4		0	205
𡺤	laam4		0	205
𡺨	wai4		0	205
𡻈	ceon4		0	205
𡻕	seoi3		0	205
𡻷	seoi3		0	205
𡼏	gaan3		0	205
𡼕	zeon3		0	205
𡽗	him2		0	205
𡽪	fai1		0	205
𡾞	hei1		0	205
𡾟	hei1		0	205
𡾡	zam1		0	205
𡿧	zoi1		0	205
𡿨	hyun2		0	205
𢀸	sei2	si2	1	205
𢁅	seon3		0	205
𢁈	si4	ci4	1	205
𢁉	seon3		0	205
𢁾	ciu1		0	205
𢂚	coek3		0	205
𢃇	lei5		0	205
𢃼	mei4		0	205
𢄐	mung4		0	205
𢄙	jyun4		0	205
𢄪	lau6		0	205
𢅏	lim4		0	205
𢅖	lim4		0	205
𢅛	lung4		0	205
𢅳	lim4		0	205
𢅺	zin2		0	205
𢆡	nin1		0	205
𢆶	jau1	zi1	1	205
𢇁	si1		0	205
𢇃	si1		0	205
𢇇	gwaan3		0	205
𢇛	cik1		0	205
𢈈	nap1		0	205
𢉼	gang1		0	205
𢊊	ngam1	am1	1	205
𢊍	ceoi4	cyu4	1	205
𢋇	jiu4		0	205
𢋊	jung1		0	205
𢋸	kei3		0	205
𢌚	cin4		0	205
𢌛	jin4		0	205
𢌞	wui4		0	205
𢌡	gwing2		0	205
𢌥	cing2		0	205
𢍿	zong1		0	205
𢎽	kap6		0	205
𢏐	wang4		0	205
𢏗	ngai6		0	205
𢏮	jyun1		0	205
𢏺	bat6		0	205
𢐧	king4		0	205
𢑥	wui6		0	205
𢑱	ji4		0	205
𢒋	wing5		0	205
𢒑	coeng4		0	205
𢒰	juk1		0	205
𢒼	ji1		0	205
𢓁	gung1		0	205
𢓉	faan1		0	205
𢓌	liu1		0	205
𢓭	seon1		0	205
𢔓	fung6		0	205
𢔛	hang6		0	205
𢔰	mei4		0	205
𢕋	jyun2		0	205
𢕔	zoeng1		0	205
𢖍	hang4		0	205
𢖯	gei1		0	205
𢖾	faan4		0	205
𢗗	sit3		0	205
𢘅	maau4		0	205
𢘉	haap3		0	205
𢘛	cik1		0	205
𢘜	si1		0	205
𢘫	zing1		0	205
𢙄	gung1		0	205
𢙨	cyun4		0	205
𢙱	lung6		0	205
𢙺	zi3		0	205
𢚖	ti4		0	205
𢚘	ji3		0	205
𢛁	daat3		0	205
𢛴	mang2		0	205
𢛵	zang2		0	205
𢛶	ngo6		0	205
𢜒	leon4		0	205
𢜔	zi3		0	205
𢜛	jan1		0	205
𢜟	gong1		0	205
𢜪	nok6		0	205
𢜫	sing2		0	205
𢝊	jau1		0	205
𢝵	fit1		0	205
𢞀	saat3		0	205
𢞁	fung1		0	205
𢞖	tai3		0	205
𢞴	jan1		0	205
𢞵	fit1		0	205
𢟍	lik6		0	205
𢠃	geng6		0	205
𢠳	pit3		0	205
𢠵	cong2	tong2	1	205
𢠸	daan6		0	205
𢡟	mau6		0	205
𢡠	ci3		0	205
𢡱	kok3		0	205
𢢑	paai3		0	205
𢢭	jyu4		0	205
𢢶	ji3		0	205
𢣁	gung1		0	205
𢣷	dik6		0	205
𢤦	dung2		0	205
𢤹	goe4		0	205
𢥏	jing4		0	205
𢥞	cung1		0	205
𢥠	sung2		0	205
𢥧	jyun6		0	205
𢥫	wan6		0	205
𢦀	zong3		0	205
𢦂	laan2		0	205
𢦏	zoi1		0	205
𢦓	ngo5		0	205
𢦔	zoi1		0	205
𢦙	waak6		0	205
𢦟	ham1		0	205
𢧩	gwai2		0	205
𢧵	zit6		0	205
𢩦	zit1		0	205
𢩴	gat1		0	205
𢪎	faak3		0	205
𢫏	kam2		0	205
𢫕	wing1	wing6	1	205
𢫦	paak3		0	205
𢫨	ung2		0	205
𢫫	lat1		0	205
𢫵	zuk1		0	205
𢬎	wun4		0	205
𢬢	diu3		0	205
𢬵	pun2	pun3	1	205
𢬸	gwaat3	kut3	1	205
𢬿	kaai3	kaai5	1	205
𢭃	dau3	dau6	1	205
𢭪	hak1		0	205
𢮎	gwok3		0	205
𢮑	luk1		0	205
𢮥	cou1	cou3	1	205
𢯊	dik1		0	205
𢯎	ngaau1		0	205
𢯦	loi4		0	205
𢯱	sau2		0	205
𢯲	wun2		0	205
𢰅	zaan6		0	205
𢰦	ceon1		0	205
𢰧	jau4		0	205
𢰸	wo5		0	205
𢰾	zung2		0	205
𢱌	gaa3		0	205
𢱑	waa2	we2	1	205
𢱕	dap6		0	205
𢱟	sin1		0	205
𢱢	saak3	sok3 sok1	1	205
𢱧	pai1		0	205
𢲅	jim2		0	205
𢲈	kik1		0	205
𢲔	baan6		0	205
𢲛	tou4		0	205
𢲡	laa2	naa1	1	205
𢲩	kap1		0	205
𢲲	long3		0	205
𢲵	cou5		0	205
𢲷	ngaau1		0	205
𢲸	lou1		0	205
𢳂	bat1	pat1	1	205
𢳆	ngou4		0	205
𢳉	keoi1		0	205
𢳎	baai3		0	205
𢳜	saai1		0	205
𢳟	tung2		0	205
𢴇	zap1		0	205
𢴈	daat3		0	205
𢴉	tou4		0	205
𢴒	paang1		0	205
𢴕	ning1		0	205
𢴩	bat1		0	205
𢵄	cou5		0	205
𢵌	deoi2		0	205
𢵓	paang1		0	205
𢵧	gaan3		0	205
𢵿	gik1		0	205
𢶅	sip3		0	205
𢶍	saap3		0	205
𢶑	piu2		0	205
𢶒	kwui2		0	205
𢶕	zin2		0	205
𢶠	saau4		0	205
𢶣	dip6		0	205
𢶤	loe2		0	205
𢶯	maan1		0	205
𢶷	co1		0	205
𢷎	baai3		0	205
𢷏	buk6		0	205
𢷖	dyun2		0	205
𢷤	ban3		0	205
𢷬	dou2		0	205
𢷮	deoi2		0	205
𢸄	zin2		0	205
𢸍	zan3		0	205
𢸳	siu1	sok1	1	205
𢸶	cyut3		0	205
𢹂	kwai4		0	205
𢹑	zaang6		0	205
𢹲	kwan3		0	205
𢹸	cung4		0	205
𢺋	naan3		0	205
𢺳	maan1		0	205
𢻃	si6		0	205
𢻯	hok6		0	205
𢻹	pei1		0	205
𢻻	kai2		0	205
𢽟	cik1		0	205
𢽴	duk1		0	205
𢾖	dou6		0	205
𢿌	hing3		0	205
𢿣	hiu1		0	205
𣀳	nip6		0	205
𣀹	zyun3		0	205
𣁄	geoi2		0	205
𣁋	mei4		0	205
𣁦	pun4		0	205
𣁽	fui1		0	205
𣁾	dau2		0	205
𣂎	mun5		0	205
𣂏	keoi1		0	205
𣂷	kan4		0	205
𣂼	kan4		0	205
𣃚	hong4		0	205
𣄃	kei4		0	205
𣄣	jyu4		0	205
𣄽	doek3		0	205
𣅽	pui3		0	205
𣆂	jyun6		0	205
𣆤	fong2		0	205
𣆥	fong2		0	205
𣆳	gang2		0	205
𣇇	daan6		0	205
𣇈	hiu2		0	205
𣇉	gwan1		0	205
𣇪	jiu6		0	205
𣇷	fong1		0	205
𣇸	ceon1		0	205
𣇹	man5		0	205
𣈏	sik1		0	205
𣈥	tou1		0	205
𣈯	jyu4		0	205
𣈱	coeng3		0	205
𣈲	mei4		0	205
𣈳	min5		0	205
𣈴	miu4		0	205
𣉖	hyun1	syun2	1	205
𣉞	gou2		0	205
𣉢	mai4		0	205
𣊁	ngou4		0	205
𣊉	gei2		0	205
𣊊	hou6		0	205
𣊡	hin2	gaap3	1	205
𣊫	luk6		0	205
𣊬	seon3		0	205
𣊭	luk6		0	205
𣋒	kwai4		0	205
𣋠	cai4		0	205
𣋡	mung4		0	205
𣌀	hei1		0	205
𣌊	haa4		0	205
𣌟	ling4		0	205
𣎆	lo5		0	205
𣎜	jan6		0	205
𣎴	dan2		0	205
𣎵	put3		0	205
𣏂	saai3	saat3	1	205
𣏌	zi6		0	205
𣏕	fai3		0	205
𣏗	cyu5		0	205
𣏞	jau4		0	205
𣏦	muk6		0	205
𣏴	jan4		0	205
𣏵	naam4		0	205
𣏹	zoi1		0	205
𣏺	hung2		0	205
𣏾	dak6		0	205
𣐀	man4		0	205
𣐿	ji1		0	205
𣑁	cung1		0	205
𣑐	diu3		0	205
𣑯	tou4		0	205
𣑱	jim5		0	205
𣑲	pui3		0	205
𣓌	gou1		0	205
𣓥	jau4		0	205
𣔙	hin1		0	205
𣔨	kang3		0	205
𣔰	zi1		0	205
𣔳	tok3		0	205
𣔼	gon1		0	205
𣕑	co2		0	205
𣕚	mau6		0	205
𣕧	gaa3		0	205
𣖂	jip6	jit6	1	205
𣖕	peng1		0	205
𣖙	mei5		0	205
𣖜	wai6		0	205
𣖧	sai6		0	205
𣖻	hoi2		0	205
𣗍	kei4		0	205
𣗎	cyun4		0	205
𣗏	fung1		0	205
𣗳	syu6		0	205
𣘀	sau1		0	205
𣘗	nik1		0	205
𣘚	seot1		0	205
𣘛	dau1		0	205
𣘦	ji1		0	205
𣘼	kai2		0	205
𣙀	zap1		0	205
𣙗	jip6		0	205
𣙙	cuk1		0	205
𣙜	kok3		0	205
𣙟	soeng4		0	205
𣙷	mong5		0	205
𣚇	bou3		0	205
𣚎	leoi4		0	205
𣚕	jaap3		0	205
𣚞	jam4	jim4 sim4	1	205
𣚦	goeng6		0	205
𣚭	guk1		0	205
𣚺	hong2	hong6	1	205
𣛟	zoeng2		0	205
𣛮	sing6		0	205
𣜃	jau5		0	205
𣜖	dip6		0	205
𣜠	hei1		0	205
𣜭	zin2		0	205
𣜯	hyun1		0	205
𣜿	jip6		0	205
𣝗	wat6		0	205
𣝦	ceoi3		0	205
𣞁	wing4		0	205
𣞢	ze3		0	205
𣞼	joeng5		0	205
𣟂	fun1		0	205
𣟄	tok3		0	205
𣟕	san1		0	205
𣟖	mo4		0	205
𣟗	ji4		0	205
𣟴	saan1		0	205
𣠺	cip3		0	205
𣡌	jip6	jit6	1	205
𣢿	mau5		0	205
𣣱	ji2		0	205
𣣷	ci1		0	205
𣣻	han6		0	205
𣦼	caan4		0	205
𣧂	laai5		0	205
𣧑	hung1		0	205
𣪊	hok3		0	205
𣪕	gwai2		0	205
𣪘	gui2		0	205
𣪠	gik1	gai3	1	205
𣪧	jan1		0	205
𣫒	hang1		0	205
𣫛	ngai6		0	205
𣫮	hou2		0	205
𣫺	juk6		0	205
𣬉	pei4		0	205
𣬚	paak3		0	205
𣭚	bou6		0	205
𣭡	sin2		0	205
𣭲	jung2		0	205
𣯄	jin2		0	205
𣰇	jung2		0	205
𣱙	jam1		0	205
𣱣	kwan3		0	205
𣲆	gei2		0	205
𣲙	zeoi2		0	205
𣲚	jan4		0	205
𣲛	sing4		0	205
𣲵	zi2		0	205
𣲷	nap6		0	205
𣳇	zo2		0	205
𣳈	sin1		0	205
𣳉	si3		0	205
𣳨	deoi1		0	205
𣳼	doe4		0	205
𣳽	pui3		0	205
𣳾	taai3		0	205
𣳿	jyu5		0	205
𣴓	gin6		0	205
𣴮	zoi1		0	205
𣵀	nit6		0	205
𣵛	sau3		0	205
𣵦	din6		0	205
𣵷	gam1	haam4	1	205
𣵺	to4		0	205
𣵾	gwai1		0	205
𣶂	wong5		0	205
𣶃	ciu2		0	205
𣶏	zip3		0	205
𣶐	paau3		0	205
𣶙	jin4		0	205
𣶚	jin3		0	205
𣶛	jin4		0	205
𣶜	jin4		0	205
𣶶	coi2		0	205
𣶷	daam6		0	205
𣶸	bing2		0	205
𣶹	jin2		0	205
𣶺	ji4		0	205
𣶻	dik6		0	205
𣶼	fan1		0	205
𣶽	wan4		0	205
𣷣	gong1		0	205
𣷸	zi1		0	205
𣸆	ci2		0	205
𣸑	loeng4		0	205
𣸪	fuk6	fuk1 fau6	1	205
𣸬	ciu1		0	205
𣸭	juk1		0	205
𣸮	jam1		0	205
𣸯	jau4		0	205
𣸰	jim1		0	205
𣸱	jyun2		0	205
𣸹	ping4		0	205
𣺈	ji2		0	205
𣺉	lam1		0	205
𣺊	gaa1		0	205
𣺋	sin6		0	205
𣺌	miu5		0	205
𣺹	zin2		0	205
𣺿	fung1		0	205
𣻗	ji4		0	205
𣻷	wai3		0	205
𣻸	soeng4		0	205
𣻹	gin1		0	205
𣻺	gei1		0	205
𣻻	gun1		0	205
𣻼	hou4		0	205
𣼑	bou2		0	205
𣼵	lei6		0	205
𣽁	zung1		0	205
𣽉	jyu4		0	205
𣽊	zeon3		0	205
𣽡	bok3		0	205
𣽿	cing4		0	205
𣾀	wui6		0	205
𣾁	kei4		0	205
𣾂	gaai1		0	205
𣾏	kei4		0	205
𣾫	jeoi5		0	205
𣾰	cat1		0	205
𣾴	buk6		0	205
𣾷	kiu4		0	205
𣿀	pou2		0	205
𣿅	dung2		0	205
𣿫	dip6		0	205
𣿬	wui6		0	205
𣿭	ji4		0	205
𣿮	kwai4		0	205
𣿯	sam1		0	205
𣿰	zeon3		0	205
𤀑	ning6		0	205
𤀹	zeon3		0	205
𤀺	gaa1		0	205
𤀻	sam1		0	205
𤀼	luk6		0	205
𤀽	ji2		0	205
𤁋	lik1		0	205
𤁗	min4		0	205
𤁢	zit1		0	205
𤁳	sip3		0	205
𤂅	zing6		0	205
𤂆	gwik1		0	205
𤂋	ziu2		0	205
𤂌	kit3		0	205
𤂍	lin4		0	205
𤂑	nung4		0	205
𤃉	lik6		0	205
𤃡	wing6		0	205
𤃬	wun2	wun5	1	205
𤄄	gau1		0	205
𤄏	hung4		0	205
𤄙	siu1		0	205
𤄷	lo4		0	205
𤄿	lik1		0	205
𤅀	jing4		0	205
𤅄	lim4		0	205
𤅎	maan6		0	205
𤅕	cau4		0	205
𤅖	pan4		0	205
𤅗	jing4		0	205
𤅜	piu1		0	205
𤅟	lou6		0	205
𤅡	hou6		0	205
𤅢	joek6		0	205
𤅷	ling4		0	205
𤅺	jam1		0	205
𤆍	cek3		0	205
𤆣	saap6		0	205
𤆤	jung2		0	205
𤆥	wan4		0	205
𤆬	mou4		0	205
𤆵	baa1		0	205
𤇍	seot6		0	205
𤇢	baak6		0	205
𤇼	on1		0	205
𤈛	gong1	gwong1	1	205
𤈺	king4		0	205
𤉋	zing1		0	205
𤉖	ce1		0	205
𤉙	fan1		0	205
𤉶	ngaau4		0	205
𤉷	jin4		0	205
𤉸	geoi1		0	205
𤊄	kei4		0	205
𤊒	luk6		0	205
𤊓	ngai4		0	205
𤊕	coi2		0	205
𤊥	ling4		0	205
𤊨	wik6		0	205
𤊿	cip3		0	205
𤋁	joeng4		0	205
𤋉	jyun6		0	205
𤋊	ping4		0	205
𤋮	hei1		0	205
𤋺	zing1		0	205
𤌍	hok3		0	205
𤌚	wui4		0	205
𤌴	git6		0	205
𤍈	hei2		0	205
𤍕	jau4		0	205
𤍠	jit6		0	205
𤍢	jim6		0	205
𤍣	kwan1		0	205
𤍤	zoeng1		0	205
𤍥	heoi2		0	205
𤎌	tong4		0	205
𤎖	hong1		0	205
𤎜	long5		0	205
𤎩	seoi6		0	205
𤎽	gun3		0	205
𤏁	hei1		0	205
𤏩	fan1		0	205
𤏪	lou4		0	205
𤏲	zoek6		0	205
𤏶	ngou4	ngaau4	1	205
𤏸	zyu3		0	205
𤏻	sip3	sit3	1	205
𤐄	zin1		0	205
𤐵	gaa1		0	205
𤐶	hou4		0	205
𤑕	fan1		0	205
𤑚	jing4		0	205
𤑛	fan1		0	205
𤑳	siu1		0	205
𤑾	seoi6		0	205
𤒇	san1		0	205
𤒈	jin3		0	205
𤒦	jim6	jim4	1	205
𤒹	jip6		0	205
𤒼	fong2		0	205
𤓎	zaan3		0	205
𤓓	lo3		0	205
𤓖	lyun4		0	205
𤔅	dit6		0	205
𤔔	lyun6		0	205
𤔡	wai4		0	205
𤔲	si1		0	205
𤕭	zoeng1		0	205
𤕸	zong1		0	205
𤗈	sip3		0	205
𤘘	hau2		0	205
𤘪	daan1		0	205
𤙖	hau1	hung1 nau6	1	205
𤙡	sing1		0	205
𤙥	hak1		0	205
𤙴	caau1		0	205
𤚗	syun1		0	205
𤛔	maan6		0	205
𤛘	mong1		0	205
𤜆	lung4		0	205
𤜌	bok6		0	205
𤜥	ji6		0	205
𤜯	kap6		0	205
𤜱	baa1		0	205
𤝣	bing1		0	205
𤝽	leot6		0	205
𤞏	si1		0	205
𤞰	kau4		0	205
𤞶	hon4		0	205
𤟠	seoi1		0	205
𤟡	wong4		0	205
𤠑	lau4		0	205
𤠒	si1		0	205
𤠣	hau4		0	205
𤡛	ning4		0	205
𤡺	ning4		0	205
𤢂	suk1		0	205
𤢊	lou6		0	205
𤢕	dou3		0	205
𤢖	siu1		0	205
𤢪	lip6		0	205
𤣩	juk6		0	205
𤣰	bou2		0	205
𤣱	ji5		0	205
𤣲	seon3		0	205
𤣳	cin1		0	205
𤣻	mut6		0	205
𤣿	hoi1		0	205
𤤀	tyun4		0	205
𤤁	fong1		0	205
𤤌	jung2		0	205
𤤖	fat1		0	205
𤤗	nei4		0	205
𤤙	jai6		0	205
𤤯	wing5		0	205
𤤳	ji5		0	205
𤤴	gok3		0	205
𤤾	jin2		0	205
𤤿	baak3		0	205
𤥀	do1		0	205
𤥁	ming4		0	205
𤥂	jik6		0	205
𤥃	on1		0	205
𤥕	gwei2		0	205
𤥢	kok3		0	205
𤥣	hak1		0	205
𤥴	zi3		0	205
𤥵	gaap3		0	205
𤥶	naa5		0	205
𤥻	jin4		0	205
𤥿	jik6		0	205
𤦂	gwok3		0	205
𤦈	fan1		0	205
𤦉	hyun1		0	205
𤦊	daap6		0	205
𤦋	bing2		0	205
𤦌	ji4		0	205
𤦍	pui3		0	205
𤦎	leon4		0	205
𤦏	fat1		0	205
𤦔	gyun2		0	205
𤦤	ji4		0	205
𤦧	zi1		0	205
𤦩	ok3		0	205
𤦫	ling4		0	205
𤦬	nim6		0	205
𤦭	cing1		0	205
𤦷	jin2		0	205
𤦸	bou2		0	205
𤦹	zing1		0	205
𤦺	kei4		0	205
𤦻	loeng6		0	205
𤧅	ping4		0	205
𤧐	cau1		0	205
𤧚	cung1		0	205
𤧞	mei5		0	205
𤧟	ting4		0	205
𤧣	gin3		0	205
𤧥	paak3		0	205
𤧬	wun3		0	205
𤧭	pong4		0	205
𤧶	haa6		0	205
𤧷	zin2		0	205
𤧸	hei2		0	205
𤧹	ci4		0	205
𤧻	ting4		0	205
𤨎	keoi4		0	205
𤨏	so2		0	205
𤨒	jan1		0	205
𤨓	caa4		0	205
𤨕	lak6		0	205
𤨡	long5		0	205
𤨢	taan3		0	205
𤨣	gau3		0	205
𤨤	zan1		0	205
𤨥	gei3		0	205
𤨦	ji1		0	205
𤨧	piu3		0	205
𤨨	man5		0	205
𤨩	sau1		0	205
𤨪	caan3		0	205
𤨾	kwan1		0	205
𤩂	lou4		0	205
𤩅	syun4		0	205
𤩊	jiu4		0	205
𤩎	gaan1		0	205
𤩏	cing4		0	205
𤩐	si1		0	205
𤩑	hoi2		0	205
𤩝	kiu4		0	205
𤩥	seon3		0	205
𤩦	git3		0	205
𤩧	daan1		0	205
𤩱	din6		0	205
𤩷	syun4		0	205
𤩸	kwai4		0	205
𤩹	bik1		0	205
𤩺	ji6		0	205
𤪌	kei4		0	205
𤪓	syun4		0	205
𤪔	gun2		0	205
𤪕	mou5		0	205
𤪖	fai1		0	205
𤪤	wing4		0	205
𤪥	ning4		0	205
𤪦	ji4		0	205
𤪧	fung6		0	205
𤪱	sau1		0	205
𤪲	lai6		0	205
𤪳	wai6		0	205
𤪺	sam2		0	205
𤪻	syun4		0	205
𤪼	lin4		0	205
𤫀	syun4		0	205
𤫇	jin3		0	205
𤫊	ling4		0	205
𤫑	haa4		0	205
𤫟	lai6		0	205
𤫢	lou6		0	205
𤫩	ling4		0	205
𤬏	lau4	lau6	1	205
𤭛	gong1		0	205
𤭢	seoi6		0	205
𤭮	cung5		0	205
𤮨	lung4		0	205
𤯌	gam1	haam4	1	205
𤯟	duk6		0	205
𤯵	jing4		0	205
𤰉	jung6		0	205
𤰕	hyun2		0	205
𤰘	mau5		0	205
𤰚	laa1		0	205
𤰜	mau5		0	205
𤰝	hyun2		0	205
𤱈	mau5		0	205
𤱊	lau4		0	205
𤱔	mau5		0	205
𤱝	teon2		0	205
𤱰	waa1		0	205
𤱶	hyun2		0	205
𤲞	jyu4		0	205
𤲟	cing1		0	205
𤳈	soeng1		0	205
𤳉	hon3		0	205
𤳙	jyun2		0	205
𤴆	cau4		0	205
𤴓	zing1	zing3	1	205
𤴛	zi3		0	205
𤴡	zi3	dai3	1	205
𤵊	dau6		0	205
𤵐	ng6		0	205
𤵚	to4		0	205
𤵜	zan2		0	205
𤶀	gaau2		0	205
𤶸	naa1		0	205
𤷇	wak6		0	205
𤷤	ngau6		0	205
𤷪	mang2		0	205
𤷫	ci3		0	205
𤸅	man4		0	205
𤸇	lung4		0	205
𤸻	naa1		0	205
𤹐	lit3		0	205
𤺘	aa2		0	205
𤺥	daap3		0	205
𤺧	zang2		0	205
𤺺	daan3		0	205
𤻘	jan5		0	205
𤻴	tang4		0	205
𤼎	mak6		0	205
𤽜	mui6		0	205
𤾂	jyun2		0	205
𤾆	dau1		0	205
𤾗	wong4		0	205
𤾚	jit6		0	205
𤾩	bik1		0	205
𤾸	faa1		0	205
𤿂	saai4		0	205
𤿪	zaap3		0	205
𥀖	gai1		0	205
𥀬	jim2		0	205
𥁃	fong1		0	205
𥁒	ngaau4		0	205
𥂁	jim4		0	205
𥂓	mo1		0	205
𥂝	am1		0	205
𥄎	cik1		0	205
𥄕	mit6		0	205
𥄨	cau2		0	205
𥄫	gap6		0	106
𥅈	laap3		0	205
𥅟	ngaau1		0	205
𥅠	hau1		0	205
𥅡	ji4		0	205
𥅻	cung3		0	205
𥅽	daap3		0	205
𥅾	zong1		0	205
𥇍	coek3		0	205
𥇣	gwat6		0	205
𥇦	sik1		0	205
𥇧	noi6		0	205
𥈃	sau2		0	205
𥈟	sau2		0	205
𥈠	jeoi6		0	205
𥈡	noi6		0	205
𥈤	zit6	zip6	1	205
𥈲	kip1		0	205
𥈶	nam6		0	205
𥉏	hon1	hon3	1	205
𥉐	hai5		0	205
𥊌	caau4		0	205
𥊍	sit3		0	205
𥊙	zong1		0	205
𥋇	caang3		0	205
𥋘	saau4		0	205
𥋟	hei1		0	205
𥌎	seon4		0	205
𥌑	jeoi6		0	205
𥌓	cyu5		0	205
𥌛	lai6		0	205
𥌣	min4		0	205
𥎊	ging1	gwaan1	1	205
𥐙	paat3		0	205
𥐞	mong4		0	205
𥐥	faan4		0	205
𥐯	taan4		0	205
𥐰	keoi1		0	205
𥑆	gaa1		0	205
𥑢	bou3		0	205
𥑪	naau4		0	205
𥑬	caak3		0	205
𥑮	gu2		0	205
𥒚	laau4	naau4	1	205
𥓁	naau4		0	205
𥓓	bei1		0	205
𥔀	gwang1		0	205
𥔱	sin3		0	205
𥔲	ngok6		0	205
𥔵	ci4		0	205
𥔿	ham2		0	205
𥕏	gwak6		0	205
𥕛	gei1		0	205
𥕜	gun1		0	205
𥕝	zaat3		0	205
𥕞	zoeng1		0	205
𥕢	cou4		0	205
𥕥	keoi1		0	205
𥕦	gwan2		0	205
𥕧	daai3		0	205
𥖁	zyun1		0	205
𥖄	sin6		0	205
𥖏	gun3		0	205
𥖝	lim4		0	205
𥖹	tung4		0	205
𥗕	jin3		0	205
𥗛	cin4		0	205
𥗠	lai6		0	205
𥘅	si6		0	205
𥘑	wo6		0	205
𥘵	taan2		0	205
𥙑	gong1	gwong1	1	205
𥚃	leoi5		0	205
𥚈	bei2		0	205
𥚕	coeng1		0	205
𥛣	daai3		0	205
𥛱	bang1		0	205
𥛶	sin6		0	205
𥜆	lau4		0	205
𥜌	ou3		0	205
𥜝	kit3		0	205
𥜥	zi6		0	205
𥜽	sit3		0	205
𥝌	kai1		0	205
𥝝	nin4		0	205
𥝢	lei6		0	205
𥝧	baa6		0	205
𥝲	wan5		0	205
𥞌	hoeng1		0	205
𥞛	do6		0	205
𥟇	kau4		0	205
𥟟	muk6		0	205
𥟠	gaai1		0	205
𥟡	zung1		0	205
𥡌	cau1		0	205
𥡗	maa5		0	205
𥡝	gim1		0	205
𥡲	jung4		0	205
𥢢	teoi4		0	205
𥣈	buk6		0	205
𥣞	dek6		0	205
𥣡	leon6		0	205
𥤃	jau5		0	205
𥤚	cau1		0	205
𥥅	lung1		0	205
𥥆	miu5		0	205
𥥖	gu2		0	205
𥥷	dau6		0	205
𥦗	coeng1		0	205
𥦬	coeng1		0	205
𥧌	mei6		0	205
𥧹	tam5		0	205
𥩔	ling4		0	205
𥪜	ting4		0	205
𥪮	zoeng1		0	205
𥪯	jiu4		0	205
𥫩	zoek3		0	205
𥫱	deon6		0	205
𥬇	siu3		0	205
𥬯	kaau3		0	205
𥬲	do2		0	205
𥭋	do1		0	205
𥭴	san1		0	205
𥮉	pou4		0	205
𥮘	nim6		0	205
𥮳	aa3		0	205
𥮴	dung1		0	205
𥮾	caam2		0	205
𥯆	sung1		0	205
𥯤	wai5		0	205
𥯨	si1		0	205
𥰁	zing1		0	205
𥰆	dai3		0	205
𥰡	caak3		0	205
𥰭	ci1		0	205
𥱊	zik6		0	205
𥱥	ceoi4		0	205
𥱼	paai4		0	205
𥲑	maan4		0	205
𥲤	heoi1		0	205
𥳀	wai3		0	205
𥳁	geoi6		0	205
𥳑	gaan2		0	205
𥳓	saau1		0	205
𥳾	gwan1		0	205
𥴠	zyun2		0	205
𥴬	bek3		0	205
𥴰	zing6		0	205
𥵃	zaan2		0	205
𥵉	leoi2		0	205
𥵚	lak6		0	205
𥶙	seoi6	wai6	1	205
𥶹	zing6		0	205
𥷑	bat1		0	205
𥷤	guk1		0	205
𥸎	tang4		0	205
𥸤	jyu6	joek6	1	205
𥹉	nap6		0	205
𥹢	man4		0	205
𥺁	zong1		0	205
𥺂	gwing2		0	205
𥺃	zi3		0	205
𥺦	dim3		0	205
𥺼	aa3		0	205
𥻗	caa4		0	205
𥻘	leon4		0	205
𥻚	nam1		0	205
𥻟	no6		0	205
𥼚	zoek3		0	205
𥽋	cim1		0	205
𥽘	mut6		0	205
𥾯	diu3		0	205
𥿉	mat6	maat6	1	205
𥿝	doi6		0	205
𥿡	nei4		0	205
𥿢	wang4		0	205
𦀡	jyu5		0	205
𦀩	dyun6		0	205
𦁈	hung3		0	205
𦁤	nim6		0	205
𦂃	ting1		0	205
𦂗	sok3		0	205
𦂤	ping4		0	205
𦂥	dam3		0	205
𦂳	gan2		0	205
𦃂	gan2		0	205
𦄂	daai3		0	205
𦄔	zat6		0	205
𦄡	maan6		0	205
𦄿	mak6		0	205
𦅙	man4		0	205
𦅚	jau4		0	205
𦅛	cam4		0	205
𦅜	cyu5		0	205
𦆆	lim4		0	205
𦆟	mung4		0	205
𦆭	cyu5		0	205
𦆮	fai1		0	205
𦆯	ban1		0	205
𦆲	liu6		0	205
𦇝	jing4		0	205
𦇧	gai3		0	205
𦉆	zaa1		0	205
𦉘	caang1		0	205
𦉡	taam4		0	205
𦉢	ling4		0	205
𦉪	mong5		0	205
𦉫	mong5		0	205
𦉾	mong5		0	205
𦊅	dat6		0	205
𦊑	lau5		0	205
𦊔	naam5		0	205
𦊱	gwaa3		0	205
𦊾	fau4		0	205
𦋐	coek3		0	205
𦌊	cuk1		0	205
𦌵	leoi4		0	205
𦍋	me1	me5	1	205
𦍌	jam5		0	205
𦍑	goeng1		0	205
𦍒	daat6		0	205
𦍕	joeng4		0	205
𦍩	gu2		0	205
𦎾	sai1		0	205
𦏵	jik6		0	205
𦏸	jai6		0	205
𦐂	jik6		0	205
𦐇	taap3		0	205
𦐌	wang4		0	205
𦐐	man4		0	205
𦐑	ci3		0	205
𦐒	ngai6		0	205
𦑊	zing1		0	205
𦑩	fai1		0	205
𦑶	daap6		0	205
𦒃	gwang1		0	205
𦒄	wai6		0	205
𦒈	si1		0	205
𦒉	jap1		0	205
𦒍	tung4		0	205
𦒘	cin1		0	205
𦒜	zin1		0	205
𦓒	ji4		0	205
𦓾	kwan2		0	205
𦔒	zi1		0	205
𦔩	biu1		0	205
𦕃	daam1		0	205
𦕈	miu5		0	205
𦕒	zim1		0	205
𦕓	sai3		0	205
𦕲	gaap3		0	205
𦖠	sim2		0	205
𦖭	jyu4		0	205
𦖿	dap1		0	205
𦘒	lip6	nip6	1	205
𦘦	siu6		0	205
𦘩	paa4		0	205
𦘴	dou1		0	205
𦙫	zing1		0	205
𦙵	wun2		0	205
𦙶	gu2		0	205
𦙼	ci3		0	205
𦚓	pun3	pun4	1	205
𦚖	zaap3		0	205
𦚧	ceon2		0	205
𦚯	jan6		0	205
𦚱	lou5		0	205
𦚵	sai1		0	205
𦛚	nam6		0	205
𦛨	lou4		0	205
𦛼	bing1		0	205
𦜕	gei6		0	205
𦜖	ngaa6		0	205
𦝁	kei4		0	205
𦝡	jim1	jim2	1	205
𦞙	deoi2		0	205
𦞦	fok3		0	205
𦞳	jung4		0	205
𦞴	jim1		0	205
𦟌	zin2		0	205
𦠉	ai3		0	205
𦠜	jip6		0	205
𦡀	sat1	cat1	1	205
𦡆	fat1		0	205
𦡞	gam3		0	205
𦡮	pou2		0	205
𦢈	ji5		0	205
𦢊	pok1		0	205
𦢌	duk6		0	205
𦢓	mak2	mak6	1	205
𦣇	lo1		0	205
𦣞	ji4		0	205
𦤎	gou1		0	205
𦤑	gou1		0	205
𦤦	hot3		0	205
𦤶	zi3		0	205
𦤹	zi3		0	205
𦥑	geoi2	guk1 pau4	1	205
𦦨	jim6		0	205
𦦵	cung4		0	205
𦧲	loe1	loe2	1	205
𦧷	lem2		0	205
𦧺	laai2		0	205
𦨭	pei4		0	205
𦨮	doi6		0	205
𦨴	tung4		0	205
𦨵	hong4		0	205
𦩂	syun4		0	205
𦩑	loi4		0	205
𦩒	aa3		0	205
𦩻	ziu1		0	205
𦪈	ngou4		0	205
𦪙	taap3		0	205
𦪭	daat6		0	205
𦫼	liu4		0	205
𦬅	kau1		0	205
𦬊	zi6		0	205
𦬓	jau4		0	205
𦬕	zung1		0	205
𦬣	mong5		0	205
𦬨	cek3		0	205
𦬺	fong2		0	205
𦭐	cik1		0	205
𦭑	ting1		0	205
𦭒	zing3		0	205
𦭓	sai3		0	205
𦭛	cin1		0	205
𦭵	joeng4		0	205
𦮀	tyut3		0	205
𦮂	si1		0	205
𦮖	jau5		0	205
𦮗	naam4		0	205
𦮝	mong4		0	205
𦮳	kei5		0	205
𦮷	bui3		0	205
𦮼	gei6	kei4 gei1	1	205
𦯀	ban6		0	205
𦯶	mang4	king2	1	205
𦯷	miu6		0	205
𦰡	naa5		0	205
𦱀	juk6		0	205
𦱁	jin4		0	205
𦱄	gu1		0	205
𦱆	taa1	to4	1	205
𦱔	bei1		0	205
𦱾	ping4		0	205
𦱿	diu6		0	205
𦲀	ji4		0	205
𦲁	nei4		0	205
𦲂	geoi2		0	205
𦲄	kung4	gung1	1	205
𦲤	ji1		0	205
𦲷	lei6		0	205
𦲸	jyu5		0	205
𦲽	jan1		0	205
𦳀	mui6		0	205
𦳃	ce4		0	205
𦳊	si2		0	205
𦳑	mau5		0	205
𦴢	ci2		0	205
𦴣	ji1		0	205
𦴤	jing2		0	205
𦴥	seon1		0	205
𦴦	haak3		0	205
𦴧	fei1		0	205
𦴨	kwan3		0	205
𦴩	seon3		0	205
𦴪	lei5	nei5	1	205
𦵏	zong3		0	205
𦵑	geoi2		0	205
𦵯	hat6		0	205
𦵴	git6		0	205
𦶠	gan1		0	205
𦶡	hou6		0	205
𦶢	hong4		0	205
𦶣	lit6		0	205
𦶤	jyun2		0	205
𦶥	ngo4		0	205
𦶦	no5		0	205
𦶧	gwan2		0	205
𦶮	wan4		0	205
𦷜	haa6		0	205
𦷪	seoi1		0	205
𦷫	hoi2		0	205
𦷰	fau4		0	205
𦸀	kei4		0	205
𦸅	kau3		0	205
𦸇	seot6		0	205
𦸒	ji1		0	205
𦹂	bou2		0	205
𦹃	fau4		0	205
𦹄	siu6		0	205
𦹅	jyun2		0	205
𦹮	coi2		0	205
𦹲	wan6		0	205
𦹷	pui4		0	205
𦺄	hing1		0	205
𦺈	syun1		0	205
𦺋	sau1	sou2	1	205
𦺙	lai4		0	205
𦻐	zaau3		0	205
𦻑	wing6		0	205
𦻒	mou6		0	205
𦻓	cing4		0	205
𦻔	fei2		0	205
𦻕	jan2		0	205
𦻖	hyun3		0	205
𦻗	zeon3		0	205
𦼦	sing6		0	205
𦼯	zuk6		0	205
𦽊	waa4		0	205
𦽳	jyu4		0	205
𦽴	zing6		0	205
𦾔	gau6		0	205
𦾟	zaan2		0	205
𦾡	mei5		0	205
𦾾	jiu4		0	205
𦿉	zeon3		0	205
𦿞	cung1		0	205
𦿟	ji2		0	205
𧀎	gou1		0	205
𧁋	man5		0	205
𧁒	joeng6		0	205
𧁓	nung4		0	205
𧂈	ziu2		0	205
𧂭	lau6	nau6	1	205
𧂮	zing6		0	205
𧂯	wan5		0	205
𧃍	kwai4		0	205
𧃒	leoi5		0	205
𧃸	fai1		0	205
𧄉	zung2		0	205
𧄌	dan2		0	205
𧄍	kiu4		0	205
𧄦	fuk1		0	205
𧄧	wan3		0	205
𧅤	bou2		0	205
𧅥	hing1		0	205
𧅵	pan4		0	205
𧆌	zai1		0	205
𧇍	haa1		0	205
𧇣	zo2		0	205
𧈛	si1		0	205
𧈧	seoi1		0	205
𧈫	hung4		0	205
𧉧	gip3	heoi2	1	205
𧉮	se4		0	205
𧊀	gaa1		0	205
𧊅	gwaai2		0	205
𧊋	san1		0	205
𧊲	cyun4		0	205
𧊵	gong3		0	205
𧊶	doe3		0	205
𧋊	saa1		0	205
𧋍	zit3		0	205
𧋦	mei1		0	205
𧌇	bang1		0	205
𧌈	fu5		0	205
𧌓	fau6		0	205
𧍃	fei2		0	205
𧍒	ceoi2	cyun2	1	205
𧍘	jau1		0	205
𧎚	haa1		0	205
𧎮	zou2		0	205
𧏾	nik1		0	205
𧏿	zuk6		0	205
𧐅	zeoi1		0	205
𧐢	hou4		0	205
𧑃	ngou4		0	205
𧑅	jyut6		0	205
𧑐	jyut6		0	205
𧒄	gaan1		0	205
𧒆	zyun1		0	205
𧒽	leoi1		0	205
𧓍	ban1		0	205
𧕴	naan3		0	205
𧖣	maan4		0	205
𧗠	jin2		0	205
𧗤	hon3		0	205
𧗴	jung5		0	205
𧗽	hang4		0	205
𧗾	hang4		0	205
𧘂	cung1		0	205
𧘌	jing4		0	205
𧘲	zi2		0	205
𧘹	taai1		0	205
𧙕	mei6		0	205
𧙖	wu2		0	205
𧙗	jau6		0	205
𧙥	lung4	tung2	1	205
𧚅	long6		0	205
𧚔	tung2		0	205
𧛊	caai3		0	205
𧜀	mik6		0	205
𧜏	pui4		0	205
𧜵	daai3		0	205
𧜶	gin1		0	205
𧝁	hyun1		0	205
𧝞	gei1		0	205
𧝡	daap3		0	205
𧞄	jyut6		0	205
𧞅	daat6		0	205
𧟄	joeng4		0	205
𧟌	lo6		0	205
𧟘	nong6		0	205
𧟧	kap1		0	205
𧡘	kai3		0	205
𧡰	tai4		0	205
𧢃	lau4		0	205
𧢝	lai6		0	205
𧢲	gok3		0	205
𧣈	caau1		0	205
𧣾	zi6		0	205
𧤤	kwai4		0	205
𧤺	zaa1		0	205
𧥧	jiu4		0	205
𧥺	kwan1		0	205
𧦝	fu1		0	205
𧦠	aak1		0	205
𧦴	caat3		0	205
𧧏	e4	je5	1	205
𧧝	ngaa6		0	205
𧧣	hung1		0	205
𧧺	pei1		0	205
𧧽	fung1		0	205
𧨊	zaa6		0	205
𧨎	jyun4		0	205
𧨏	ji5	ji6	1	205
𧨾	tam3		0	205
𧩓	fat1		0	205
𧩙	daan3		0	205
𧩹	si1		0	205
𧩿	zaan6		0	205
𧪄	gei3		0	205
𧪽	zeon3		0	205
𧪾	syun1		0	205
𧫴	gan2		0	205
𧬁	hou6		0	205
𧬆	zin2		0	205
𧬋	faat3		0	205
𧬘	gaan1		0	205
𧬨	wai3		0	205
𧬪	gwan2		0	205
𧬸	tang4		0	205
𧬹	lai5		0	205
𧬺	dai3		0	205
𧭈	ning4		0	205
𧭜	leoi6		0	205
𧭥	lok6		0	205
𧮂	cim3		0	205
𧮰	ham1		0	205
𧯯	kei4		0	205
𧯴	lam4		0	205
𧰊	tin4		0	205
𧰒	gwok3		0	205
𧰟	jim6		0	205
𧰲	ci2		0	205
𧰵	duk1		0	205
𧰼	zoeng6		0	205
𧱬	jyu5		0	205
𧲨	gin1		0	205
𧲱	joeng1		0	205
𧲲	wu4		0	205
𧳅	sai2	si2	1	205
𧴖	wai3		0	205
𧴪	so2		0	205
𧴯	me1		0	205
𧵓	ziu6		0	205
𧵔	bui3		0	205
𧵦	fong3		0	205
𧵳	sit6		0	205
𧶄	zaang1		0	205
𧶏	fau2		0	205
𧶘	loi6		0	205
𧶚	fan5		0	205
𧶛	loi6		0	205
𧶶	faan3		0	205
𧶽	ci3		0	205
𧷜	jung1		0	205
𧸛	ngaan6		0	205
𧹍	zaan3		0	205
𧹏	zaan3		0	205
𧹞	naan5		0	205
𧺯	dau2		0	205
𧻙	mut6		0	205
𧻚	jyun4		0	205
𧼮	tong1	tong3	1	205
𧽒	cau5		0	205
𧿒	dam6		0	205
𧿔	nuk6		0	205
𧿫	tau2		0	205
𧿹	mou5		0	205
𧿼	gwaa1		0	205
𨀂	cuk1		0	205
𨀉	cyu5		0	205
𨀞	leot6		0	205
𨀣	kei2		0	205
𨀤	leoi1		0	205
𨀥	zi1		0	205
𨁈	gaang3		0	205
𨂂	zik3		0	205
𨂃	pang4		0	205
𨂐	leoi1		0	205
𨂽	dam6		0	205
𨂾	naam3		0	205
𨂿	wai1		0	205
𨃞	pun4		0	205
𨃟	pun4		0	205
𨃨	lin5	nin5 zin2	1	205
𨃩	sin3		0	205
𨃴	gwat1		0	205
𨄚	coeng1		0	205
𨄮	seot1		0	205
𨅏	laam3		0	205
𨅝	jaang3		0	205
𨅯	waa4		0	205
𨆉	tek3		0	205
𨆌	faan4		0	205
𨆪	jaang3		0	205
𨆯	buk6		0	205
𨆼	cyu4		0	205
𨇤	sin1		0	205
𨇨	sit3		0	205
𨈇	laam3		0	205
𨈘	saau2		0	205
𨈚	pei4		0	205
𨉉	pei4		0	205
𨉖	li1	ni1 nei1	1	205
𨉣	haa1		0	205
𨉫	kung4		0	205
𨉹	cek3	gwok3	1	205
𨉼	wu3		0	205
𨊛	laak3		0	205
𨊥	gik1		0	205
𨊰	ngat6		0	205
𨊸	jyut6		0	205
𨋍	wan1		0	205
𨋢	lip1		0	205
𨌆	wang4		0	205
𨌘	zeon3		0	205
𨌩	tong3		0	205
𨌯	juk6		0	205
𨌺	hon6		0	205
𨍥	jyun5		0	205
𨍭	bok3		0	205
𨍳	jiu4		0	205
𨍽	gwan2		0	205
𨎊	gwan2		0	205
𨏈	jan2		0	205
𨏢	ngai5		0	205
𨐒	ci4		0	205
𨑨	zat1		0	205
𨑬	lit6		0	205
𨑳	ting4		0	205
𨒂	jin4		0	205
𨒪	zik1		0	205
𨓈	kut3		0	205
𨓦	lei5		0	205
𨓬	daap6		0	205
𨔁	jau4		0	205
𨔰	cin1		0	205
𨔼	jau4		0	205
𨔽	ke2		0	205
𨕬	ngok6		0	205
𨖍	ng4		0	205
𨗨	wai5		0	205
𨗴	cim3		0	205
𨗹	dik6		0	205
𨗿	mok3		0	205
𨘀	juk1		0	205
𨘋	jiu1		0	205
𨘥	zou6		0	205
𨘷	maau6		0	205
𨘻	jyun5		0	205
𨙊	keoi4		0	205
𨙻	naa5		0	205
𨚗	naa5		0	205
𨚪	lap6		0	205
𨚫	koek3		0	205
𨚲	cyun4		0	205
𨚵	zoi3		0	205
𨚼	juk1		0	205
𨛍	saau2		0	205
𨛘	sing1		0	205
𨛦	gwan6		0	205
𨛬	pui4		0	205
𨜏	jing4		0	205
𨜓	zing1		0	205
𨝋	zaai3	zai3	1	205
𨝣	pei2		0	205
𨞑	ung3		0	205
𨞳	hon4		0	205
𨟠	hyun1		0	205
𨠄	jau4		0	205
𨠑	to4		0	205
𨠒	faan5		0	205
𨠫	jau4		0	205
𨢋	huk1	guk1	1	205
𨢕	tou4		0	205
𨢬	tou4		0	205
𨣦	zeoi6		0	205
𨤍	ling4		0	205
𨤳	lei4		0	205
𨥈	gei2		0	205
𨥉	saan3		0	205
𨥖	jam1		0	205
𨥤	syu1		0	205
𨥨	maau4		0	205
𨥬	nou4		0	205
𨥭	pik1		0	205
𨥾	ping4		0	205
𨦉	ci3		0	205
𨦨	pui3		0	205
𨦪	joeng5		0	205
𨦫	jyu5		0	205
𨦸	zan3		0	205
𨦼	jin4		0	205
𨧀	dou6		0	205
𨧜	bong1		0	205
𨧞	jing4		0	205
𨧡	gwan1		0	205
𨧣	hok3		0	205
𨧤	hang1		0	205
𨧧	zoek3		0	205
𨧨	jeoi6		0	205
𨧹	ming4		0	205
𨧺	bing2		0	205
𨧻	jin4		0	205
𨧼	fan1		0	205
𨨏	bo1		0	205
𨨖	kam4		0	205
𨨥	sam1		0	205
𨨩	zung1		0	205
𨨲	ci4		0	205
𨨶	jyu5		0	205
𨨿	sau1		0	205
𨩄	juk1		0	205
𨩅	hung4		0	205
𨩆	wai1		0	205
𨩇	naam4		0	205
𨩈	bui3		0	205
𨩉	wun6		0	205
𨩊	jau4		0	205
𨩋	wai6		0	205
𨩙	jing4		0	205
𨩚	bou2		0	205
𨪁	jiu3		0	205
𨪂	seoi6		0	205
𨪃	ting4		0	205
𨪚	hin1		0	205
𨪛	jyun4		0	205
𨪜	jan1		0	205
𨪦	ceon4		0	205
𨫀	zin2		0	205
𨫆	ting4		0	205
𨫋	gung3		0	205
𨫌	zeon3		0	205
𨫎	zan1		0	205
𨫑	waan4		0	205
𨫞	ci4		0	205
𨫟	loeng4		0	205
𨫠	zoek3		0	205
𨫡	gin6		0	205
𨫢	soeng1		0	205
𨫣	kau4		0	205
𨫥	coeng1		0	205
𨫪	hon3		0	205
𨫼	ngou6		0	205
𨬌	kwan1		0	205
𨬒	laam4		0	205
𨬓	jyut6		0	205
𨬟	gwu1		0	205
𨬡	keoi4		0	205
𨬢	sin6		0	205
𨬫	hoi2		0	205
𨬬	fu3		0	205
𨬭	zok6		0	205
𨬯	sai1		0	205
𨭆	hak1		0	205
𨭌	paang1		0	205
𨭎	hei2		0	205
𨭐	daan1		0	205
𨭛	laap6		0	205
𨭣	co2		0	205
𨭤	ou1		0	205
𨭥	jip6		0	205
𨭦	jyun4		0	205
𨭬	maan6		0	205
𨮏	caan3		0	205
𨮙	hou4		0	205
𨮜	zim6		0	205
𨮝	deoi3		0	205
𨮹	dik1	dik6	1	205
𨯂	zan3		0	205
𨯅	lai6		0	205
𨯔	leoi4		0	205
𨯗	jing4		0	205
𨯙	hing3		0	205
𨯚	wai6		0	205
𨯧	jin3		0	205
𨯨	hei1		0	205
𨯩	zaam1		0	205
𨯪	hon6		0	205
𨯫	ngok6		0	205
𨯬	jyun4		0	205
𨯵	hing1		0	205
𨯿	gaam3		0	205
𨰃	jing1		0	205
𨰉	zaap6		0	205
𨰜	zoek3		0	205
𨰝	gaan2		0	205
𨰣	lai6		0	205
𨰦	bou2		0	205
𨰫	jim4		0	205
𨰰	bou2		0	205
𨰹	gaam3		0	205
𨰻	bou2		0	205
𨲠	ze1		0	205
𨳊	gau1		0	205
𨳍	cat6		0	205
𨳒	diu2		0	205
𨴴	bing1		0	205
𨵦	jyu4		0	205
𨵽	fan1		0	205
𨶑	gwik1		0	205
𨶙	lan2		0	205
𨶹	si1		0	205
𨷺	gau1		0	205
𨸏	fau6		0	205
𨸚	kap1		0	205
𨸬	zan6		0	205
𨸶	ping4		0	205
𨸹	pei4		0	205
𨹓	hong4		0	205
𨹥	dai6		0	205
𨹦	ngoi4		0	205
𨹴	fu1		0	205
𨺗	dau2		0	205
𨺬	gaai3		0	205
𨺲	jyu5		0	205
𨺳	jung5		0	205
𨺹	cau1		0	205
𨻙	fong2		0	205
𨻧	lau4		0	205
𨻳	jin2	jin1	1	205
𨻶	gwik1		0	205
𨽻	dai6		0	205
𨾊	hong2	hung4	1	205
𨿅	lok6		0	205
𨿽	seoi1		0	205
𩁹	jyu4	jyu6	1	205
𩁺	sam2		0	205
𩂈	cam3		0	205
𩂋	gan1		0	205
𩂓	dung1		0	205
𩂯	jau1		0	205
𩂰	dou3		0	205
𩂱	ji1		0	205
𩃀	jin6		0	205
𩃤	kei4		0	205
𩃥	pui3		0	205
𩃬	jam1		0	205
𩃭	cung4		0	205
𩄍	cau1		0	205
𩄐	gong3		0	205
𩄼	fei2		0	205
𩅍	maan6		0	205
𩅛	fung4		0	205
𩅞	zung1		0	205
𩅰	si1		0	205
𩅻	zyu3		0	205
𩆜	ling4		0	205
𩆨	fung1		0	205
𩇕	zing6		0	205
𩇫	fei1		0	205
𩊙	fuk6		0	205
𩊚	lok3		0	205
𩋘	haai4		0	205
𩋧	haai4		0	205
𩌑	jyun2		0	205
𩍘	bou6		0	205
𩍿	bok6		0	205
𩏇	dyun6		0	205
𩏶	cau1		0	205
𩐝	wan6		0	205
𩐠	hung1		0	205
𩐳	wan6		0	205
𩐿	hoeng2		0	205
𩑈	gong3	gwong3	1	205
𩑺	jim4		0	205
𩓐	but6		0	205
𩓔	mei6		0	205
𩓙	wing6		0	205
𩓚	kwai4		0	205
𩓥	ngok6		0	205
𩓧	ji4		0	205
𩓿	jim4		0	205
𩔖	leoi6		0	205
𩔗	leoi6		0	205
𩔰	hin1		0	205
𩕧	seon3		0	205
𩖞	laam4		0	205
𩖰	cam4		0	205
𩖸	hou4		0	205
𩗗	geoi6		0	205
𩗩	lau4		0	205
𩗴	bung6		0	205
𩛥	zoi3		0	205
𩜠	mam1	ngam1	1	205
𩜯	sau1		0	205
𩜲	fuk1		0	205
𩜹	zaan6		0	205
𩝡	hin3		0	205
𩞁	mo4		0	205
𩞯	loeng4		0	205
𩞿	ham6		0	205
𩟔	caat3		0	205
𩟠	mo4		0	205
𩠐	sau2		0	205
𩡗	cau3		0	205
𩢤	juk6		0	205
𩢲	sai2		0	205
𩣊	syut3		0	205
𩣑	on1	ngon1	1	205
𩣡	but6	bok6	1	205
𩣪	hang1		0	205
𩣱	luk6		0	205
𩣺	ban1	ban3	1	205
𩤃	aa3		0	205
𩤅	geoi1		0	205
𩤯	jing1		0	205
𩥅	tou1		0	205
𩥇	zin3		0	205
𩥈	wan1		0	205
𩥉	gei3		0	205
𩥋	ngau6		0	205
𩥝	zi3		0	205
𩥪	fung1		0	205
𩥫	zung1		0	205
𩦝	sing6		0	205
𩦢	jyu4		0	205
𩧃	lai6		0	205
𩧉	gong1	gwong1	1	205
𩨨	zi6		0	205
𩨳	wat1		0	205
𩩉	haau1		0	205
𩩍	peng1		0	205
𩩺	cung4		0	205
𩬅	jim4		0	205
𩬎	jam1	jam4	1	205
𩬚	kim4		0	205
𩭪	gwat6		0	205
𩮜	tik1		0	205
𩯊	niu1		0	205
𩯕	so1		0	205
𩯡	lip6		0	205
𩯭	ban3		0	205
𩰓	hung6		0	205
𩰙	hap6	kap1 taap3	1	205
𩱳	zaai1		0	205
𩲭	jung4		0	205
𩴾	mit6		0	205
𩵒	baa1		0	205
𩵚	tou2		0	205
𩵹	fu6		0	205
𩵼	jau5		0	205
𩶅	ci4		0	205
𩶉	pou5		0	205
𩶘	lap6	laap6	1	205
𩶛	gaa1		0	205
𩶬	si4		0	205
𩷒	sam4		0	205
𩷶	mong4		0	205
𩸀	bang6		0	205
𩸆	jip3		0	205
𩸘	gun2		0	205
𩸭	leoi6		0	205
𩹨	dyun6		0	205
𩹲	pou1		0	205
𩺬	zeoi1		0	205
𩺰	jyu2	jyu4 ng4	1	205
𩻃	sung4		0	205
𩻴	gwaan1		0	205
𩻸	dai6		0	205
𩼈	ou2		0	205
𩼣	go3	gwo3	1	205
𩼰	ci4		0	205
𩽨	kwai4		0	205
𩽲	bin1		0	205
𩾷	go1	gwo1	1	205
𩿞	zaa6		0	205
𪀉	go1	gaa1	1	205
𪀔	si1		0	205
𪀾	git6		0	205
𪁏	sam4		0	205
𪂇	coeng1		0	205
𪂹	ceon1		0	205
𪂿	tai4		0	205
𪃏	mui2		0	205
𪃠	cik1		0	205
𪃡	hung4		0	205
𪃭	haak3		0	205
𪃳	jing1		0	205
𪃸	jip6		0	205
𪃾	jung4		0	205
𪄇	fu2		0	205
𪄣	huk6		0	205
𪄳	mak6		0	205
𪄴	faan4		0	205
𪄿	naan4	naan6	1	205
𪅐	mok6		0	205
𪅶	cong2		0	205
𪆃	tyun4		0	205
𪆒	ngaan6		0	205
𪆓	si1		0	205
𪆫	keoi4		0	205
𪆴	kwai4		0	205
𪆵	cik1		0	205
𪇟	juk6		0	205
𪇬	jyu4		0	205
𪇵	gong2	gwong2	1	205
𪈠	jing3		0	205
𪈳	lei4		0	205
𪊓	leon4		0	205
𪊟	sang1		0	205
𪊲	leon4		0	205
𪊴	syun1		0	205
𪊶	ting2		0	205
𪊺	leon4		0	205
𪊽	gwan1		0	205
𪋟	zoeng1		0	205
𪋿	buk1		0	205
𪍑	ciu2		0	205
𪎩	waa1		0	205
𪎭	mei4		0	205
𪏆	tan1		0	205
𪐀	naa1		0	205
𪐴	zyu2		0	205
𪑛	mei4		0	205
𪒬	nung1		0	205
𪓽	to4		0	205
𪔛	tou4		0	205
𪔜	tung4		0	205
𪕋	lau4		0	205
𪖐	jiu6		0	205
𪖖	man6		0	205
𪖗	ceoi4		0	205
𪖡	jit3		0	205
𪖷	liu6		0	205
𪗆	cai4		0	205
𪗉	zi1		0	205
𪗋	zi1		0	205
𪗪	ci1		0	205
𪘀	bing2	beng2	1	205
𪘁	kap6		0	205
𪘏	cuk1		0	205
𪘞	saau3		0	205
𪘩	wan5		0	205
𪘲	ji1		0	205
𪙊	jim6		0	205
𪙛	nak1		0	205
𪚩	gwi1		0	205
𪚮	jim4		0	205
𪜭	go3		0	205
𪠘	haai5		0	205
𪣝	zou6		0	205
𪣹	ting4		0	205
𪥌	hing1		0	205
𪩘	hin3		0	205
𪪺	wang4		0	205
𪯠	cai4	zi1	1	205
𪷤	lam5		0	205
𪷿	wing6		0	205
𪻱	king4		0	205
𪼽	zeoi6		0	205
𪽇	ho1		0	205
𪽏	leng6		0	205
𪾼	ai3		0	205
𫂙	cuk1		0	205
𫃰	saam1		0	205
𫉬	wok3	wok6	1	205
𫋐	gung3		0	205
𫎇	mung4		0	205
𫐮	leon4		0	205
𫑜	pui3		0	205
𫒢	hon2		0	205
𫖠	ci1		0	205
𫝑	sai3		0	205
𫠦	so2		0	205
𫣳	nung4		0	205
𫥇	bing1		0	205
𫥷	dyut1		0	205
𫩦	nip3		0	205
𫩽	hong3		0	205
𫩾	baan1		0	205
𫪌	zam6		0	205
𫪍	sam6		0	205
𫪢	ning6		0	205
𫪬	lang3		0	205
𫪱	saa2		0	205
𫪳	ceoi4		0	205
𫫃	e1		0	205
𫫄	ngaap3		0	205
𫫈	bap6		0	205
𫫢	bei6		0	205
𫫲	zeon6		0	205
𫫿	leng1	ling1	1	205
𫬀	doe1		0	205
𫬇	bok3		0	205
𫬒	saat3		0	205
𫬖	zoeng3		0	205
𫬘	baa3		0	205
𫬛	zeon6		0	205
𫬤	ne1		0	205
𫬥	sou4		0	205
𫬨	ang1		0	205
𫭀	gaam3		0	205
𫭁	lek1		0	205
𫮅	caam2		0	205
𫳑	am1		0	205
𫳗	dam6	tam5	1	205
𫵒	teoi4		0	205
𫵘	bei1		0	205
𫵱	cat6		0	205
𫺖	wit1		0	205
𫻚	ji3		0	205
𫼸	jaap3		0	205
𫽮	dong2		0	205
𬃪	ji2		0	205
𬈃	zaak6		0	205
𬈯	gaau3		0	205
𬈿	ning6		0	205
𬉡	jeoi5		0	205
𬉿	zek3		0	205
𬋩	gun2		0	205
𬎩	fau1		0	205
𬎿	lau4		0	205
𬐱	jim4		0	205
𬑡	cau2		0	205
𬒔	ang2	gang2	1	205
𬓵	jung4		0	205
𬔂	woi1		0	205
𬖋	jit3	et3 it3	1	205
𬘃	saa1		0	205
𬜯	long5		0	205
𬢿	tap1		0	205
𬥎	jin4		0	205
𬦠	naai2		0	205
𬧄	gung3		0	205
𬧟	nong1		0	205
𬧯	biu6		0	205
𬨨	gwo3		0	205
𬳯	caam1		0	205
𬸳	gaan2		0	205
𬺞	gwai1		0	205
𬽈	zik6		0	205
𭀀	ban3		0	205
𭁹	gwaa3		0	205
𭂅	hin3		0	205
𭃂	loeng2		0	205
𭄸	leoi5		0	205
𭈓	sai2		0	205
𭊑	coi1		0	205
𭋦	ze1		0	205
𭎞	dau6		0	205
𭑧	noeng4		0	205
𭔃	gei3		0	205
𭘧	daai3		0	205
𭘻	zing3		0	205
𭣄	laam2		0	205
𭣳	dyut6		0	205
𭩊	oi3		0	205
𭭋	joeng5		0	205
𭭚	seoi3		0	205
𭮀	si2		0	205
𭰁	wui4		0	205
𭰔	hung1		0	205
𭹀	zan1		0	205
𮅕	syun3		0	205
𮊁	gwu2	gwu1	1	205
𮏄	kwan2	kwan5	1	205
𮔉	mat6		0	205
𮖽	sin1		0	205
𮞽	bin1		0	205
𮟏	seoi6		0	205
𮵽	zoeng1		0	205
勇	jung5		0	205
吆	jiu1		0	205
咢	ngok6		0	205
屮	cit3		0	205
弢	tou1		0	205
慈	ci4		0	205
晉	zeon3		0	205
芳	fong1		0	205
䕫	kwai4		0	205
蜨	sip3		0	205
貫	gun3		0	205
𰉡	dung1		0	205
𰔝	cou3	cou1	1	205
𰔫	tan3		0	205
𰕩	saau1		0	205
𰗣	zaap6		0	205
𰧒	taap3		0	205
𰲃	gau6		0	205
𱍐	si6		0	205
𱔍	dau3		0	205
𱕦	haai4		0	205
𱗚	jung5		0	205
𱮐	nou6		0	205
𱯍	go1		0	205
𱰮	ling4		0	205
𱱗	zing1		0	205
𱽚	joek6		0	205
𱽜	ngai6		0	205
𲋟	mong5		0	205
